name,regulation,code,rarity,price_a,price_a_minus,price_b,price_c,price_d,price_state,price_rush,img,sort_price
ミュウ LV.23 【★】{旧裏}[その他],,旧裏,★,"¥450,000","¥90,000","¥36,000","¥18,000","¥5,400",,"¥500,000",https://files.cardrush.media/pokemon/ocha_products/76803.webp,450000
ナツメのゲンガー LV.42 【-】{旧裏}[その他],,旧裏,-,"¥450,000","¥90,000","¥36,000","¥18,000","¥5,400",,"¥500,000",https://files.cardrush.media/pokemon/ocha_products/81745.webp,450000
レックウザ 【P】{075/L-P}[その他],状態減額大,075/L-P,P,"¥450,000","¥220,000","¥90,000","¥45,000","¥13,000",,"¥500,000",https://files.cardrush.media/pokemon/ocha_products/20912.webp,450000
レジアイス☆ アンリミ【☆】{033/086}[その他],OLDP,033/086,☆,"¥450,000","¥220,000","¥90,000","¥45,000","¥13,000",,"¥500,000",https://files.cardrush.media/pokemon/ocha_products/7648.webp,450000
レジロック☆ アンリミ【☆】{059/086}[その他],OLDP,059/086,☆,"¥450,000","¥220,000","¥90,000","¥45,000","¥13,000",,"¥500,000",https://files.cardrush.media/pokemon/ocha_products/7744.webp,450000
レジスチル☆ アンリミ【☆】{076/086}[その他],OLDP,076/086,☆,"¥450,000","¥220,000","¥90,000","¥45,000","¥13,000",,"¥500,000",https://files.cardrush.media/pokemon/ocha_products/7687.webp,450000
＿のミュウ 【P】{013/PLAY}[その他],状態減額大,013/PLAY,P,"¥450,000","¥220,000","¥90,000","¥45,000","¥13,000",,"¥500,000",https://files.cardrush.media/pokemon/ocha_products/20976.webp,450000
レックウザex 【P】{029/PLAY}[その他],状態減額大,029/PLAY,P,"¥450,000","¥220,000","¥90,000","¥45,000","¥13,000",,"¥500,000",https://files.cardrush.media/pokemon/ocha_products/18805.webp,450000
エンテイ 【P】{062/L-P}[その他],OLDP,062/L-P,P,"¥450,000","¥220,000","¥90,000","¥45,000","¥13,000",,"¥500,000",https://files.cardrush.media/pokemon/ocha_products/6150.webp,450000
イーブイ ポケモンカードファンクラブ【P】{旧裏}[その他],P,旧裏,P,"¥450,000","¥90,000","¥36,000","¥18,000","¥5,400",,"¥500,000",https://files.cardrush.media/pokemon/ocha_products/6577.webp,450000
ミステリアス・パール 【-】{-}[その他],OLDP,-,-,"¥450,000","¥220,000","¥90,000","¥45,000","¥13,000",,"¥500,000",https://files.cardrush.media/pokemon/ocha_products/5650.webp,450000
ブースターVMAX SA仕様【P】{186/S-P}[その他],E,186/S-P,P,"¥450,000","¥290,000","¥200,000","¥90,000","¥22,000",,"¥450,000",https://files.cardrush.media/pokemon/ocha_products/22468.webp,450000
スズキサン 【P】{297/XY-P}[その他],P,297/XY-P,P,"¥450,000","¥220,000","¥90,000","¥45,000","¥13,000",,"¥450,000",https://files.cardrush.media/pokemon/ocha_products/756.webp,450000
ラティアス＆ラティオスGX SA【SR】{105/095}[sm9],C,105/095,SR,"¥420,000","¥270,000","¥180,000","¥84,000","¥21,000",,"¥420,000",https://files.cardrush.media/pokemon/ocha_products/2702.webp,420000
ミュウ 30th【-】{B/RGB}[M6a],J,B/RGB,-,"¥420,000","¥270,000","¥180,000","¥84,000","¥21,000",,"¥420,000",https://files.cardrush.media/pokemon/ocha_products/85243.webp,420000
ゲンガー LV.38 【★】{旧裏}[その他],,旧裏,★,"¥400,000","¥80,000","¥32,000","¥16,000","¥4,800",,"¥450,000",https://files.cardrush.media/pokemon/ocha_products/76801.webp,400000
わるいリザードン LV.38 【★】{旧裏}[その他],,旧裏,★,"¥400,000","¥80,000","¥32,000","¥16,000","¥4,800",,"¥450,000",https://files.cardrush.media/pokemon/ocha_products/76813.webp,400000
ブラッキー LV.40 【★】{旧裏}[その他],,旧裏,★,"¥400,000","¥80,000","¥32,000","¥16,000","¥4,800",,"¥450,000",https://files.cardrush.media/pokemon/ocha_products/76880.webp,400000
ブラッキー カードe/アンリミ【-】{068/092}[その他],状態減額大,068/092,-,"¥400,000","¥200,000","¥80,000","¥40,000","¥12,000",,"¥450,000",https://files.cardrush.media/pokemon/ocha_products/21971.webp,400000
クロバット 1ED/クリスタルタイプ【☆】{090/088}[その他],OLDP,090/088,☆,"¥400,000","¥200,000","¥80,000","¥40,000","¥12,000",,"¥450,000",https://files.cardrush.media/pokemon/ocha_products/6167.webp,400000
ゴローニャ 1ED/クリスタルタイプ【☆】{089/088}[その他],OLDP,089/088,☆,"¥400,000","¥200,000","¥80,000","¥40,000","¥12,000",,"¥450,000",https://files.cardrush.media/pokemon/ocha_products/6171.webp,400000
カブトプス 1ED/クリスタルタイプ【☆】{090/088}[その他],OLDP,090/088,☆,"¥400,000","¥200,000","¥80,000","¥40,000","¥12,000",,"¥450,000",https://files.cardrush.media/pokemon/ocha_products/6173.webp,400000
ニドキング 1ED/クリスタルタイプ【☆】{088/087}[その他],OLDP,088/087,☆,"¥400,000","¥200,000","¥80,000","¥40,000","¥12,000",,"¥450,000",https://files.cardrush.media/pokemon/ocha_products/6177.webp,400000
キングドラ 1ED/クリスタルタイプ【☆】{089/087}[その他],OLDP,089/087,☆,"¥400,000","¥200,000","¥80,000","¥40,000","¥12,000",,"¥450,000",https://files.cardrush.media/pokemon/ocha_products/6179.webp,400000
ゲンガーEX 【SR】{090/088}[XY1],状態減額大,090/088,SR,"¥400,000","¥200,000","¥80,000","¥40,000","¥12,000",,"¥450,000",https://files.cardrush.media/pokemon/ocha_products/6201.webp,400000
ミュウEX 【SR】{051/050}[その他],状態減額大,051/050,SR,"¥400,000","¥200,000","¥80,000","¥40,000","¥12,000",,"¥450,000",https://files.cardrush.media/pokemon/ocha_products/3708.webp,400000
ミュウ 30th【-】{G/RGB}[M6a],J,G/RGB,-,"¥400,000","¥260,000","¥180,000","¥80,000","¥20,000",,"¥400,000",https://files.cardrush.media/pokemon/ocha_products/85242.webp,400000
アセロラ 【SR】{056/049}[sm2+],A,056/049,SR,"¥400,000","¥260,000","¥180,000","¥80,000","¥20,000",,"¥400,000",https://files.cardrush.media/pokemon/ocha_products/159.webp,400000
ピカチュウEX 【SR】{094/087}[CP6],PIKA,094/087,SR,"¥370,000","¥180,000","¥74,000","¥37,000","¥11,000",,"¥420,000",https://files.cardrush.media/pokemon/ocha_products/1169.webp,370000
カメックス LV.52 マークあり【★】{旧裏}[その他],,旧裏,★,"¥360,000","¥72,000","¥28,000","¥14,000","¥4,300",,"¥400,000",https://files.cardrush.media/pokemon/ocha_products/47248.webp,360000
ルギア LV.45 【★】{旧裏}[その他],,旧裏,★,"¥360,000","¥72,000","¥28,000","¥14,000","¥4,300",,"¥400,000",https://files.cardrush.media/pokemon/ocha_products/76867.webp,360000
わるいゲンガー LV.32 【★】{旧裏}[その他],,旧裏,★,"¥360,000","¥72,000","¥28,000","¥14,000","¥4,300",,"¥400,000",https://files.cardrush.media/pokemon/ocha_products/76912.webp,360000
リザードン LV.76 とりかえっこプリーズ！【★】{旧裏}[その他],,旧裏,★,"¥360,000","¥72,000","¥28,000","¥14,000","¥4,300",,"¥400,000",https://files.cardrush.media/pokemon/ocha_products/1596.webp,360000
GR団のミュウツー LV.35 【-】{旧裏}[その他],,旧裏,-,"¥360,000","¥72,000","¥28,000","¥14,000","¥4,300",,"¥400,000",https://files.cardrush.media/pokemon/ocha_products/76924.webp,360000
フーディン LV.45 通信進化キャンペーン【★】{旧裏}[その他],,旧裏,★,"¥360,000","¥72,000","¥28,000","¥14,000","¥4,300",,"¥400,000",https://files.cardrush.media/pokemon/ocha_products/69725.webp,360000
R団のペルシアンex 【P】{053/PCG-P}[その他],状態減額大,053/PCG-P,P,"¥360,000","¥180,000","¥72,000","¥36,000","¥10,000",,"¥400,000",https://files.cardrush.media/pokemon/ocha_products/37268.webp,360000
ピカチュウ 【P】{016/DPt-P}[その他],PIKA,016/DPt-P,P,"¥360,000","¥180,000","¥72,000","¥36,000","¥10,000",,"¥400,000",https://files.cardrush.media/pokemon/ocha_products/40456.webp,360000
＿のピカチュウ LV.17 ポケモンカードになったわけ6【P】{旧裏}[その他],PIKA,旧裏,P,"¥360,000","¥72,000","¥28,000","¥14,000","¥4,300",,"¥400,000",https://files.cardrush.media/pokemon/ocha_products/88.webp,360000
リザードン カードe【★】{103/128}[その他],状態減額大,103/128,★,"¥360,000","¥180,000","¥72,000","¥36,000","¥10,000",,"¥400,000",https://files.cardrush.media/pokemon/ocha_products/18765.webp,360000
レックウザ 【UR】{055/050}[BW5],状態減額大,055/050,UR,"¥360,000","¥180,000","¥72,000","¥36,000","¥10,000",,"¥400,000",https://files.cardrush.media/pokemon/ocha_products/6508.webp,360000
R団のミュウツーex 【R】{064/084}[その他],状態減額大,064/084,R,"¥360,000","¥180,000","¥72,000","¥36,000","¥10,000",,"¥400,000",https://files.cardrush.media/pokemon/ocha_products/3870.webp,360000
レシラム 15周年【SR】{055/053}[その他],OLDP,055/053,SR,"¥360,000","¥180,000","¥72,000","¥36,000","¥10,000",,"¥400,000",https://files.cardrush.media/pokemon/ocha_products/5235.webp,360000
ゼクロム 15周年【SR】{055/053}[その他],OLDP,055/053,SR,"¥360,000","¥180,000","¥72,000","¥36,000","¥10,000",,"¥400,000",https://files.cardrush.media/pokemon/ocha_products/5236.webp,360000
スイクン 【P】{063/L-P}[その他],OLDP,063/L-P,P,"¥360,000","¥180,000","¥72,000","¥36,000","¥10,000",,"¥400,000",https://files.cardrush.media/pokemon/ocha_products/6149.webp,360000
ピカチュウ マクドナルド【-】{010/018}[PIKA],状態減額大,010/018,-,"¥360,000","¥180,000","¥72,000","¥36,000","¥10,000",,"¥400,000",https://files.cardrush.media/pokemon/ocha_products/36841.webp,360000
ゲンガー カードe【★】{044/088}[e],EX,044/088,★,"¥360,000","¥180,000","¥72,000","¥36,000","¥10,000",,"¥400,000",https://files.cardrush.media/pokemon/ocha_products/18761.webp,360000
ミュウEX 【SR】{024/020}[SC],状態減額大,024/020,SR,"¥360,000","¥180,000","¥72,000","¥36,000","¥10,000",,"¥400,000",https://files.cardrush.media/pokemon/ocha_products/3707.webp,360000
ブラッキーEX 【SR】{082/078}[XY10],EX,082/078,SR,"¥360,000","¥180,000","¥72,000","¥36,000","¥10,000",,"¥400,000",https://files.cardrush.media/pokemon/ocha_products/14311.webp,360000
ブラッキーVMAX SA【HR】{095/069}[S6a],E,095/069,HR,"¥350,000","¥220,000","¥150,000","¥70,000","¥17,000",,"¥350,000",https://files.cardrush.media/pokemon/ocha_products/20761.webp,350000
メガリザードンYex MUR仕様【-】{766/742}[MC],J,766/742,-,"¥350,000","¥220,000","¥150,000","¥70,000","¥17,000",,"¥350,000",https://files.cardrush.media/pokemon/ocha_products/75877.webp,350000
リーリエ 【SR】{066/060}[sm1M],A,066/060,SR,"¥350,000","¥220,000","¥150,000","¥70,000","¥17,000",,"¥350,000",https://files.cardrush.media/pokemon/ocha_products/1586.webp,350000
バトルロードスタジアム バトルロードオータム2005【P】{117/PCG-P}[その他],P,117/PCG-P,P,"¥350,000","¥170,000","¥70,000","¥35,000","¥10,000",,"¥350,000",https://files.cardrush.media/pokemon/ocha_products/6847.webp,350000
コイキング 20thアニバーサリー【P】{XY-P}[その他],P,XY-P,P,"¥350,000","¥170,000","¥70,000","¥35,000","¥10,000",,"¥350,000",https://files.cardrush.media/pokemon/ocha_products/14301.webp,350000
バトルロードスタジアム  バトルロードスタジアムDPクリア賞【P】{-}[その他],P,-,P,"¥330,000","¥160,000","¥66,000","¥33,000","¥9,900",,"¥330,000",https://files.cardrush.media/pokemon/ocha_products/7682.webp,330000
フシギバナ LV.67 マークあり【★】{旧裏}[その他],,旧裏,★,"¥310,000","¥62,000","¥24,000","¥12,000","¥3,700",,"¥350,000",https://files.cardrush.media/pokemon/ocha_products/1246.webp,310000
シャワーズ LV.42 【★】{旧裏}[その他],,旧裏,★,"¥310,000","¥62,000","¥24,000","¥12,000","¥3,700",,"¥350,000",https://files.cardrush.media/pokemon/ocha_products/76784.webp,310000
カビゴン LV.20 【★】{旧裏}[その他],,旧裏,★,"¥310,000","¥62,000","¥24,000","¥12,000","¥3,700",,"¥350,000",https://files.cardrush.media/pokemon/ocha_products/76792.webp,310000
あったかピカチュウ 【P】{094/XY-P}[その他],PIKA,094/XY-P,P,"¥310,000","¥150,000","¥62,000","¥31,000","¥9,300",,"¥350,000",https://files.cardrush.media/pokemon/ocha_products/160.webp,310000
あったかピカチュウ 【P】{095/XY-P}[その他],PIKA,095/XY-P,P,"¥310,000","¥150,000","¥62,000","¥31,000","¥9,300",,"¥350,000",https://files.cardrush.media/pokemon/ocha_products/161.webp,310000
あったかピカチュウ 【P】{096/XY-P}[その他],PIKA,096/XY-P,P,"¥310,000","¥150,000","¥62,000","¥31,000","¥9,300",,"¥350,000",https://files.cardrush.media/pokemon/ocha_products/162.webp,310000
あったかピカチュウ 【P】{097/XY-P}[その他],PIKA,097/XY-P,P,"¥310,000","¥150,000","¥62,000","¥31,000","¥9,300",,"¥350,000",https://files.cardrush.media/pokemon/ocha_products/163.webp,310000
＿のピカチュウ LV.17 セカンドアニバーサリースペシャルカード【P】{旧裏}[その他],PIKA,旧裏,P,"¥310,000","¥62,000","¥24,000","¥12,000","¥3,700",,"¥350,000",https://files.cardrush.media/pokemon/ocha_products/87.webp,310000
クロバット アンリミ/クリスタルタイプ【☆】{090/088}[その他],OLDP,090/088,☆,"¥310,000","¥150,000","¥62,000","¥31,000","¥9,300",,"¥350,000",https://files.cardrush.media/pokemon/ocha_products/6168.webp,310000
ゴローニャ アンリミ/クリスタルタイプ【☆】{089/088}[その他],OLDP,089/088,☆,"¥310,000","¥150,000","¥62,000","¥31,000","¥9,300",,"¥350,000",https://files.cardrush.media/pokemon/ocha_products/6172.webp,310000
カブトプス アンリミ/クリスタルタイプ【☆】{090/088}[その他],OLDP,090/088,☆,"¥310,000","¥150,000","¥62,000","¥31,000","¥9,300",,"¥350,000",https://files.cardrush.media/pokemon/ocha_products/6174.webp,310000
ニドキング アンリミ/クリスタルタイプ【☆】{088/087}[その他],OLDP,088/087,☆,"¥310,000","¥150,000","¥62,000","¥31,000","¥9,300",,"¥350,000",https://files.cardrush.media/pokemon/ocha_products/6178.webp,310000
キングドラ アンリミ/クリスタルタイプ【☆】{089/087}[その他],OLDP,089/087,☆,"¥310,000","¥150,000","¥62,000","¥31,000","¥9,300",,"¥350,000",https://files.cardrush.media/pokemon/ocha_products/6180.webp,310000
ミュウδ-デルタ種 【P】{148/PCG-P}[その他],OLDP,148/PCG-P,P,"¥310,000","¥150,000","¥62,000","¥31,000","¥9,300",,"¥350,000",https://files.cardrush.media/pokemon/ocha_products/4316.webp,310000
ポケパークのピカチュウ 【-】{004/009}[その他],PIKA,004/009,-,"¥310,000","¥150,000","¥62,000","¥31,000","¥9,300",,"¥350,000",https://files.cardrush.media/pokemon/ocha_products/2855.webp,310000
セレビィex 【P】{006/PLAY}[その他],OLDP,006/PLAY,P,"¥310,000","¥150,000","¥62,000","¥31,000","¥9,300",,"¥350,000",https://files.cardrush.media/pokemon/ocha_products/5635.webp,310000
ライコウ 【P】{064/L-P}[その他],OLDP,064/L-P,P,"¥310,000","¥150,000","¥62,000","¥31,000","¥9,300",,"¥350,000",https://files.cardrush.media/pokemon/ocha_products/6151.webp,310000
ヒトカゲ マクドナルド【P】{004/018}[e+],状態減額大,004/018,P,"¥310,000","¥150,000","¥62,000","¥31,000","¥9,300",,"¥350,000",https://files.cardrush.media/pokemon/ocha_products/20992.webp,310000
MレックウザEX 【SR】{086/078}[XY6],状態減額大,086/078,SR,"¥310,000","¥150,000","¥62,000","¥31,000","¥9,300",,"¥350,000",https://files.cardrush.media/pokemon/ocha_products/113.webp,310000
ゼクロムGX SR仕様【P】{239/SM-P}[その他],B,239/SM-P,P,"¥300,000","¥190,000","¥130,000","¥60,000","¥15,000",,"¥300,000",https://files.cardrush.media/pokemon/ocha_products/770.webp,300000
プレイヤーズセレモニー 2018【P】{248/SM-P}[その他],B,248/SM-P,P,"¥300,000","¥190,000","¥130,000","¥60,000","¥15,000",,"¥300,000",https://files.cardrush.media/pokemon/ocha_products/2023.webp,300000
コダック ポケキュンコレクション【P】{XY-P}[その他],PROMO,XY-P,P,"¥280,000","¥140,000","¥56,000","¥28,000","¥8,400",,"¥320,000",https://files.cardrush.media/pokemon/ocha_products/18785.webp,280000
ボスごっこピカチュウ ロケット団 【P】{191/SM-P}[その他],PIKA,191/SM-P,P,"¥280,000","¥140,000","¥56,000","¥28,000","¥8,400",,"¥320,000",https://files.cardrush.media/pokemon/ocha_products/1394.webp,280000
ミュウツーGX SR仕様【-】{082/072}[sm3+],A,082/072,-,"¥280,000","¥180,000","¥120,000","¥56,000","¥14,000",,"¥280,000",https://files.cardrush.media/pokemon/ocha_products/1507.webp,280000
オムスター LV.36 通信進化キャンペーン【★】{旧裏}[その他],,旧裏,★,"¥270,000","¥54,000","¥21,000","¥10,000","¥3,200",,"¥300,000",https://files.cardrush.media/pokemon/ocha_products/69723.webp,270000
カイリキー LV.54 通信進化キャンペーン【★】{旧裏}[その他],,旧裏,★,"¥270,000","¥54,000","¥21,000","¥10,000","¥3,200",,"¥300,000",https://files.cardrush.media/pokemon/ocha_products/69724.webp,270000
ゴローニャ LV.37 通信進化キャンペーン【★】{旧裏}[その他],,旧裏,★,"¥270,000","¥54,000","¥21,000","¥10,000","¥3,200",,"¥300,000",https://files.cardrush.media/pokemon/ocha_products/69726.webp,270000
ミュウ LV.5 【-】{旧裏}[その他],,旧裏,-,"¥270,000","¥54,000","¥21,000","¥10,000","¥3,200",,"¥300,000",https://files.cardrush.media/pokemon/ocha_products/76965.webp,270000
ピカチュウ LV.12 マークあり【●】{旧裏}[その他],,旧裏,●,"¥270,000","¥54,000","¥21,000","¥10,000","¥3,200",,"¥300,000",https://files.cardrush.media/pokemon/ocha_products/78017.webp,270000
オカルトマニア SR仕様【-】{181/171}[XY],EX,181/171,-,"¥270,000","¥130,000","¥54,000","¥27,000","¥8,100",,"¥300,000",https://files.cardrush.media/pokemon/ocha_products/288.webp,270000
ピカチュウ 【RR】{010/032}[CP3],PIKA,010/032,RR,"¥270,000","¥130,000","¥54,000","¥27,000","¥8,100",,"¥300,000",https://files.cardrush.media/pokemon/ocha_products/1159.webp,270000
ピカチュウ バトルフェスタ2015【P】{175/XY-P}[その他],PIKA,175/XY-P,P,"¥270,000","¥130,000","¥54,000","¥27,000","¥8,100",,"¥300,000",https://files.cardrush.media/pokemon/ocha_products/1139.webp,270000
日本代表のピカチュウ 【P】{050/XY-P}[その他],PIKA,050/XY-P,P,"¥270,000","¥130,000","¥54,000","¥27,000","¥8,100",,"¥300,000",https://files.cardrush.media/pokemon/ocha_products/976.webp,270000
ピカチュウδ-デルタ種 バトルロードオータム2005金箔押し【P】{113/PCG-P}[その他],PIKA,113/PCG-P,P,"¥270,000","¥130,000","¥54,000","¥27,000","¥8,100",,"¥300,000",https://files.cardrush.media/pokemon/ocha_products/7645.webp,270000
ゲンガーLV.X 【★】{043/090}[その他],EX,043/090,★,"¥270,000","¥130,000","¥54,000","¥27,000","¥8,100",,"¥300,000",https://files.cardrush.media/pokemon/ocha_products/58635.webp,270000
レックウザCLV.X 【★】{079/100}[その他],EX,079/100,★,"¥270,000","¥130,000","¥54,000","¥27,000","¥8,100",,"¥300,000",https://files.cardrush.media/pokemon/ocha_products/58631.webp,270000
＿のレックウザ 【-】{021/PLAY}[その他],状態減額大,021/PLAY,-,"¥270,000","¥130,000","¥54,000","¥27,000","¥8,100",,"¥300,000",https://files.cardrush.media/pokemon/ocha_products/18825.webp,270000
ルギアex 【P】{031/PLAY}[その他],状態減額大,031/PLAY,P,"¥270,000","¥130,000","¥54,000","¥27,000","¥8,100",,"¥300,000",https://files.cardrush.media/pokemon/ocha_products/18783.webp,270000
勝利のメダル 金2005/ピカチュウ/ジム☆ファイナル-地区代表決定戦-入賞者プレゼント【P】{WAL-79B-Y9R}[その他],状態減額大,WAL-79B-Y9R,P,"¥270,000","¥130,000","¥54,000","¥27,000","¥8,100",,"¥300,000",https://files.cardrush.media/pokemon/ocha_products/22538.webp,270000
MリザードンEX Y【SR】{091/087}[その他],状態減額大,091/087,SR,"¥270,000","¥130,000","¥54,000","¥27,000","¥8,100",,"¥300,000",https://files.cardrush.media/pokemon/ocha_products/5055.webp,270000
ピカチュウ＆ゼクロムGX SA【SR】{101/095}[sm9],C,101/095,SR,"¥270,000","¥170,000","¥120,000","¥54,000","¥13,000",,"¥270,000",https://files.cardrush.media/pokemon/ocha_products/2698.webp,270000
ピカチュウ リミテッドコレクション/SR仕様【P】{400/SM-P}[その他],PIKA,400/SM-P,P,"¥250,000","¥120,000","¥50,000","¥25,000","¥7,500",,"¥320,000",https://files.cardrush.media/pokemon/ocha_products/6860.webp,250000
団員ごっこピカチュウ 【P】{014/SM-P}[その他],PIKA,014/SM-P,P,"¥250,000","¥120,000","¥50,000","¥25,000","¥7,500",,"¥280,000",https://files.cardrush.media/pokemon/ocha_products/889.webp,250000
ピカチュウ ともだちのわ【P】{XY-P}[その他],PIKA,XY-P,P,"¥250,000","¥120,000","¥50,000","¥25,000","¥7,500",,"¥280,000",https://files.cardrush.media/pokemon/ocha_products/1158.webp,250000
ピカチュウ チャンピオンズリーグ2017【P】{068/SM-P}[その他],PIKA,068/SM-P,P,"¥250,000","¥120,000","¥50,000","¥25,000","¥7,500",,"¥280,000",https://files.cardrush.media/pokemon/ocha_products/1162.webp,250000
ゲンガー＆ミミッキュGX SA【SR】{103/095}[sm9],C,103/095,SR,"¥250,000","¥160,000","¥110,000","¥50,000","¥12,000",,"¥250,000",https://files.cardrush.media/pokemon/ocha_products/2700.webp,250000
コダック ムンク【P】{286/SM-P}[その他],B,286/SM-P,P,"¥250,000","¥160,000","¥110,000","¥50,000","¥12,000",,"¥250,000",https://files.cardrush.media/pokemon/ocha_products/2589.webp,250000
リザードンGX 【HR】{058/051}[sm3H],A,058/051,HR,"¥250,000","¥160,000","¥110,000","¥50,000","¥12,000",,"¥250,000",https://files.cardrush.media/pokemon/ocha_products/1599.webp,250000
ミュウツーGX SR仕様【P】{363/SM-P}[その他],C,363/SM-P,P,"¥250,000","¥160,000","¥110,000","¥50,000","¥12,000",,"¥250,000",https://files.cardrush.media/pokemon/ocha_products/5094.webp,250000
カビゴンLV.X 【P】{127/DP-P}[その他],PROMO,127/DP-P,P,"¥240,000","¥120,000","¥48,000","¥24,000","¥7,200",,"¥270,000",https://files.cardrush.media/pokemon/ocha_products/18829.webp,240000
リザードンEX 【SR】{090/087}[その他],状態減額大,090/087,SR,"¥240,000","¥120,000","¥48,000","¥24,000","¥7,200",,"¥270,000",https://files.cardrush.media/pokemon/ocha_products/3840.webp,240000
ギャラドス LV.41 マークあり【★】{旧裏}[その他],,旧裏,★,"¥220,000","¥44,000","¥17,000","¥8,800","¥2,600",,"¥250,000",https://files.cardrush.media/pokemon/ocha_products/76767.webp,220000
サンダース LV.29 【★】{旧裏}[その他],,旧裏,★,"¥220,000","¥44,000","¥17,000","¥8,800","¥2,600",,"¥250,000",https://files.cardrush.media/pokemon/ocha_products/76786.webp,220000
リザードン LV.78 【-】{旧裏}[その他],,旧裏,-,"¥220,000","¥44,000","¥17,000","¥8,800","¥2,600",,"¥250,000",https://files.cardrush.media/pokemon/ocha_products/76943.webp,220000
焼けた塔 よみがえる伝説【P】{052/L-P}[その他],HOF,052/L-P,P,"¥220,000","¥110,000","¥44,000","¥22,000","¥6,600",,"¥250,000",https://files.cardrush.media/pokemon/ocha_products/5662.webp,220000
ミュウ グレート【R】{018/040}[その他],状態減額大,018/040,R,"¥220,000","¥110,000","¥44,000","¥22,000","¥6,600",,"¥250,000",https://files.cardrush.media/pokemon/ocha_products/3705.webp,220000
イースターのピカチュウ 【P】{055/SM-P}[その他],PIKA,055/SM-P,P,"¥220,000","¥110,000","¥44,000","¥22,000","¥6,600",,"¥250,000",https://files.cardrush.media/pokemon/ocha_products/194.webp,220000
ピカチュウ カードフェスタ2017【P】{061/SM-P}[その他],PIKA,061/SM-P,P,"¥220,000","¥110,000","¥44,000","¥22,000","¥6,600",,"¥250,000",https://files.cardrush.media/pokemon/ocha_products/1132.webp,220000
ピカチュウ 【P】{199/SM-P}[その他],PIKA,199/SM-P,P,"¥220,000","¥110,000","¥44,000","¥22,000","¥6,600",,"¥250,000",https://files.cardrush.media/pokemon/ocha_products/1141.webp,220000
火消し姿のピカチュウ 【P】{209/SM-P}[その他],PIKA,209/SM-P,P,"¥220,000","¥110,000","¥44,000","¥22,000","¥6,600",,"¥250,000",https://files.cardrush.media/pokemon/ocha_products/1182.webp,220000
ゲンガーex 【☆】{048/082}[P1],その他,048/082,☆,"¥220,000","¥110,000","¥44,000","¥22,000","¥6,600",,"¥250,000",https://files.cardrush.media/pokemon/ocha_products/65665.webp,220000
MレックウザEX 【UR】{095/081}[XY7],状態減額大,095/081,UR,"¥220,000","¥110,000","¥44,000","¥22,000","¥6,600",,"¥250,000",https://files.cardrush.media/pokemon/ocha_products/1710.webp,220000
MリザードンEX X【UR】{089/080}[その他],状態減額大,089/080,UR,"¥220,000","¥110,000","¥44,000","¥22,000","¥6,600",,"¥250,000",https://files.cardrush.media/pokemon/ocha_products/3851.webp,220000
おしえテレビのおにいさん 【-】{-}[その他],P,-,-,"¥220,000","¥110,000","¥44,000","¥22,000","¥6,600",,"¥220,000",https://files.cardrush.media/pokemon/ocha_products/7685.webp,220000
わるいカイリュー LV.33 【★】{旧裏}[その他],,旧裏,★,"¥210,000","¥42,000","¥16,000","¥8,400","¥2,500",,"¥240,000",https://files.cardrush.media/pokemon/ocha_products/76822.webp,210000
イーブイ ムンク【P】{287/SM-P}[その他],B,287/SM-P,P,"¥200,000","¥130,000","¥90,000","¥40,000","¥10,000",,"¥200,000",https://files.cardrush.media/pokemon/ocha_products/2590.webp,200000
リザードンV SR仕様【P】{103/S-P}[その他],D,103/S-P,P,"¥200,000","¥130,000","¥90,000","¥40,000","¥10,000",,"¥200,000",https://files.cardrush.media/pokemon/ocha_products/14316.webp,200000
グズマ SR仕様【P】{396/SM-P}[その他],A,396/SM-P,P,"¥200,000","¥130,000","¥90,000","¥40,000","¥10,000",,"¥200,000",https://files.cardrush.media/pokemon/ocha_products/6160.webp,200000
ブースター LV.28 【★】{旧裏}[その他],,旧裏,★,"¥190,000","¥38,000","¥15,000","¥7,600","¥2,200",,"¥220,000",https://files.cardrush.media/pokemon/ocha_products/76783.webp,190000
ホウオウ LV.45 【★】{旧裏}[その他],,旧裏,★,"¥190,000","¥38,000","¥15,000","¥7,600","¥2,200",,"¥220,000",https://files.cardrush.media/pokemon/ocha_products/76891.webp,190000
ギャラドス 乱戦！ポケモンスクランブル【-】{006/016}[乱],EX,006/016,-,"¥190,000","¥95,000","¥38,000","¥19,000","¥5,700",,"¥220,000",https://files.cardrush.media/pokemon/ocha_products/48295.webp,190000
ポンチョを着たピカチュウ 【P】{037/SM-P}[その他],PIKA,037/SM-P,P,"¥190,000","¥95,000","¥38,000","¥19,000","¥5,700",,"¥220,000",https://files.cardrush.media/pokemon/ocha_products/1419.webp,190000
ポンチョを着たピカチュウ 【P】{038/SM-P}[その他],PIKA,038/SM-P,P,"¥190,000","¥95,000","¥38,000","¥19,000","¥5,700",,"¥220,000",https://files.cardrush.media/pokemon/ocha_products/1420.webp,190000
ピカチュウ 日本語/緑背景【-】{PW}[その他],,PW,-,"¥190,000","¥95,000","¥38,000","¥19,000","¥5,700",,"¥220,000",https://files.cardrush.media/pokemon/ocha_products/71487.webp,190000
フウロ 【SR】{076/070}[BW7青],D,076/070,SR,"¥190,000","¥120,000","¥85,000","¥38,000","¥9,500",,"¥190,000",https://files.cardrush.media/pokemon/ocha_products/1214.webp,190000
ポンチョを着たピカチュウ 【P】{203/XY-P}[その他],PIKA,203/XY-P,P,"¥180,000","¥90,000","¥36,000","¥18,000","¥5,400",,"¥210,000",https://files.cardrush.media/pokemon/ocha_products/1421.webp,180000
ライチュウ LV.40 マークあり【★】{旧裏}[その他],,旧裏,★,"¥180,000","¥36,000","¥14,000","¥7,200","¥2,100",,"¥200,000",https://files.cardrush.media/pokemon/ocha_products/76768.webp,180000
サンダー LV.64 マークあり【★】{旧裏}[その他],,旧裏,★,"¥180,000","¥36,000","¥14,000","¥7,200","¥2,100",,"¥200,000",https://files.cardrush.media/pokemon/ocha_products/76770.webp,180000
カツラのリザードン LV.50 【★】{旧裏}[その他],,旧裏,★,"¥180,000","¥36,000","¥14,000","¥7,200","¥2,100",,"¥200,000",https://files.cardrush.media/pokemon/ocha_products/76841.webp,180000
R団のミュウツー LV.35 【★】{旧裏}[その他],,旧裏,★,"¥180,000","¥36,000","¥14,000","¥7,200","¥2,100",,"¥200,000",https://files.cardrush.media/pokemon/ocha_products/76847.webp,180000
カメックス LV.52 とりかえっこプリーズ！【★】{旧裏}[その他],,旧裏,★,"¥180,000","¥36,000","¥14,000","¥7,200","¥2,100",,"¥200,000",https://files.cardrush.media/pokemon/ocha_products/47249.webp,180000
とりかえっこプリーズ！ 【-】{旧裏}[その他],,旧裏,-,"¥180,000","¥36,000","¥14,000","¥7,200","¥2,100",,"¥200,000",https://files.cardrush.media/pokemon/ocha_products/80339.webp,180000
サンダー LV.28 キラ【-】{旧裏}[その他],,旧裏,-,"¥180,000","¥36,000","¥14,000","¥7,200","¥2,100",,"¥200,000",https://files.cardrush.media/pokemon/ocha_products/78019.webp,180000
フリーザー LV.34 キラ【-】{旧裏}[その他],,旧裏,-,"¥180,000","¥36,000","¥14,000","¥7,200","¥2,100",,"¥200,000",https://files.cardrush.media/pokemon/ocha_products/78021.webp,180000
レシラム 【SR】{022/020}[SC],状態減額大,022/020,SR,"¥180,000","¥90,000","¥36,000","¥18,000","¥5,400",,"¥200,000",https://files.cardrush.media/pokemon/ocha_products/18913.webp,180000
R団のカビゴンex 【★】{062/084}[その他],HOF,062/084,★,"¥180,000","¥90,000","¥36,000","¥18,000","¥5,400",,"¥200,000",https://files.cardrush.media/pokemon/ocha_products/37450.webp,180000
ボスごっこピカチュウ スカル団 【P】{197/SM-P}[その他],PIKA,197/SM-P,P,"¥180,000","¥90,000","¥36,000","¥18,000","¥5,400",,"¥200,000",https://files.cardrush.media/pokemon/ocha_products/1390.webp,180000
メガトウキョーのピカチュウ 【P】{098/XY-P}[その他],PIKA,098/XY-P,P,"¥180,000","¥90,000","¥36,000","¥18,000","¥5,400",,"¥200,000",https://files.cardrush.media/pokemon/ocha_products/1518.webp,180000
ピカチュウ 藤田ニコル【P】{XY-P}[その他],PIKA,XY-P,P,"¥180,000","¥90,000","¥36,000","¥18,000","¥5,400",,"¥200,000",https://files.cardrush.media/pokemon/ocha_products/1163.webp,180000
ピカチュウ 【P】{113/DP-P}[その他],状態減額大,113/DP-P,P,"¥180,000","¥90,000","¥36,000","¥18,000","¥5,400",,"¥200,000",https://files.cardrush.media/pokemon/ocha_products/20947.webp,180000
ピカチュウ 【P】{227/S-P}[その他],PIKA,227/S-P,P,"¥180,000","¥90,000","¥36,000","¥18,000","¥5,400",,"¥200,000",https://files.cardrush.media/pokemon/ocha_products/21890.webp,180000
リザードンδ-デルタ種 1ED【★】{032/075}[PCG8],状態減額大,032/075,★,"¥180,000","¥90,000","¥36,000","¥18,000","¥5,400",,"¥200,000",https://files.cardrush.media/pokemon/ocha_products/18779.webp,180000
リザードンGLV.X 【-】{002/016}[Pt],状態減額大,002/016,-,"¥180,000","¥90,000","¥36,000","¥18,000","¥5,400",,"¥200,000",https://files.cardrush.media/pokemon/ocha_products/18864.webp,180000
レックウザ 【-】{009/009}[その他],EX,009/009,-,"¥180,000","¥90,000","¥36,000","¥18,000","¥5,400",,"¥200,000",https://files.cardrush.media/pokemon/ocha_products/59131.webp,180000
ゲンガーVMAX SA【-】{020/019}[SGG],E,020/019,-,"¥180,000","¥110,000","¥81,000","¥36,000","¥9,000",,"¥180,000",https://files.cardrush.media/pokemon/ocha_products/20768.webp,180000
ニンフィアGX 【HR】{064/051}[sm1+],A,064/051,HR,"¥180,000","¥110,000","¥81,000","¥36,000","¥9,000",,"¥180,000",https://files.cardrush.media/pokemon/ocha_products/982.webp,180000
ミュウツー＆ミュウGX SA【SR】{098/094}[sm11],C,098/094,SR,"¥170,000","¥110,000","¥76,000","¥34,000","¥8,500",,"¥170,000",https://files.cardrush.media/pokemon/ocha_products/4674.webp,170000
ボスごっこピカチュウ アクア団 【P】{192/SM-P}[その他],PIKA,192/SM-P,P,"¥160,000","¥80,000","¥32,000","¥16,000","¥4,800",,"¥180,000",https://files.cardrush.media/pokemon/ocha_products/1388.webp,160000
ボスごっこピカチュウ ギンガ団 【P】{194/SM-P}[その他],PIKA,194/SM-P,P,"¥160,000","¥80,000","¥32,000","¥16,000","¥4,800",,"¥180,000",https://files.cardrush.media/pokemon/ocha_products/1389.webp,160000
ボスごっこピカチュウ プラズマ団 【P】{195/SM-P}[その他],PIKA,195/SM-P,P,"¥160,000","¥80,000","¥32,000","¥16,000","¥4,800",,"¥180,000",https://files.cardrush.media/pokemon/ocha_products/1391.webp,160000
ボスごっこピカチュウ フレア団 【P】{196/SM-P}[その他],PIKA,196/SM-P,P,"¥160,000","¥80,000","¥32,000","¥16,000","¥4,800",,"¥180,000",https://files.cardrush.media/pokemon/ocha_products/1392.webp,160000
ボスごっこピカチュウ マグマ団 【P】{193/SM-P}[その他],PIKA,193/SM-P,P,"¥160,000","¥80,000","¥32,000","¥16,000","¥4,800",,"¥180,000",https://files.cardrush.media/pokemon/ocha_products/1393.webp,160000
MゲンガーEX 【UR】{097/088}[XY4],状態減額大,097/088,UR,"¥160,000","¥80,000","¥32,000","¥16,000","¥4,800",,"¥180,000",https://files.cardrush.media/pokemon/ocha_products/6384.webp,160000
ディアルガEX SR仕様【-】{019/018}[XYB],状態減額大,019/018,-,"¥160,000","¥80,000","¥32,000","¥16,000","¥4,800",,"¥180,000",https://files.cardrush.media/pokemon/ocha_products/18903.webp,160000
ルカリオVSTAR HR仕様/当選通知書付き【P】{305/S-P}[その他],F,305/S-P,P,"¥160,000","¥100,000","¥72,000","¥32,000","¥8,000",,"¥160,000",https://files.cardrush.media/pokemon/ocha_products/40100.webp,160000
わるいカメックス LV.28 【★】{旧裏}[その他],,旧裏,★,"¥150,000","¥30,000","¥12,000","¥6,000","¥1,800",,"¥170,000",https://files.cardrush.media/pokemon/ocha_products/76814.webp,150000
ファイヤー LV.37 キラ【-】{旧裏}[その他],,旧裏,-,"¥150,000","¥30,000","¥12,000","¥6,000","¥1,800",,"¥170,000",https://files.cardrush.media/pokemon/ocha_products/78020.webp,150000
アイリス 【SR】{082/076}[その他],状態減額大,082/076,SR,"¥150,000","¥75,000","¥30,000","¥15,000","¥4,500",,"¥170,000",https://files.cardrush.media/pokemon/ocha_products/4295.webp,150000
ブースターEX 【RR】{007/032}[CP3],状態減額大,007/032,RR,"¥150,000","¥75,000","¥30,000","¥15,000","¥4,500",,"¥170,000",https://files.cardrush.media/pokemon/ocha_products/4066.webp,150000
ピカチュウ 日本語/青背景【-】{PW}[その他],,PW,-,"¥150,000","¥75,000","¥30,000","¥15,000","¥4,500",,"¥170,000",https://files.cardrush.media/pokemon/ocha_products/71486.webp,150000
アローラの仲間たち SR仕様【P】{401/SM-P}[その他],C,401/SM-P,P,"¥150,000","¥97,000","¥67,000","¥30,000","¥7,500",,"¥150,000",https://files.cardrush.media/pokemon/ocha_products/6859.webp,150000
チャンピオンズフェスティバル 2013【P】{BW-P}[その他],P,BW-P,P,"¥150,000","¥75,000","¥30,000","¥15,000","¥4,500",,"¥150,000",https://files.cardrush.media/pokemon/ocha_products/3688.webp,150000
ミュウ 【-】{017/036}[CP5],EX,017/036,-,"¥140,000","¥70,000","¥28,000","¥14,000","¥4,200",,"¥160,000",https://files.cardrush.media/pokemon/ocha_products/18490.webp,140000
モクロー ムンク【P】{290/SM-P}[その他],B,290/SM-P,P,"¥140,000","¥91,000","¥63,000","¥28,000","¥7,000",,"¥140,000",https://files.cardrush.media/pokemon/ocha_products/2588.webp,140000
ルチア 【SR】{104/096}[sm7],B,104/096,SR,"¥130,000","¥91,000","¥65,000","¥32,000","¥6,500",,"¥130,000",https://files.cardrush.media/pokemon/ocha_products/1631.webp,130000
ミュウツーEX 【SR】{095/087}[その他],状態減額大,095/087,SR,"¥130,000","¥75,000","¥30,000","¥7,500","¥1,500",,"¥150,000",https://files.cardrush.media/pokemon/ocha_products/3859.webp,130000
わるいフシギバナ LV.37 【-】{旧裏}[その他],,旧裏,-,"¥130,000","¥26,000","¥10,000","¥5,200","¥1,500",,"¥150,000",https://files.cardrush.media/pokemon/ocha_products/76922.webp,130000
ストライク LV.23 【-】{旧裏}[その他],,旧裏,-,"¥130,000","¥26,000","¥10,000","¥5,200","¥1,500",,"¥150,000",https://files.cardrush.media/pokemon/ocha_products/76923.webp,130000
ギラティナ SR仕様【-】{002/016}[その他],状態減額大,002/016,-,"¥130,000","¥65,000","¥26,000","¥13,000","¥3,900",,"¥150,000",https://files.cardrush.media/pokemon/ocha_products/4274.webp,130000
ダークライ 【P】{021/L-P}[その他],状態減額大,021/L-P,P,"¥130,000","¥65,000","¥26,000","¥13,000","¥3,900",,"¥150,000",https://files.cardrush.media/pokemon/ocha_products/45494.webp,130000
お公家さまと舞妓はんピカチュウ 【P】{221/XY-P}[その他],PIKA,221/XY-P,P,"¥130,000","¥65,000","¥26,000","¥13,000","¥3,900",,"¥150,000",https://files.cardrush.media/pokemon/ocha_products/292.webp,130000
サッポロのピカチュウ 【P】{005/SM-P}[その他],PIKA,005/SM-P,P,"¥130,000","¥65,000","¥26,000","¥13,000","¥3,900",,"¥150,000",https://files.cardrush.media/pokemon/ocha_products/634.webp,130000
ポケテレのADピカチュウ 【P】{056/XY-P}[その他],PIKA,056/XY-P,P,"¥130,000","¥65,000","¥26,000","¥13,000","¥3,900",,"¥150,000",https://files.cardrush.media/pokemon/ocha_products/1316.webp,130000
ピッチのピカチュウ 小学生以下【P】{XY-P}[その他],PIKA,XY-P,P,"¥130,000","¥65,000","¥26,000","¥13,000","¥3,900",,"¥150,000",https://files.cardrush.media/pokemon/ocha_products/2860.webp,130000
ヨコハマのピカチュウ 【P】{280/SM-P}[その他],PIKA,280/SM-P,P,"¥130,000","¥65,000","¥26,000","¥13,000","¥3,900",,"¥150,000",https://files.cardrush.media/pokemon/ocha_products/2856.webp,130000
ピカチュウδ-デルタ種 【P】{113/PCG-P}[その他],PIKA,113/PCG-P,P,"¥130,000","¥65,000","¥26,000","¥13,000","¥3,900",,"¥150,000",https://files.cardrush.media/pokemon/ocha_products/18784.webp,130000
ブラッキー 【P】{188/BW-P}[その他],状態減額大,188/BW-P,P,"¥130,000","¥65,000","¥26,000","¥13,000","¥3,900",,"¥150,000",https://files.cardrush.media/pokemon/ocha_products/22018.webp,130000
リザードンδ-デルタ種 アンリミ【★】{032/075}[PCG8],状態減額大,032/075,★,"¥130,000","¥65,000","¥26,000","¥13,000","¥3,900",,"¥150,000",https://files.cardrush.media/pokemon/ocha_products/18796.webp,130000
レックウザδ-デルタ種 【★】{043/086}[その他],EX,043/086,★,"¥130,000","¥65,000","¥26,000","¥13,000","¥3,900",,"¥150,000",https://files.cardrush.media/pokemon/ocha_products/56697.webp,130000
レックウザδ-デルタ種 【★】{015/052}[その他],EX,015/052,★,"¥130,000","¥65,000","¥26,000","¥13,000","¥3,900",,"¥150,000",https://files.cardrush.media/pokemon/ocha_products/56698.webp,130000
ブラッキーex 【-】{091/106}[その他],EX,091/106,-,"¥130,000","¥65,000","¥26,000","¥13,000","¥3,900",,"¥150,000",https://files.cardrush.media/pokemon/ocha_products/36756.webp,130000
ポケパークのピカチュウ 【P】{043/PCG-P}[その他],PIKA,043/PCG-P,P,"¥130,000","¥65,000","¥26,000","¥13,000","¥3,900",,"¥150,000",https://files.cardrush.media/pokemon/ocha_products/2854.webp,130000
＿のセレビィ 【P】{012/PLAY}[その他],状態減額大,012/PLAY,P,"¥130,000","¥65,000","¥26,000","¥13,000","¥3,900",,"¥150,000",https://files.cardrush.media/pokemon/ocha_products/20975.webp,130000
ミズキの検索 キラ【P】{-}[その他],,-,P,"¥130,000","¥65,000","¥26,000","¥13,000","¥3,900",,"¥150,000",https://files.cardrush.media/pokemon/ocha_products/35687.webp,130000
ミュウツーEX フォトンウェーブ【SR】{062/059}[その他],状態減額大,062/059,SR,"¥130,000","¥65,000","¥26,000","¥13,000","¥3,900",,"¥150,000",https://files.cardrush.media/pokemon/ocha_products/3858.webp,130000
モノマネむすめ キラ【P】{024/L-P}[その他],B,024/L-P,P,"¥130,000","¥84,000","¥58,000","¥26,000","¥6,500",,"¥130,000",https://files.cardrush.media/pokemon/ocha_products/4088.webp,130000
かんこうきゃく 【SR】{192/173}[sm12a],B,192/173,SR,"¥120,000","¥87,000","¥62,000","¥31,000","¥6,200",,"¥125,000",https://files.cardrush.media/pokemon/ocha_products/6077.webp,120000
レシラム＆リザードンGX SA【SR】{097/095}[sm10],C,097/095,SR,"¥120,000","¥84,000","¥60,000","¥30,000","¥6,000",,"¥120,000",https://files.cardrush.media/pokemon/ocha_products/3392.webp,120000
ブラッキー＆ダークライGX SA【SR】{182/173}[sm12a],C,182/173,SR,"¥120,000","¥84,000","¥60,000","¥30,000","¥6,000",,"¥120,000",https://files.cardrush.media/pokemon/ocha_products/6022.webp,120000
ギラティナV SA【SR】{111/100}[S11],F,111/100,SR,"¥120,000","¥84,000","¥60,000","¥30,000","¥6,000",,"¥120,000",https://files.cardrush.media/pokemon/ocha_products/36378.webp,120000
わるいライチュウ LV.31 【★】{旧裏}[その他],,旧裏,★,"¥120,000","¥24,000","¥9,600","¥4,800","¥1,400",,"¥140,000",https://files.cardrush.media/pokemon/ocha_products/76874.webp,120000
わるいエーフィ LV.32 【★】{旧裏}[その他],,旧裏,★,"¥120,000","¥24,000","¥9,600","¥4,800","¥1,400",,"¥140,000",https://files.cardrush.media/pokemon/ocha_products/76913.webp,120000
やさしいカイリュー LV.47 【★】{旧裏}[その他],,旧裏,★,"¥120,000","¥24,000","¥9,600","¥4,800","¥1,400",,"¥140,000",https://files.cardrush.media/pokemon/ocha_products/76917.webp,120000
N SR仕様【-】{180/171}[XY],EX,180/171,-,"¥120,000","¥60,000","¥24,000","¥12,000","¥3,600",,"¥140,000",https://files.cardrush.media/pokemon/ocha_products/117.webp,120000
ジラーチ 【P】{235/XY-P}[その他],EX,235/XY-P,P,"¥120,000","¥60,000","¥24,000","¥12,000","¥3,600",,"¥140,000",https://files.cardrush.media/pokemon/ocha_products/720.webp,120000
ピカチュウ 【P】{019/L-P}[その他],PIKA,019/L-P,P,"¥120,000","¥60,000","¥24,000","¥12,000","¥3,600",,"¥140,000",https://files.cardrush.media/pokemon/ocha_products/7254.webp,120000
トウホクのピカチュウ 【P】{088/SM-P}[その他],PIKA,088/SM-P,P,"¥120,000","¥60,000","¥24,000","¥12,000","¥3,600",,"¥140,000",https://files.cardrush.media/pokemon/ocha_products/947.webp,120000
ピッチのピカチュウ 【P】{XY-P}[その他],PIKA,XY-P,P,"¥120,000","¥60,000","¥24,000","¥12,000","¥3,600",,"¥140,000",https://files.cardrush.media/pokemon/ocha_products/1187.webp,120000
袴姿のピカチュウ 【P】{208/SM-P}[その他],PIKA,208/SM-P,P,"¥120,000","¥60,000","¥24,000","¥12,000","¥3,600",,"¥140,000",https://files.cardrush.media/pokemon/ocha_products/1057.webp,120000
桜アフロのピカチュウ 【P】{211/SM-P}[その他],PIKA,211/SM-P,P,"¥120,000","¥60,000","¥24,000","¥12,000","¥3,600",,"¥140,000",https://files.cardrush.media/pokemon/ocha_products/630.webp,120000
紳士風のピカチュウ 【P】{210/SM-P}[その他],PIKA,210/SM-P,P,"¥120,000","¥60,000","¥24,000","¥12,000","¥3,600",,"¥140,000",https://files.cardrush.media/pokemon/ocha_products/734.webp,120000
ヨコハマのピカチュウ 【P】{281/SM-P}[その他],PIKA,281/SM-P,P,"¥120,000","¥60,000","¥24,000","¥12,000","¥3,600",,"¥140,000",https://files.cardrush.media/pokemon/ocha_products/2857.webp,120000
MリザードンEX Y【UR】{088/080}[その他],状態減額大,088/080,UR,"¥120,000","¥60,000","¥24,000","¥12,000","¥3,600",,"¥140,000",https://files.cardrush.media/pokemon/ocha_products/5056.webp,120000
リザードンEX 【SR】{081/080}[その他],状態減額大,081/080,SR,"¥120,000","¥60,000","¥24,000","¥12,000","¥3,600",,"¥140,000",https://files.cardrush.media/pokemon/ocha_products/3849.webp,120000
カメックスEX 【SR】{092/087}[CP6],状態減額大,092/087,SR,"¥120,000","¥60,000","¥24,000","¥12,000","¥3,600",,"¥140,000",https://files.cardrush.media/pokemon/ocha_products/18909.webp,120000
ミュウツーEX 【SR】{055/052}[その他],状態減額大,055/052,SR,"¥120,000","¥60,000","¥24,000","¥12,000","¥3,600",,"¥140,000",https://files.cardrush.media/pokemon/ocha_products/3866.webp,120000
サトシゲッコウガEX 【P】{290/XY-P}[その他],状態減額大,290/XY-P,P,"¥120,000","¥60,000","¥24,000","¥12,000","¥3,600",,"¥140,000",https://files.cardrush.media/pokemon/ocha_products/4305.webp,120000
リザードンGX 【SSR】{209/150}[sm8b],A,209/150,SSR,"¥120,000","¥78,000","¥54,000","¥24,000","¥6,000",,"¥120,000",https://files.cardrush.media/pokemon/ocha_products/2468.webp,120000
ポンチョを着たイーブイ SW【P】{137/SM-P}[その他],A,137/SM-P,P,"¥120,000","¥78,000","¥54,000","¥24,000","¥6,000",,"¥120,000",https://files.cardrush.media/pokemon/ocha_products/1416.webp,120000
ポンチョを着たイーブイ BK【P】{141/SM-P}[その他],A,141/SM-P,P,"¥120,000","¥78,000","¥54,000","¥24,000","¥6,000",,"¥120,000",https://files.cardrush.media/pokemon/ocha_products/1412.webp,120000
サナ 【SR】{185/171}[XY],F,185/171,SR,"¥110,000","¥84,000","¥58,000","¥26,000","¥3,900",,"¥130,000",https://files.cardrush.media/pokemon/ocha_products/643.webp,110000
ルギアEX 【SR】{074/070}[BW7],状態減額大,074/070,SR,"¥110,000","¥65,000","¥26,000","¥6,500","¥1,300",,"¥130,000",https://files.cardrush.media/pokemon/ocha_products/18911.webp,110000
フーディン LV.42 マークあり【★】{旧裏}[その他],,旧裏,★,"¥110,000","¥22,000","¥8,800","¥4,400","¥1,300",,"¥130,000",https://files.cardrush.media/pokemon/ocha_products/76771.webp,110000
ヘルガー LV.35 【★】{旧裏}[その他],,旧裏,★,"¥110,000","¥22,000","¥8,800","¥4,400","¥1,300",,"¥130,000",https://files.cardrush.media/pokemon/ocha_products/76900.webp,110000
カリン SR仕様【-】{183/171}[XY],EX,183/171,-,"¥110,000","¥55,000","¥22,000","¥11,000","¥3,300",,"¥130,000",https://files.cardrush.media/pokemon/ocha_products/405.webp,110000
ピカチュウ おかいもの東京【P】{098/DP-P}[その他],状態減額大,098/DP-P,P,"¥110,000","¥55,000","¥22,000","¥11,000","¥3,300",,"¥130,000",https://files.cardrush.media/pokemon/ocha_products/18790.webp,110000
ピカチュウ おかいもの横浜【P】{099/DP-P}[その他],状態減額大,099/DP-P,P,"¥110,000","¥55,000","¥22,000","¥11,000","¥3,300",,"¥130,000",https://files.cardrush.media/pokemon/ocha_products/18791.webp,110000
ピカチュウ おかいもの大阪【P】{100/DP-P}[その他],状態減額大,100/DP-P,P,"¥110,000","¥55,000","¥22,000","¥11,000","¥3,300",,"¥130,000",https://files.cardrush.media/pokemon/ocha_products/18792.webp,110000
ピカチュウ おかいもの名古屋【P】{101/DP-P}[その他],状態減額大,101/DP-P,P,"¥110,000","¥55,000","¥22,000","¥11,000","¥3,300",,"¥130,000",https://files.cardrush.media/pokemon/ocha_products/18793.webp,110000
ピカチュウ おかいもの福岡【P】{102/DP-P}[その他],状態減額大,102/DP-P,P,"¥110,000","¥55,000","¥22,000","¥11,000","¥3,300",,"¥130,000",https://files.cardrush.media/pokemon/ocha_products/18794.webp,110000
カードトレーナー認定証 【-】{旧裏}[その他],P,旧裏,-,"¥110,000","¥22,000","¥8,800","¥4,400","¥1,300",,"¥130,000",https://files.cardrush.media/pokemon/ocha_products/7873.webp,110000
アクア団のカイオーガEX 【RR】{006/034}[CP1],状態減額大,006/034,RR,"¥110,000","¥55,000","¥22,000","¥11,000","¥3,300",,"¥130,000",https://files.cardrush.media/pokemon/ocha_products/7526.webp,110000
マグマ団のグラードンEX 【RR】{015/034}[CP1],状態減額大,015/034,RR,"¥110,000","¥55,000","¥22,000","¥11,000","¥3,300",,"¥130,000",https://files.cardrush.media/pokemon/ocha_products/7527.webp,110000
ビクティニ BWR仕様/当選通知書付き【P】{288/SV-P}[PROMO],I,288/SV-P,P,"¥110,000","¥71,000","¥49,000","¥22,000","¥5,500",,"¥110,000",https://files.cardrush.media/pokemon/ocha_products/73083.webp,110000
ハイパーボール 1ED【UR】{058/051}[BW8紫],I,058/051,UR,"¥110,000","¥71,000","¥49,000","¥22,000","¥5,500",,"¥110,000",https://files.cardrush.media/pokemon/ocha_products/1038.webp,110000
ルカリオVSTAR HR仕様【P】{305/S-P}[その他],F,305/S-P,P,"¥110,000","¥71,000","¥49,000","¥22,000","¥5,500",,"¥110,000",https://files.cardrush.media/pokemon/ocha_products/37354.webp,110000
ファイヤー＆サンダー＆フリーザーGX SA【SR】{060/054}[sm10b],C,060/054,SR,"¥100,000","¥73,000","¥52,000","¥26,000","¥5,200",,"¥105,000",https://files.cardrush.media/pokemon/ocha_products/4412.webp,100000
アルセウス＆ディアルガ＆パルキアGX SA【SR】{100/095}[sm12],C,100/095,SR,"¥100,000","¥70,000","¥50,000","¥25,000","¥5,000",,"¥100,000",https://files.cardrush.media/pokemon/ocha_products/5481.webp,100000
グラードンEX 【SR】{054/052}[BW3],状態減額大,054/052,SR,"¥100,000","¥60,000","¥24,000","¥6,000","¥1,200",,"¥120,000",https://files.cardrush.media/pokemon/ocha_products/6373.webp,100000
ラッキー LV.55 マークあり【★】{旧裏}[その他],,旧裏,★,"¥100,000","¥20,000","¥8,000","¥4,000","¥1,200",,"¥120,000",https://files.cardrush.media/pokemon/ocha_products/76776.webp,100000
カイリュー LV.45 【★】{旧裏}[その他],,旧裏,★,"¥100,000","¥20,000","¥8,000","¥4,000","¥1,200",,"¥120,000",https://files.cardrush.media/pokemon/ocha_products/76808.webp,100000
エーフィ LV.45 【★】{旧裏}[その他],,旧裏,★,"¥100,000","¥20,000","¥8,000","¥4,000","¥1,200",,"¥120,000",https://files.cardrush.media/pokemon/ocha_products/76875.webp,100000
カイリュー LV.41 【-】{旧裏}[その他],,旧裏,-,"¥100,000","¥20,000","¥8,000","¥4,000","¥1,200",,"¥120,000",https://files.cardrush.media/pokemon/ocha_products/76925.webp,100000
ヤドキング LV.36 【-】{旧裏}[その他],,旧裏,-,"¥100,000","¥20,000","¥8,000","¥4,000","¥1,200",,"¥120,000",https://files.cardrush.media/pokemon/ocha_products/76957.webp,100000
カメックス LV.52 イントロパック【-】{旧裏}[その他],,旧裏,-,"¥100,000","¥20,000","¥8,000","¥4,000","¥1,200",,"¥120,000",https://files.cardrush.media/pokemon/ocha_products/78300.webp,100000
ダークライ SR仕様【-】{005/016}[PBG],状態減額大,005/016,-,"¥100,000","¥50,000","¥20,000","¥10,000","¥3,000",,"¥120,000",https://files.cardrush.media/pokemon/ocha_products/18949.webp,100000
フシギバナ 乱戦！ポケモンスクランブル【-】{001/016}[乱],EX,001/016,-,"¥100,000","¥50,000","¥20,000","¥10,000","¥3,000",,"¥120,000",https://files.cardrush.media/pokemon/ocha_products/48290.webp,100000
サンダー 乱戦！ポケモンスクランブル【-】{008/016}[乱],EX,008/016,-,"¥100,000","¥50,000","¥20,000","¥10,000","¥3,000",,"¥120,000",https://files.cardrush.media/pokemon/ocha_products/48297.webp,100000
ゲンガー グレート【R】{015/040}[その他],HOF,015/040,R,"¥100,000","¥50,000","¥20,000","¥10,000","¥3,000",,"¥120,000",https://files.cardrush.media/pokemon/ocha_products/3709.webp,100000
リザードン バトルロードスプリング【P】{002/PCG-P}[-],-,002/PCG-P,P,"¥100,000","¥50,000","¥20,000","¥10,000","¥3,000",,"¥120,000",https://files.cardrush.media/pokemon/ocha_products/69428.webp,100000
おきがえピカチュウ 【P】{099/XY-P}[その他],PIKA,099/XY-P,P,"¥100,000","¥50,000","¥20,000","¥10,000","¥3,000",,"¥120,000",https://files.cardrush.media/pokemon/ocha_products/291.webp,100000
マスクド・ピカチュウ 【P】{247/XY-P}[その他],PIKA,247/XY-P,P,"¥100,000","¥50,000","¥20,000","¥10,000","¥3,000",,"¥120,000",https://files.cardrush.media/pokemon/ocha_products/1458.webp,100000
そらをとぶピカチュウ ANA/でんきショック【P】{旧裏}[その他],PIKA,旧裏,P,"¥100,000","¥20,000","¥8,000","¥4,000","¥1,200",,"¥120,000",https://files.cardrush.media/pokemon/ocha_products/793.webp,100000
ピカチュウ 【P】{120/BW-P}[その他],状態減額大,120/BW-P,P,"¥100,000","¥50,000","¥20,000","¥10,000","¥3,000",,"¥120,000",https://files.cardrush.media/pokemon/ocha_products/18810.webp,100000
リザードン 【P】{280/XY-P}[その他],PROMO,280/XY-P,P,"¥100,000","¥50,000","¥20,000","¥10,000","¥3,000",,"¥120,000",https://files.cardrush.media/pokemon/ocha_products/18769.webp,100000
リザードン 1ED【☆】{092/092}[DPs],状態減額大,092/092,☆,"¥100,000","¥50,000","¥20,000","¥10,000","¥3,000",,"¥120,000",https://files.cardrush.media/pokemon/ocha_products/18759.webp,100000
ピカチュウMLV.X 【P】{043/DPt-P}[その他],PIKA,043/DPt-P,P,"¥100,000","¥50,000","¥20,000","¥10,000","¥3,000",,"¥120,000",https://files.cardrush.media/pokemon/ocha_products/1725.webp,100000
カイオーガex 【P】{027/PLAY}[その他],状態減額大,027/PLAY,P,"¥100,000","¥50,000","¥20,000","¥10,000","¥3,000",,"¥120,000",https://files.cardrush.media/pokemon/ocha_products/18820.webp,100000
グラードンex 【P】{028/PLAY}[その他],状態減額大,028/PLAY,P,"¥100,000","¥50,000","¥20,000","¥10,000","¥3,000",,"¥120,000",https://files.cardrush.media/pokemon/ocha_products/18821.webp,100000
勝利のメダル 金2009/ピカチュウ【P】{033/L-P}[その他],状態減額大,033/L-P,P,"¥100,000","¥50,000","¥20,000","¥10,000","¥3,000",,"¥120,000",https://files.cardrush.media/pokemon/ocha_products/2953.webp,100000
ヤドン マクドナルド【-】{014/018}[その他],状態減額大,014/018,-,"¥100,000","¥50,000","¥20,000","¥10,000","¥3,000",,"¥120,000",https://files.cardrush.media/pokemon/ocha_products/21974.webp,100000
チコリータ マクドナルド【P】{003/018}[e+],状態減額大,003/018,P,"¥100,000","¥50,000","¥20,000","¥10,000","¥3,000",,"¥120,000",https://files.cardrush.media/pokemon/ocha_products/20991.webp,100000
ブラッキー マクドナルド【P】{025/P}[e],状態減額大,025/P,P,"¥100,000","¥50,000","¥20,000","¥10,000","¥3,000",,"¥120,000",https://files.cardrush.media/pokemon/ocha_products/48150.webp,100000
ハイパーボール アンリミ【UR】{058/051}[BW8紫],I,058/051,UR,"¥100,000","¥65,000","¥45,000","¥20,000","¥5,000",,"¥100,000",https://files.cardrush.media/pokemon/ocha_products/18674.webp,100000
ビクティニV Vバレット【P】{243/S-P}[その他],E,243/S-P,P,"¥100,000","¥65,000","¥45,000","¥20,000","¥5,000",,"¥100,000",https://files.cardrush.media/pokemon/ocha_products/22253.webp,100000
ポンチョを着たイーブイ NP【P】{144/SM-P}[その他],A,144/SM-P,P,"¥100,000","¥65,000","¥45,000","¥20,000","¥5,000",,"¥100,000",https://files.cardrush.media/pokemon/ocha_products/1415.webp,100000
チャンピオンズフェスティバル 2014【P】{XY-P}[その他],P,XY-P,P,"¥100,000","¥50,000","¥20,000","¥10,000","¥3,000",,"¥100,000",https://files.cardrush.media/pokemon/ocha_products/3689.webp,100000
チャンピオンズフェスティバル 2016【P】{XY-P}[その他],P,XY-P,P,"¥100,000","¥50,000","¥20,000","¥10,000","¥3,000",,"¥100,000",https://files.cardrush.media/pokemon/ocha_products/3691.webp,100000
チャンピオンズフェスティバル 2019【P】{SM-P}[その他],C,SM-P,P,"¥100,000","¥65,000","¥45,000","¥20,000","¥5,000",,"¥100,000",https://files.cardrush.media/pokemon/ocha_products/3692.webp,100000
ゼクロム 【SR】{055/053}[BW1],状態減額大,055/053,SR,"¥99,000","¥55,000","¥22,000","¥5,500","¥1,100",,"¥110,000",https://files.cardrush.media/pokemon/ocha_products/18907.webp,99000
レシラム 【SR】{055/053}[BW1],状態減額大,055/053,SR,"¥99,000","¥55,000","¥22,000","¥5,500","¥1,100",,"¥110,000",https://files.cardrush.media/pokemon/ocha_products/18908.webp,99000
フシギバナEX 【SR】{088/087}[CP6],EX,088/087,SR,"¥99,000","¥55,000","¥22,000","¥5,500","¥1,100",,"¥110,000",https://files.cardrush.media/pokemon/ocha_products/18904.webp,99000
MミュウツーEX Y【SR】{063/059}[その他],状態減額大,063/059,SR,"¥99,000","¥55,000","¥22,000","¥5,500","¥1,100",,"¥110,000",https://files.cardrush.media/pokemon/ocha_products/3874.webp,99000
キュウコン LV.32 マークあり【★】{旧裏}[その他],,旧裏,★,"¥99,000","¥19,000","¥7,900","¥3,900","¥1,100",,"¥110,000",https://files.cardrush.media/pokemon/ocha_products/76765.webp,99000
サーナイト 1ED【UR】{074/069}[BW4],状態減額大,074/069,UR,"¥99,000","¥49,000","¥19,000","¥9,900","¥2,900",,"¥110,000",https://files.cardrush.media/pokemon/ocha_products/18974.webp,99000
ガブリアス 【UR】{057/051}[BW8],状態減額大,057/051,UR,"¥99,000","¥49,000","¥19,000","¥9,900","¥2,900",,"¥110,000",https://files.cardrush.media/pokemon/ocha_products/21973.webp,99000
ピカチュウ 1ED【UR】{056/053}[BW1白],PIKA,056/053,UR,"¥99,000","¥49,000","¥19,000","¥9,900","¥2,900",,"¥110,000",https://files.cardrush.media/pokemon/ocha_products/20338.webp,99000
リザードンex 【-】{012/052}[その他],状態減額大,012/052,-,"¥99,000","¥49,000","¥19,000","¥9,900","¥2,900",,"¥110,000",https://files.cardrush.media/pokemon/ocha_products/3850.webp,99000
イベルタルEX UR仕様【-】{187/171}[XY],状態減額大,187/171,-,"¥99,000","¥49,000","¥19,000","¥9,900","¥2,900",,"¥110,000",https://files.cardrush.media/pokemon/ocha_products/6204.webp,99000
ニンフィアVMAX SA【HR】{093/069}[S6a],E,093/069,HR,"¥95,000","¥61,000","¥42,000","¥19,000","¥4,700",,"¥95,000",https://files.cardrush.media/pokemon/ocha_products/20759.webp,95000
ブラッキーGX 【SSR】{229/150}[sm8b],A,229/150,SSR,"¥95,000","¥61,000","¥42,000","¥19,000","¥4,700",,"¥95,000",https://files.cardrush.media/pokemon/ocha_products/2392.webp,95000
ミュウ 古代文字Nintendo後期【P】{-}[その他],C,-,P,"¥95,000","¥61,000","¥42,000","¥19,000","¥4,700",,"¥95,000",https://files.cardrush.media/pokemon/ocha_products/18638.webp,95000
Pikachu with Grey Felt Hat ゴッホピカチュウ【P】{085/SV-P}[SVP EN],G,085/SV-P,P,"¥95,000","¥61,000","¥42,000","¥19,000","¥4,700",,"¥95,000",https://files.cardrush.media/pokemon/ocha_products/50305.webp,95000
ルザミーネ 【SR】{120/114}[sm4+],A,120/114,SR,"¥90,000","¥63,000","¥45,000","¥22,000","¥4,500",,"¥90,000",https://files.cardrush.media/pokemon/ocha_products/1628.webp,90000
ルザミーネ 【SR】{055/050}[sm4A],A,055/050,SR,"¥90,000","¥61,000","¥42,000","¥19,000","¥2,800",,"¥95,000",https://files.cardrush.media/pokemon/ocha_products/1629.webp,90000
ベル 【SR】{063/059}[その他],状態減額大,063/059,SR,"¥90,000","¥50,000","¥20,000","¥5,000","¥1,000",,"¥100,000",https://files.cardrush.media/pokemon/ocha_products/4108.webp,90000
リザードンGX 【SR】{052/051}[sm3H],A,052/051,SR,"¥90,000","¥65,000","¥45,000","¥20,000","¥3,000",,"¥100,000",https://files.cardrush.media/pokemon/ocha_products/1601.webp,90000
コイキング＆ホエルオーGX SA【SR】{099/095}[sm9],C,099/095,SR,"¥90,000","¥63,000","¥45,000","¥22,000","¥4,500",,"¥90,000",https://files.cardrush.media/pokemon/ocha_products/2696.webp,90000
サーナイト＆ニンフィアGX SA【SR】{061/055}[SM9a],C,061/055,SR,"¥90,000","¥63,000","¥45,000","¥22,000","¥4,500",,"¥90,000",https://files.cardrush.media/pokemon/ocha_products/2928.webp,90000
ゲンシグラードンEX 【SR】{074/070}[XY5],状態減額大,074/070,SR,"¥90,000","¥50,000","¥20,000","¥5,000","¥1,000",,"¥100,000",https://files.cardrush.media/pokemon/ocha_products/6365.webp,90000
ミュウツーEX バーストボール【SR】{062/059}[その他],状態減額大,062/059,SR,"¥90,000","¥50,000","¥20,000","¥5,000","¥1,000",,"¥100,000",https://files.cardrush.media/pokemon/ocha_products/3857.webp,90000
MミュウツーEX X【SR】{063/059}[XY8青],状態減額大,063/059,SR,"¥90,000","¥50,000","¥20,000","¥5,000","¥1,000",,"¥100,000",https://files.cardrush.media/pokemon/ocha_products/102.webp,90000
フシギバナ LV.67 とりかえっこプリーズ！【★】{旧裏}[その他],,旧裏,★,"¥90,000","¥18,000","¥7,200","¥3,600","¥1,000",,"¥100,000",https://files.cardrush.media/pokemon/ocha_products/1247.webp,90000
くいしんぼカビゴン LV.50 【-】{旧裏}[その他],,旧裏,-,"¥90,000","¥18,000","¥7,200","¥3,600","¥1,000",,"¥100,000",https://files.cardrush.media/pokemon/ocha_products/76920.webp,90000
ブラッキー LV.33 【-】{旧裏}[その他],,旧裏,-,"¥90,000","¥18,000","¥7,200","¥3,600","¥1,000",,"¥100,000",https://files.cardrush.media/pokemon/ocha_products/76940.webp,90000
フシギバナ LV.67 イントロパック【-】{旧裏}[その他],,旧裏,-,"¥90,000","¥18,000","¥7,200","¥3,600","¥1,000",,"¥100,000",https://files.cardrush.media/pokemon/ocha_products/78299.webp,90000
フシギバナ LV.64 GB【-】{旧裏}[その他],,旧裏,-,"¥90,000","¥18,000","¥7,200","¥3,600","¥1,000",,"¥100,000",https://files.cardrush.media/pokemon/ocha_products/78301.webp,90000
カメックス 1ED【UR】{078/070}[BW7],状態減額大,078/070,UR,"¥90,000","¥45,000","¥18,000","¥9,000","¥2,700",,"¥100,000",https://files.cardrush.media/pokemon/ocha_products/6223.webp,90000
サーナイト アンリミ【UR】{074/069}[BW4],状態減額大,074/069,UR,"¥90,000","¥45,000","¥18,000","¥9,000","¥2,700",,"¥100,000",https://files.cardrush.media/pokemon/ocha_products/18975.webp,90000
ルカリオ 乱戦！ポケモンスクランブル【-】{012/016}[乱],EX,012/016,-,"¥90,000","¥45,000","¥18,000","¥9,000","¥2,700",,"¥100,000",https://files.cardrush.media/pokemon/ocha_products/48301.webp,90000
セキエイこうげん 頂上大激突【P】{070/L-P}[その他],HOF,070/L-P,P,"¥90,000","¥45,000","¥18,000","¥9,000","¥2,700",,"¥100,000",https://files.cardrush.media/pokemon/ocha_products/6386.webp,90000
カイオーガ 【P】{071/L-P}[その他],状態減額大,071/L-P,P,"¥90,000","¥45,000","¥18,000","¥9,000","¥2,700",,"¥100,000",https://files.cardrush.media/pokemon/ocha_products/20908.webp,90000
グラードン 【P】{072/L-P}[その他],状態減額大,072/L-P,P,"¥90,000","¥45,000","¥18,000","¥9,000","¥2,700",,"¥100,000",https://files.cardrush.media/pokemon/ocha_products/20909.webp,90000
パルキア 【P】{073/L-P}[その他],状態減額大,073/L-P,P,"¥90,000","¥45,000","¥18,000","¥9,000","¥2,700",,"¥100,000",https://files.cardrush.media/pokemon/ocha_products/20910.webp,90000
ディアルガ 【P】{074/L-P}[その他],状態減額大,074/L-P,P,"¥90,000","¥45,000","¥18,000","¥9,000","¥2,700",,"¥100,000",https://files.cardrush.media/pokemon/ocha_products/20911.webp,90000
デオキシス 【P】{076/L-P}[その他],状態減額大,076/L-P,P,"¥90,000","¥45,000","¥18,000","¥9,000","¥2,700",,"¥100,000",https://files.cardrush.media/pokemon/ocha_products/20913.webp,90000
カビゴン 【P】{126/DP-P}[その他],PROMO,126/DP-P,P,"¥90,000","¥45,000","¥18,000","¥9,000","¥2,700",,"¥100,000",https://files.cardrush.media/pokemon/ocha_products/18808.webp,90000
ヤドキング グレート【P】{030/L-P}[その他],PROMO,030/L-P,P,"¥90,000","¥45,000","¥18,000","¥9,000","¥2,700",,"¥100,000",https://files.cardrush.media/pokemon/ocha_products/18852.webp,90000
R団のスイクンex 【★】{069/084}[その他],HOF,069/084,★,"¥90,000","¥45,000","¥18,000","¥9,000","¥2,700",,"¥100,000",https://files.cardrush.media/pokemon/ocha_products/37452.webp,90000
R団のライコウex バトルロードオータム2004【P】{026/PCG-P}[その他],PROMO,026/PCG-P,P,"¥90,000","¥45,000","¥18,000","¥9,000","¥2,700",,"¥100,000",https://files.cardrush.media/pokemon/ocha_products/18777.webp,90000
わるいフシギバナ web【★】{041/048}[その他],状態減額大,041/048,★,"¥90,000","¥45,000","¥18,000","¥9,000","¥2,700",,"¥100,000",https://files.cardrush.media/pokemon/ocha_products/20937.webp,90000
メタモン ピカチュウ【-】{003/015}[その他],-,003/015,-,"¥90,000","¥45,000","¥18,000","¥9,000","¥2,700",,"¥100,000",https://files.cardrush.media/pokemon/ocha_products/81180.webp,90000
メタモン ピカチュウ【★】{033/086}[その他],-,033/086,★,"¥90,000","¥45,000","¥18,000","¥9,000","¥2,700",,"¥100,000",https://files.cardrush.media/pokemon/ocha_products/81184.webp,90000
サトシのピカチュウGX RR仕様【-】{005/026}[smD],PIKA,005/026,-,"¥90,000","¥45,000","¥18,000","¥9,000","¥2,700",,"¥100,000",https://files.cardrush.media/pokemon/ocha_products/642.webp,90000
ピカチュウ 【P】{154/XY-P}[その他],PIKA,154/XY-P,P,"¥90,000","¥45,000","¥18,000","¥9,000","¥2,700",,"¥100,000",https://files.cardrush.media/pokemon/ocha_products/1150.webp,90000
ヨコハマのピカチュウ 【P】{282/SM-P}[その他],PIKA,282/SM-P,P,"¥90,000","¥45,000","¥18,000","¥9,000","¥2,700",,"¥100,000",https://files.cardrush.media/pokemon/ocha_products/2858.webp,90000
イーブイ 【P】{189/BW-P}[その他],状態減額大,189/BW-P,P,"¥90,000","¥45,000","¥18,000","¥9,000","¥2,700",,"¥100,000",https://files.cardrush.media/pokemon/ocha_products/22011.webp,90000
リザードン アンリミ【☆】{092/092}[その他],状態減額大,092/092,☆,"¥90,000","¥45,000","¥18,000","¥9,000","¥2,700",,"¥100,000",https://files.cardrush.media/pokemon/ocha_products/18770.webp,90000
ピカチュウδ-デルタ種 明治【P】{112/PCG-P}[その他],状態減額大,112/PCG-P,P,"¥90,000","¥45,000","¥18,000","¥9,000","¥2,700",,"¥100,000",https://files.cardrush.media/pokemon/ocha_products/20940.webp,90000
ブラッキーδ-デルタ種 【★】{069/086}[その他],EX,069/086,★,"¥90,000","¥45,000","¥18,000","¥9,000","¥2,700",,"¥100,000",https://files.cardrush.media/pokemon/ocha_products/56622.webp,90000
エーフィex 【-】{041/106}[その他],状態減額大,041/106,-,"¥90,000","¥45,000","¥18,000","¥9,000","¥2,700",,"¥100,000",https://files.cardrush.media/pokemon/ocha_products/21979.webp,90000
ルギアex 【★】{090/106}[その他],状態減額大,090/106,★,"¥90,000","¥45,000","¥18,000","¥9,000","¥2,700",,"¥100,000",https://files.cardrush.media/pokemon/ocha_products/37897.webp,90000
ダークライLV.X 【★】{-}[その他],EX,-,★,"¥90,000","¥45,000","¥18,000","¥9,000","¥2,700",,"¥100,000",https://files.cardrush.media/pokemon/ocha_products/58588.webp,90000
ポケパークのアチャモ 【-】{002/009}[その他],EX,002/009,-,"¥90,000","¥45,000","¥18,000","¥9,000","¥2,700",,"¥100,000",https://files.cardrush.media/pokemon/ocha_products/59116.webp,90000
ポケパークのミズゴロウ 【-】{003/009}[その他],EX,003/009,-,"¥90,000","¥45,000","¥18,000","¥9,000","¥2,700",,"¥100,000",https://files.cardrush.media/pokemon/ocha_products/59117.webp,90000
ルギア 【-】{006/009}[その他],EX,006/009,-,"¥90,000","¥45,000","¥18,000","¥9,000","¥2,700",,"¥100,000",https://files.cardrush.media/pokemon/ocha_products/59128.webp,90000
＿のカイオーガ 【-】{019/PLAY}[その他],状態減額大,019/PLAY,-,"¥90,000","¥45,000","¥18,000","¥9,000","¥2,700",,"¥100,000",https://files.cardrush.media/pokemon/ocha_products/18823.webp,90000
ホウオウex 【P】{030/PLAY}[その他],状態減額大,030/PLAY,P,"¥90,000","¥45,000","¥18,000","¥9,000","¥2,700",,"¥100,000",https://files.cardrush.media/pokemon/ocha_products/18782.webp,90000
ダークライ 【P】{007/PPP}[その他],状態減額大,007/PPP,P,"¥90,000","¥45,000","¥18,000","¥9,000","¥2,700",,"¥100,000",https://files.cardrush.media/pokemon/ocha_products/18797.webp,90000
ミュウVMAX SA【HR】{119/100}[S8],E,119/100,HR,"¥90,000","¥58,000","¥40,000","¥18,000","¥4,500",,"¥90,000",https://files.cardrush.media/pokemon/ocha_products/22204.webp,90000
ブラッキーGX 【HR】{069/060}[sm1M],A,069/060,HR,"¥90,000","¥58,000","¥40,000","¥18,000","¥4,500",,"¥90,000",https://files.cardrush.media/pokemon/ocha_products/1280.webp,90000
ブラッキーGX 【P】{125/SM-P}[その他],A,125/SM-P,P,"¥90,000","¥58,000","¥40,000","¥18,000","¥4,500",,"¥90,000",https://files.cardrush.media/pokemon/ocha_products/1281.webp,90000
ポンチョを着たイーブイ TD【P】{138/SM-P}[その他],A,138/SM-P,P,"¥90,000","¥58,000","¥40,000","¥18,000","¥4,500",,"¥90,000",https://files.cardrush.media/pokemon/ocha_products/1409.webp,90000
ポンチョを着たイーブイ BS【P】{139/SM-P}[その他],A,139/SM-P,P,"¥90,000","¥58,000","¥40,000","¥18,000","¥4,500",,"¥90,000",https://files.cardrush.media/pokemon/ocha_products/1410.webp,90000
レックウザGX 【HR】{109/096}[sm7],B,109/096,HR,"¥90,000","¥58,000","¥40,000","¥18,000","¥4,500",,"¥90,000",https://files.cardrush.media/pokemon/ocha_products/1667.webp,90000
ミュウ 古代文字Nintedo【P】{-}[その他],C,-,P,"¥90,000","¥58,000","¥40,000","¥18,000","¥4,500",,"¥90,000",https://files.cardrush.media/pokemon/ocha_products/18637.webp,90000
プレイヤーズセレモニー 2019【P】{398/SM-P}[その他],B,398/SM-P,P,"¥90,000","¥58,000","¥40,000","¥18,000","¥4,500",,"¥90,000",https://files.cardrush.media/pokemon/ocha_products/6080.webp,90000
レックウザEX 【SR】{085/078}[XY6],EX,085/078,SR,"¥85,000","¥47,000","¥19,000","¥4,700",¥950,,"¥95,000",https://files.cardrush.media/pokemon/ocha_products/1666.webp,85000
ゲンシカイオーガEX 【SR】{073/070}[その他],状態減額大,073/070,SR,"¥85,000","¥47,000","¥19,000","¥4,700",¥950,,"¥95,000",https://files.cardrush.media/pokemon/ocha_products/4126.webp,85000
カメックス アンリミ【UR】{078/070}[その他],状態減額大,078/070,UR,"¥85,000","¥42,000","¥17,000","¥8,500","¥2,500",,"¥95,000",https://files.cardrush.media/pokemon/ocha_products/21693.webp,85000
エンペルト 【UR】{056/051}[BW8],EX,056/051,UR,"¥85,000","¥42,000","¥17,000","¥8,500","¥2,500",,"¥95,000",https://files.cardrush.media/pokemon/ocha_products/18979.webp,85000
ツボツボ 【P】{067/L-P}[その他],HOF,067/L-P,P,"¥85,000","¥42,000","¥17,000","¥8,500","¥2,500",,"¥95,000",https://files.cardrush.media/pokemon/ocha_products/3716.webp,85000
ピカチュウ アンリミ【UR】{056/053}[BW1黒],PIKA,056/053,UR,"¥85,000","¥42,000","¥17,000","¥8,500","¥2,500",,"¥95,000",https://files.cardrush.media/pokemon/ocha_products/1160.webp,85000
シェイミEX UR仕様【-】{188/171}[XY],状態減額大,188/171,-,"¥85,000","¥42,000","¥17,000","¥8,500","¥2,500",,"¥95,000",https://files.cardrush.media/pokemon/ocha_products/651.webp,85000
ピカチュウV 【-】{001/015}[S8a-G],E,001/015,-,"¥85,000","¥55,000","¥38,000","¥17,000","¥4,200",,"¥85,000",https://files.cardrush.media/pokemon/ocha_products/23852.webp,85000
カスミのやる気 【SR】{099/087}[CP6],C,099/087,SR,"¥81,000","¥58,000","¥40,000","¥18,000","¥2,700",,"¥90,000",https://files.cardrush.media/pokemon/ocha_products/351.webp,81000
レックウザEX 【SR】{053/050}[BW1],状態減額大,053/050,SR,"¥81,000","¥45,000","¥18,000","¥4,500",¥900,,"¥90,000",https://files.cardrush.media/pokemon/ocha_products/6510.webp,81000
カイリューEX 【SR】{098/087}[CP6],状態減額大,098/087,SR,"¥81,000","¥45,000","¥18,000","¥4,500",¥900,,"¥90,000",https://files.cardrush.media/pokemon/ocha_products/323.webp,81000
ルギアEX 【SR】{092/081}[XY7],状態減額大,092/081,SR,"¥81,000","¥45,000","¥18,000","¥4,500",¥900,,"¥90,000",https://files.cardrush.media/pokemon/ocha_products/18902.webp,81000
ファイヤー LV.35 【★】{旧裏}[その他],,旧裏,★,"¥81,000","¥16,000","¥6,400","¥3,200",¥950,,"¥90,000",https://files.cardrush.media/pokemon/ocha_products/76794.webp,81000
フリーザー LV.35 【★】{旧裏}[その他],,旧裏,★,"¥81,000","¥16,000","¥6,400","¥3,200",¥950,,"¥90,000",https://files.cardrush.media/pokemon/ocha_products/76796.webp,81000
わるいギャラドス LV.31 【★】{旧裏}[その他],,旧裏,★,"¥81,000","¥16,000","¥6,400","¥3,200",¥950,,"¥90,000",https://files.cardrush.media/pokemon/ocha_products/76815.webp,81000
ロケット団参上！ 【☆】{085/084}[PCG3],HOF,085/084,☆,"¥81,000","¥40,000","¥16,000","¥8,100","¥2,400",,"¥90,000",https://files.cardrush.media/pokemon/ocha_products/21695.webp,81000
ピカチュウ 【P】{224/SM-P}[その他],PIKA,224/SM-P,P,"¥81,000","¥40,000","¥16,000","¥8,100","¥2,400",,"¥90,000",https://files.cardrush.media/pokemon/ocha_products/1146.webp,81000
＿のグラードン 【-】{020/PLAY}[その他],状態減額大,020/PLAY,-,"¥81,000","¥40,000","¥16,000","¥8,100","¥2,400",,"¥90,000",https://files.cardrush.media/pokemon/ocha_products/18824.webp,81000
カメックス トリプルゲットキャンペーン【P】{013/P}[その他],PROMO,013/P,P,"¥81,000","¥40,000","¥16,000","¥8,100","¥2,400",,"¥90,000",https://files.cardrush.media/pokemon/ocha_products/18748.webp,81000
ギャラドスEX 【UR】{089/080}[その他],状態減額大,089/080,UR,"¥81,000","¥40,000","¥16,000","¥8,100","¥2,400",,"¥90,000",https://files.cardrush.media/pokemon/ocha_products/4050.webp,81000
シェイミEX 【P】{212/XY-P}[その他],EX,212/XY-P,P,"¥81,000","¥40,000","¥16,000","¥8,100","¥2,400",,"¥90,000",https://files.cardrush.media/pokemon/ocha_products/4025.webp,81000
ピカチュウ ポーランド【-】{PW}[その他],,PW,-,"¥81,000","¥40,000","¥16,000","¥8,100","¥2,400",,"¥90,000",https://files.cardrush.media/pokemon/ocha_products/71494.webp,81000
メガリザードンXex 【MUR】{116/080}[M2],I,116/080,MUR,"¥80,000","¥56,000","¥40,000","¥20,000","¥4,000",,"¥80,000",https://files.cardrush.media/pokemon/ocha_products/71719.webp,80000
ビクティニ BWR仕様【P】{288/SV-P}[PROMO],I,288/SV-P,P,"¥80,000","¥52,000","¥36,000","¥16,000","¥4,000",,"¥80,000",https://files.cardrush.media/pokemon/ocha_products/69259.webp,80000
ポンチョを着たイーブイ EF【P】{140/SM-P}[その他],A,140/SM-P,P,"¥80,000","¥52,000","¥36,000","¥16,000","¥4,000",,"¥80,000",https://files.cardrush.media/pokemon/ocha_products/1411.webp,80000
ポンチョを着たイーブイ LF【P】{142/SM-P}[その他],A,142/SM-P,P,"¥80,000","¥52,000","¥36,000","¥16,000","¥4,000",,"¥80,000",https://files.cardrush.media/pokemon/ocha_products/1413.webp,80000
ポンチョを着たイーブイ GC【P】{143/SM-P}[その他],A,143/SM-P,P,"¥80,000","¥52,000","¥36,000","¥16,000","¥4,000",,"¥80,000",https://files.cardrush.media/pokemon/ocha_products/1414.webp,80000
チャンピオンズフェスティバル 2015【P】{XY-P}[その他],P,XY-P,P,"¥80,000","¥40,000","¥16,000","¥8,000","¥2,400",,"¥80,000",https://files.cardrush.media/pokemon/ocha_products/3690.webp,80000
アララギ博士 【SR】{055/051}[その他],状態減額大,055/051,SR,"¥76,000","¥42,000","¥17,000","¥4,200",¥850,,"¥85,000",https://files.cardrush.media/pokemon/ocha_products/4092.webp,76000
ビクティニ 【SR】{070/066}[BW2],状態減額大,070/066,SR,"¥76,000","¥42,000","¥17,000","¥4,200",¥850,,"¥85,000",https://files.cardrush.media/pokemon/ocha_products/18910.webp,76000
エーフィEX 【SR】{084/080}[XY9],状態減額大,084/080,SR,"¥76,000","¥42,000","¥17,000","¥4,200",¥850,,"¥85,000",https://files.cardrush.media/pokemon/ocha_products/236.webp,76000
ポケモンセンター 【P】{190/BW-P}[その他],PROMO,190/BW-P,P,"¥76,000","¥38,000","¥15,000","¥7,600","¥2,200",,"¥85,000",https://files.cardrush.media/pokemon/ocha_products/18781.webp,76000
ミュウツーex 【R】{026/055}[その他],状態減額大,026/055,R,"¥76,000","¥38,000","¥15,000","¥7,600","¥2,200",,"¥85,000",https://files.cardrush.media/pokemon/ocha_products/3861.webp,76000
レシラム UR仕様【-】{094/093}[その他],状態減額大,094/093,-,"¥76,000","¥38,000","¥15,000","¥7,600","¥2,200",,"¥85,000",https://files.cardrush.media/pokemon/ocha_products/7625.webp,76000
MルカリオEX SR仕様【-】{176/171}[その他],状態減額大,176/171,-,"¥76,000","¥38,000","¥15,000","¥7,600","¥2,200",,"¥85,000",https://files.cardrush.media/pokemon/ocha_products/4216.webp,76000
ルギアV SA【SR】{110/098}[S12],F,110/098,SR,"¥75,000","¥52,000","¥37,000","¥18,000","¥3,700",,"¥75,000",https://files.cardrush.media/pokemon/ocha_products/37612.webp,75000
レックウザGX 【SSR】{240/150}[sm8b],B,240/150,SSR,"¥75,000","¥48,000","¥33,000","¥15,000","¥3,700",,"¥75,000",https://files.cardrush.media/pokemon/ocha_products/2497.webp,75000
ともだちてちょう 【P】{031/S-P}[その他],D,031/S-P,P,"¥75,000","¥48,000","¥33,000","¥15,000","¥3,700",,"¥75,000",https://files.cardrush.media/pokemon/ocha_products/7088.webp,75000
フーディンEX 【UR】{088/078}[XY10],状態減額大,088/078,UR,"¥73,000","¥36,000","¥14,000","¥7,300","¥2,100",,"¥82,000",https://files.cardrush.media/pokemon/ocha_products/1199.webp,73000
こわいおねえさん 【SR】{184/171}[XY],状態減額大,184/171,SR,"¥72,000","¥40,000","¥16,000","¥4,000",¥800,,"¥80,000",https://files.cardrush.media/pokemon/ocha_products/610.webp,72000
エモンガ 【SR】{023/020}[SC],状態減額大,023/020,SR,"¥72,000","¥40,000","¥16,000","¥4,000",¥800,,"¥80,000",https://files.cardrush.media/pokemon/ocha_products/18933.webp,72000
MサーナイトEX 【SR】{057/054}[XY11青],状態減額大,057/054,SR,"¥72,000","¥40,000","¥16,000","¥4,000",¥800,,"¥80,000",https://files.cardrush.media/pokemon/ocha_products/98.webp,72000
ガルーラ LV.40 【★】{旧裏}[その他],,旧裏,★,"¥72,000","¥14,000","¥5,700","¥2,800",¥850,,"¥80,000",https://files.cardrush.media/pokemon/ocha_products/76791.webp,72000
サンダー LV.40 【★】{旧裏}[その他],,旧裏,★,"¥72,000","¥14,000","¥5,700","¥2,800",¥850,,"¥80,000",https://files.cardrush.media/pokemon/ocha_products/76799.webp,72000
スイクン LV.33 【★】{旧裏}[その他],,旧裏,★,"¥72,000","¥14,000","¥5,700","¥2,800",¥850,,"¥80,000",https://files.cardrush.media/pokemon/ocha_products/76893.webp,72000
ジャローダ 【UR】{054/050}[BW5],状態減額大,054/050,UR,"¥72,000","¥36,000","¥14,000","¥7,200","¥2,100",,"¥80,000",https://files.cardrush.media/pokemon/ocha_products/18981.webp,72000
シャンデラ 【UR】{057/052}[BW3],状態減額大,057/052,UR,"¥72,000","¥36,000","¥14,000","¥7,200","¥2,100",,"¥80,000",https://files.cardrush.media/pokemon/ocha_products/18977.webp,72000
ポカブ 【P】{079/BW-P}[その他],EX,079/BW-P,P,"¥72,000","¥36,000","¥14,000","¥7,200","¥2,100",,"¥80,000",https://files.cardrush.media/pokemon/ocha_products/58864.webp,72000
ゲッコウガ リザードンメガバトル【P】{XY-P}[その他],EX,XY-P,P,"¥72,000","¥36,000","¥14,000","¥7,200","¥2,100",,"¥80,000",https://files.cardrush.media/pokemon/ocha_products/6215.webp,72000
ピカチュウ 【U】{007/020}[SC],PIKA,007/020,U,"¥72,000","¥36,000","¥14,000","¥7,200","¥2,100",,"¥80,000",https://files.cardrush.media/pokemon/ocha_products/18834.webp,72000
キュウコン 乱戦！ポケモンスクランブル【-】{003/016}[乱],EX,003/016,-,"¥72,000","¥36,000","¥14,000","¥7,200","¥2,100",,"¥80,000",https://files.cardrush.media/pokemon/ocha_products/48292.webp,72000
カイオーガ＆グラードンLEGEND 【☆】{070/080+071/080}[L3],状態減額大,070/080+071/080,☆,"¥72,000","¥36,000","¥14,000","¥7,200","¥2,100",,"¥80,000",https://files.cardrush.media/pokemon/ocha_products/1714.webp,72000
レックウザ＆デオキシスLEGEND 【☆】{074/080+075/080}[L3],状態減額大,074/080+075/080,☆,"¥72,000","¥36,000","¥14,000","¥7,200","¥2,100",,"¥80,000",https://files.cardrush.media/pokemon/ocha_products/1728.webp,72000
ラプラス 【P】{058/L-P}[その他],状態減額大,058/L-P,P,"¥72,000","¥36,000","¥14,000","¥7,200","¥2,100",,"¥80,000",https://files.cardrush.media/pokemon/ocha_products/21969.webp,72000
ゴンベ 【P】{125/DP-P}[その他],PROMO,125/DP-P,P,"¥72,000","¥36,000","¥14,000","¥7,200","¥2,100",,"¥80,000",https://files.cardrush.media/pokemon/ocha_products/18850.webp,72000
R団のライコウex 【P】{035/PCG-P}[その他],PROMO,035/PCG-P,P,"¥72,000","¥36,000","¥14,000","¥7,200","¥2,100",,"¥80,000",https://files.cardrush.media/pokemon/ocha_products/18778.webp,72000
サトシのピカチュウ みんなの物語ver【P】{086/SM-P}[その他],PIKA,086/SM-P,P,"¥72,000","¥36,000","¥14,000","¥7,200","¥2,100",,"¥80,000",https://files.cardrush.media/pokemon/ocha_products/640.webp,72000
ピカチュウGX 封筒付き【P】{393/SM-P}[その他],PIKA,393/SM-P,P,"¥72,000","¥36,000","¥14,000","¥7,200","¥2,100",,"¥80,000",https://files.cardrush.media/pokemon/ocha_products/18453.webp,72000
レッドのピカチュウ 【P】{270/SM-P}[その他],PIKA,270/SM-P,P,"¥72,000","¥36,000","¥14,000","¥7,200","¥2,100",,"¥80,000",https://files.cardrush.media/pokemon/ocha_products/1836.webp,72000
まるのみされたピカチュウ 【P】{105/S-P}[その他],PIKA,105/S-P,P,"¥72,000","¥36,000","¥14,000","¥7,200","¥2,100",,"¥80,000",https://files.cardrush.media/pokemon/ocha_products/17859.webp,72000
ミュウ 【P】{220/BW-P}[その他],状態減額大,220/BW-P,P,"¥72,000","¥36,000","¥14,000","¥7,200","¥2,100",,"¥80,000",https://files.cardrush.media/pokemon/ocha_products/6385.webp,72000
ポケパークのゴンベ 【-】{008/009}[その他],EX,008/009,-,"¥72,000","¥36,000","¥14,000","¥7,200","¥2,100",,"¥80,000",https://files.cardrush.media/pokemon/ocha_products/59121.webp,72000
ポケパークのジラーチ 【-】{009/009}[その他],EX,009/009,-,"¥72,000","¥36,000","¥14,000","¥7,200","¥2,100",,"¥80,000",https://files.cardrush.media/pokemon/ocha_products/59122.webp,72000
ジラーチex 【P】{032/PLAY}[その他],状態減額大,032/PLAY,P,"¥72,000","¥36,000","¥14,000","¥7,200","¥2,100",,"¥80,000",https://files.cardrush.media/pokemon/ocha_products/18826.webp,72000
ゼクロム UR仕様【-】{095/093}[その他],状態減額大,095/093,-,"¥72,000","¥36,000","¥14,000","¥7,200","¥2,100",,"¥80,000",https://files.cardrush.media/pokemon/ocha_products/7626.webp,72000
ヨーギラス マクドナルド【-】{018/018}[その他],状態減額大,018/018,-,"¥72,000","¥36,000","¥14,000","¥7,200","¥2,100",,"¥80,000",https://files.cardrush.media/pokemon/ocha_products/36842.webp,72000
ゲンシグラードンEX 【UR】{094/081}[XY7],状態減額大,094/081,UR,"¥72,000","¥36,000","¥14,000","¥7,200","¥2,100",,"¥80,000",https://files.cardrush.media/pokemon/ocha_products/569.webp,72000
ピカチュウEX 【RR】{008/027}[CP2],PIKA,008/027,RR,"¥72,000","¥36,000","¥14,000","¥7,200","¥2,100",,"¥80,000",https://files.cardrush.media/pokemon/ocha_products/1168.webp,72000
ライチュウ＆アローラライチュウGX SA【SR】{057/054}[sm10a],C,057/054,SR,"¥70,000","¥49,000","¥35,000","¥17,000","¥3,500",,"¥70,000",https://files.cardrush.media/pokemon/ocha_products/3999.webp,70000
レックウザV SA【SR】{076/067}[S7R],E,076/067,SR,"¥70,000","¥49,000","¥35,000","¥17,000","¥3,500",,"¥70,000",https://files.cardrush.media/pokemon/ocha_products/21476.webp,70000
バシャーモVMAX SA【HR】{086/070}[S5a],E,086/070,HR,"¥70,000","¥45,000","¥31,000","¥14,000","¥3,500",,"¥70,000",https://files.cardrush.media/pokemon/ocha_products/19003.webp,70000
グレイシアVMAX SA【HR】{091/069}[S6a],E,091/069,HR,"¥70,000","¥45,000","¥31,000","¥14,000","¥3,500",,"¥70,000",https://files.cardrush.media/pokemon/ocha_products/20757.webp,70000
ミュウ 古代文字Nintendo前期【P】{-}[その他],C,-,P,"¥70,000","¥45,000","¥31,000","¥14,000","¥3,500",,"¥70,000",https://files.cardrush.media/pokemon/ocha_products/18641.webp,70000
ミュウツーGX 【HR】{080/072}[sm3+],A,080/072,HR,"¥70,000","¥45,000","¥31,000","¥14,000","¥3,500",,"¥70,000",https://files.cardrush.media/pokemon/ocha_products/1503.webp,70000
チャンピオンズフェスティバル 2018【P】{SM-P}[その他],A,SM-P,P,"¥70,000","¥45,000","¥31,000","¥14,000","¥3,500",,"¥70,000",https://files.cardrush.media/pokemon/ocha_products/3693.webp,70000
アズサ 【SR】{064/059}[XY8青],状態減額大,064/059,SR,"¥67,000","¥37,000","¥15,000","¥3,700",¥750,,"¥75,000",https://files.cardrush.media/pokemon/ocha_products/153.webp,67000
MカメックスEX 【SR】{093/087}[CP6],状態減額大,093/087,SR,"¥67,000","¥37,000","¥15,000","¥3,700",¥750,,"¥75,000",https://files.cardrush.media/pokemon/ocha_products/18900.webp,67000
MギャラドスEX 【SR】{082/080}[その他],状態減額大,082/080,SR,"¥67,000","¥37,000","¥15,000","¥3,700",¥750,,"¥75,000",https://files.cardrush.media/pokemon/ocha_products/4049.webp,67000
ピカチュウ 中国語版【AR】{170/151}[151C],-,170/151,AR,"¥67,000","¥37,000","¥15,000","¥3,700",¥750,,"¥75,000",https://files.cardrush.media/pokemon/ocha_products/69493.webp,67000
ニャース 【UR】{072/066}[BW2],状態減額大,072/066,UR,"¥67,000","¥33,000","¥13,000","¥6,700","¥2,000",,"¥75,000",https://files.cardrush.media/pokemon/ocha_products/18980.webp,67000
ルギアLEGEND 1ED【☆】{029/070+030/070}[L1青],状態減額大,029/070+030/070,☆,"¥67,000","¥33,000","¥13,000","¥6,700","¥2,000",,"¥75,000",https://files.cardrush.media/pokemon/ocha_products/1727.webp,67000
パルキア＆ディアルガLEGEND 【☆】{072/080+073/080}[L3],状態減額大,072/080+073/080,☆,"¥67,000","¥33,000","¥13,000","¥6,700","¥2,000",,"¥75,000",https://files.cardrush.media/pokemon/ocha_products/1723.webp,67000
ピカチュウGX 【P】{393/SM-P}[その他],PIKA,393/SM-P,P,"¥67,000","¥33,000","¥13,000","¥6,700","¥2,000",,"¥75,000",https://files.cardrush.media/pokemon/ocha_products/5237.webp,67000
カナザワのピカチュウ 【P】{147/S-P}[その他],PIKA,147/S-P,P,"¥67,000","¥33,000","¥13,000","¥6,700","¥2,000",,"¥75,000",https://files.cardrush.media/pokemon/ocha_products/17485.webp,67000
MゲンガーEX 【P】{079/XY-P}[その他],PROMO,079/XY-P,P,"¥67,000","¥33,000","¥13,000","¥6,700","¥2,000",,"¥75,000",https://files.cardrush.media/pokemon/ocha_products/18857.webp,67000
MサーナイトEX 【RR】{020/032}[CP3],EX,020/032,RR,"¥67,000","¥33,000","¥13,000","¥6,700","¥2,000",,"¥75,000",https://files.cardrush.media/pokemon/ocha_products/95.webp,67000
ミミッキュ 【P】{198/SM-P}[その他],B,198/SM-P,P,"¥65,000","¥42,000","¥29,000","¥13,000","¥3,200",,"¥65,000",https://files.cardrush.media/pokemon/ocha_products/1801.webp,65000
セレビィex 【P】{052/PCG-P}[その他],P,052/PCG-P,P,"¥65,000","¥32,000","¥13,000","¥6,500","¥1,900",,"¥65,000",https://files.cardrush.media/pokemon/ocha_products/7624.webp,65000
ヨコハマのピカチュウ 【P】{283/SM-P}[その他],PIKA,283/SM-P,P,"¥64,000","¥32,000","¥12,000","¥6,400","¥1,900",,"¥72,000",https://files.cardrush.media/pokemon/ocha_products/2859.webp,64000
N 【SR】{071/066}[BW2],状態減額大,071/066,SR,"¥63,000","¥35,000","¥14,000","¥3,500",¥700,,"¥70,000",https://files.cardrush.media/pokemon/ocha_products/120.webp,63000
ポケモンセンターのお姉さん 【SR】{086/080}[XY2],I,086/080,SR,"¥63,000","¥45,000","¥31,000","¥14,000","¥2,100",,"¥70,000",https://files.cardrush.media/pokemon/ocha_products/1372.webp,63000
コルニ 【SR】{102/096}[XY3],EX,102/096,SR,"¥63,000","¥35,000","¥14,000","¥3,500",¥700,,"¥70,000",https://files.cardrush.media/pokemon/ocha_products/606.webp,63000
センパイとコウハイ 【SR】{077/070}[XY5黄],EX,077/070,SR,"¥63,000","¥35,000","¥14,000","¥3,500",¥700,,"¥70,000",https://files.cardrush.media/pokemon/ocha_products/788.webp,63000
ギャラドスEX 【SR】{081/080}[その他],状態減額大,081/080,SR,"¥63,000","¥35,000","¥14,000","¥3,500",¥700,,"¥70,000",https://files.cardrush.media/pokemon/ocha_products/4052.webp,63000
ギラティナEX 【SR】{053/050}[その他],状態減額大,053/050,SR,"¥63,000","¥35,000","¥14,000","¥3,500",¥700,,"¥70,000",https://files.cardrush.media/pokemon/ocha_products/3908.webp,63000
カイオーガEX 【SR】{054/052}[BW3紫],状態減額大,054/052,SR,"¥63,000","¥35,000","¥14,000","¥3,500",¥700,,"¥70,000",https://files.cardrush.media/pokemon/ocha_products/310.webp,63000
ニドキング LV.48 マークあり【★】{旧裏}[その他],,旧裏,★,"¥63,000","¥12,000","¥5,000","¥2,500",¥750,,"¥70,000",https://files.cardrush.media/pokemon/ocha_products/76764.webp,63000
カイリキー LV.67 マークあり【★】{旧裏}[その他],,旧裏,★,"¥63,000","¥12,000","¥5,000","¥2,500",¥750,,"¥70,000",https://files.cardrush.media/pokemon/ocha_products/76773.webp,63000
ピッピ LV.14 マークあり【★】{旧裏}[その他],,旧裏,★,"¥63,000","¥12,000","¥5,000","¥2,500",¥750,,"¥70,000",https://files.cardrush.media/pokemon/ocha_products/76775.webp,63000
タマタマ 【UR】{083/076}[その他],状態減額大,083/076,UR,"¥63,000","¥31,000","¥12,000","¥6,300","¥1,800",,"¥70,000",https://files.cardrush.media/pokemon/ocha_products/3703.webp,63000
ツタージャ 【P】{078/BW-P}[BW-P],PROMO,078/BW-P,P,"¥63,000","¥31,000","¥12,000","¥6,300","¥1,800",,"¥70,000",https://files.cardrush.media/pokemon/ocha_products/71238.webp,63000
ミジュマル 【P】{080/BW-P}[BW-P],PROMO,080/BW-P,P,"¥63,000","¥31,000","¥12,000","¥6,300","¥1,800",,"¥70,000",https://files.cardrush.media/pokemon/ocha_products/71239.webp,63000
ダークライ＆クレセリアLEGEND 【☆】{035/040+036/040}[その他],状態減額大,035/040+036/040,☆,"¥63,000","¥31,000","¥12,000","¥6,300","¥1,800",,"¥70,000",https://files.cardrush.media/pokemon/ocha_products/4024.webp,63000
R団のハッサムex 【★】{066/084}[その他],HOF,066/084,★,"¥63,000","¥31,000","¥12,000","¥6,300","¥1,800",,"¥70,000",https://files.cardrush.media/pokemon/ocha_products/37449.webp,63000
R団のエンテイex 【★】{068/084}[その他],HOF,068/084,★,"¥63,000","¥31,000","¥12,000","¥6,300","¥1,800",,"¥70,000",https://files.cardrush.media/pokemon/ocha_products/37451.webp,63000
そらをとぶピカチュウ 【P】{292/XY-P}[その他],PIKA,292/XY-P,P,"¥63,000","¥31,000","¥12,000","¥6,300","¥1,800",,"¥70,000",https://files.cardrush.media/pokemon/ocha_products/792.webp,63000
ピカチュウ 【-】{016/047}[WAK],状態減額大,016/047,-,"¥63,000","¥31,000","¥12,000","¥6,300","¥1,800",,"¥70,000",https://files.cardrush.media/pokemon/ocha_products/20972.webp,63000
レックウザ 【P】{232/XY-P}[その他],状態減額大,232/XY-P,P,"¥63,000","¥31,000","¥12,000","¥6,300","¥1,800",,"¥70,000",https://files.cardrush.media/pokemon/ocha_products/13193.webp,63000
＿のジラーチ 【P】{014/PLAY}[その他],状態減額大,014/PLAY,P,"¥63,000","¥31,000","¥12,000","¥6,300","¥1,800",,"¥70,000",https://files.cardrush.media/pokemon/ocha_products/20979.webp,63000
フシギバナ トリプルゲットキャンペーン【P】{012/P}[その他],PROMO,012/P,P,"¥63,000","¥31,000","¥12,000","¥6,300","¥1,800",,"¥70,000",https://files.cardrush.media/pokemon/ocha_products/18749.webp,63000
ゲンシカイオーガEX 【UR】{093/081}[その他],状態減額大,093/081,UR,"¥63,000","¥31,000","¥12,000","¥6,300","¥1,800",,"¥70,000",https://files.cardrush.media/pokemon/ocha_products/4123.webp,63000
サーナイトEX 【UR】{059/054}[XY11青],状態減額大,059/054,UR,"¥63,000","¥31,000","¥12,000","¥6,300","¥1,800",,"¥70,000",https://files.cardrush.media/pokemon/ocha_products/616.webp,63000
レシラムEX SR仕様【P】{158/BW-P}[その他],状態減額大,158/BW-P,P,"¥63,000","¥31,000","¥12,000","¥6,300","¥1,800",,"¥70,000",https://files.cardrush.media/pokemon/ocha_products/18915.webp,63000
ブースターEX 【RR】{006/032}[CP3],状態減額大,006/032,RR,"¥63,000","¥31,000","¥12,000","¥6,300","¥1,800",,"¥70,000",https://files.cardrush.media/pokemon/ocha_products/4067.webp,63000
イベルタルEX 【-】{037/036}[CP5],EX,037/036,-,"¥63,000","¥31,000","¥12,000","¥6,300","¥1,800",,"¥70,000",https://files.cardrush.media/pokemon/ocha_products/199.webp,63000
ピカチュウex SAR仕様【-】{764/742}[MC],H,764/742,-,"¥60,000","¥39,000","¥27,000","¥12,000","¥3,000",,"¥60,000",https://files.cardrush.media/pokemon/ocha_products/75875.webp,60000
ミュウツー＆ミュウGX 【UR】{222/173}[sm12a],C,222/173,UR,"¥60,000","¥39,000","¥27,000","¥12,000","¥3,000",,"¥60,000",https://files.cardrush.media/pokemon/ocha_products/6062.webp,60000
カイオーガEX 【SR】{072/070}[XY5],状態減額大,072/070,SR,"¥58,000","¥32,000","¥13,000","¥3,200",¥650,,"¥65,000",https://files.cardrush.media/pokemon/ocha_products/18914.webp,58000
グラードンEX 【SR】{073/070}[XY5],状態減額大,073/070,SR,"¥58,000","¥32,000","¥13,000","¥3,200",¥650,,"¥65,000",https://files.cardrush.media/pokemon/ocha_products/6371.webp,58000
ダークライEX 【SR】{085/080}[XY9],状態減額大,085/080,SR,"¥58,000","¥32,000","¥13,000","¥3,200",¥650,,"¥65,000",https://files.cardrush.media/pokemon/ocha_products/815.webp,58000
MラティオスEX 【SR】{083/078}[その他],状態減額大,083/078,SR,"¥58,000","¥32,000","¥13,000","¥3,200",¥650,,"¥65,000",https://files.cardrush.media/pokemon/ocha_products/3891.webp,58000
やさしいウインディ LV.47 【★】{旧裏}[その他],,旧裏,★,"¥58,000","¥11,000","¥4,600","¥2,300",¥650,,"¥65,000",https://files.cardrush.media/pokemon/ocha_products/76906.webp,58000
ヤドン 【P】{028/L-P}[その他],状態減額大,028/L-P,P,"¥58,000","¥29,000","¥11,000","¥5,800","¥1,700",,"¥65,000",https://files.cardrush.media/pokemon/ocha_products/45890.webp,58000
なみのりピカチュウ 【P】{264/XY-P}[その他],PIKA,264/XY-P,P,"¥58,000","¥29,000","¥11,000","¥5,800","¥1,700",,"¥65,000",https://files.cardrush.media/pokemon/ocha_products/972.webp,58000
ギャラドスδ-デルタ種 【★】{024/052}[その他],EX,024/052,★,"¥58,000","¥29,000","¥11,000","¥5,800","¥1,700",,"¥65,000",https://files.cardrush.media/pokemon/ocha_products/56575.webp,58000
エーフィδ-デルタ種 【★】{049/086}[その他],EX,049/086,★,"¥58,000","¥29,000","¥11,000","¥5,800","¥1,700",,"¥65,000",https://files.cardrush.media/pokemon/ocha_products/56621.webp,58000
カイリューex 【☆】{038/054}[AD3],その他,038/054,☆,"¥58,000","¥29,000","¥11,000","¥5,800","¥1,700",,"¥65,000",https://files.cardrush.media/pokemon/ocha_products/65647.webp,58000
ミュウツーEX バーストボール【UR】{065/059}[その他],状態減額大,065/059,UR,"¥58,000","¥29,000","¥11,000","¥5,800","¥1,700",,"¥65,000",https://files.cardrush.media/pokemon/ocha_products/3855.webp,58000
ミュウツーEX フォトンウェーブ【UR】{065/059}[その他],状態減額大,065/059,UR,"¥58,000","¥29,000","¥11,000","¥5,800","¥1,700",,"¥65,000",https://files.cardrush.media/pokemon/ocha_products/3856.webp,58000
ダークライEX 【P】{BW-P}[その他],EX,BW-P,P,"¥58,000","¥29,000","¥11,000","¥5,800","¥1,700",,"¥65,000",https://files.cardrush.media/pokemon/ocha_products/4301.webp,58000
ニンフィアEX 【RR】{025/032}[CP3],状態減額大,025/032,RR,"¥58,000","¥29,000","¥11,000","¥5,800","¥1,700",,"¥65,000",https://files.cardrush.media/pokemon/ocha_products/4304.webp,58000
サーナイトEX 【RR】{019/032}[CP3],EX,019/032,RR,"¥58,000","¥29,000","¥11,000","¥5,800","¥1,700",,"¥65,000",https://files.cardrush.media/pokemon/ocha_products/6206.webp,58000
ピカチュウ アメリカ【-】{PW}[その他],,PW,-,"¥58,000","¥29,000","¥11,000","¥5,800","¥1,700",,"¥65,000",https://files.cardrush.media/pokemon/ocha_products/71488.webp,58000
ピカチュウ フランス【-】{PW}[その他],,PW,-,"¥58,000","¥29,000","¥11,000","¥5,800","¥1,700",,"¥65,000",https://files.cardrush.media/pokemon/ocha_products/71493.webp,58000
エリカのおもてなし 【SR】{190/173}[sm12a],C,190/173,SR,"¥55,000","¥38,000","¥27,000","¥13,000","¥2,700",,"¥55,000",https://files.cardrush.media/pokemon/ocha_products/6030.webp,55000
れんげきウーラオスVMAX SA【HR】{084/070}[S5R],E,084/070,HR,"¥55,000","¥35,000","¥24,000","¥11,000","¥2,700",,"¥55,000",https://files.cardrush.media/pokemon/ocha_products/18261.webp,55000
リーリエ 【P】{080/SM-P}[その他],A,080/SM-P,P,"¥55,000","¥35,000","¥24,000","¥11,000","¥2,700",,"¥55,000",https://files.cardrush.media/pokemon/ocha_products/1585.webp,55000
ミュウ 古代文字2019【P】{-}[その他],C,-,P,"¥55,000","¥35,000","¥24,000","¥11,000","¥2,700",,"¥55,000",https://files.cardrush.media/pokemon/ocha_products/5090.webp,55000
ゲーチス 【SR】{055/051}[BW8紫],状態減額大,055/051,SR,"¥54,000","¥30,000","¥12,000","¥3,000",¥600,,"¥60,000",https://files.cardrush.media/pokemon/ocha_products/555.webp,54000
MフシギバナEX 【SR】{089/087}[CP6],状態減額大,089/087,SR,"¥54,000","¥30,000","¥12,000","¥3,000",¥600,,"¥60,000",https://files.cardrush.media/pokemon/ocha_products/18901.webp,54000
デオキシスEX 【SR】{053/051}[BW8],状態減額大,053/051,SR,"¥54,000","¥30,000","¥12,000","¥3,000",¥600,,"¥60,000",https://files.cardrush.media/pokemon/ocha_products/18943.webp,54000
ラティアスEX 【SR】{053/051}[BW8],状態減額大,053/051,SR,"¥54,000","¥30,000","¥12,000","¥3,000",¥600,,"¥60,000",https://files.cardrush.media/pokemon/ocha_products/18928.webp,54000
グレイシアEX 【SR】{079/078}[XY10],状態減額大,079/078,SR,"¥54,000","¥30,000","¥12,000","¥3,000",¥600,,"¥60,000",https://files.cardrush.media/pokemon/ocha_products/543.webp,54000
ギラティナEX 【SR】{091/081}[その他],状態減額大,091/081,SR,"¥54,000","¥30,000","¥12,000","¥3,000",¥600,,"¥60,000",https://files.cardrush.media/pokemon/ocha_products/3904.webp,54000
ラティオスEX 【SR】{054/051}[その他],状態減額大,054/051,SR,"¥54,000","¥30,000","¥12,000","¥3,000",¥600,,"¥60,000",https://files.cardrush.media/pokemon/ocha_products/3898.webp,54000
ゴースト LV.17 【★】{旧裏}[その他],,旧裏,★,"¥54,000","¥10,000","¥4,300","¥2,100",¥600,,"¥60,000",https://files.cardrush.media/pokemon/ocha_products/76800.webp,54000
サカキのニドキング LV.58 【★】{旧裏}[その他],,旧裏,★,"¥54,000","¥10,000","¥4,300","¥2,100",¥600,,"¥60,000",https://files.cardrush.media/pokemon/ocha_products/76840.webp,54000
バンギラス LV.54 【★】{旧裏}[その他],,旧裏,★,"¥54,000","¥10,000","¥4,300","¥2,100",¥600,,"¥60,000",https://files.cardrush.media/pokemon/ocha_products/76882.webp,54000
ルギア LV.43 【-】{旧裏}[その他],,旧裏,-,"¥54,000","¥10,000","¥4,300","¥2,100",¥600,,"¥60,000",https://files.cardrush.media/pokemon/ocha_products/76951.webp,54000
ダストダス 【UR】{056/051}[BW8],状態減額大,056/051,UR,"¥54,000","¥27,000","¥10,000","¥5,400","¥1,600",,"¥60,000",https://files.cardrush.media/pokemon/ocha_products/6243.webp,54000
テラキオン 【UR】{064/059}[BW6],状態減額大,064/059,UR,"¥54,000","¥27,000","¥10,000","¥5,400","¥1,600",,"¥60,000",https://files.cardrush.media/pokemon/ocha_products/18986.webp,54000
はじまりの樹のミュウ 【-】{-}[10th],EX,-,-,"¥54,000","¥27,000","¥10,000","¥5,400","¥1,600",,"¥60,000",https://files.cardrush.media/pokemon/ocha_products/47586.webp,54000
スイクン＆エンテイLEGEND 【☆】{065/080+066/080}[その他],状態減額大,065/080+066/080,☆,"¥54,000","¥27,000","¥10,000","¥5,400","¥1,600",,"¥60,000",https://files.cardrush.media/pokemon/ocha_products/4131.webp,54000
エンテイ＆ライコウLEGEND 【☆】{063/080+064/080}[L2白],状態減額大,063/080+064/080,☆,"¥54,000","¥27,000","¥10,000","¥5,400","¥1,600",,"¥60,000",https://files.cardrush.media/pokemon/ocha_products/1713.webp,54000
ルギア 【P】{047/L-P}[その他],PROMO,047/L-P,P,"¥54,000","¥27,000","¥10,000","¥5,400","¥1,600",,"¥60,000",https://files.cardrush.media/pokemon/ocha_products/18818.webp,54000
R団のファイヤーex 【R】{014/020}[その他],HOF,014/020,R,"¥54,000","¥27,000","¥10,000","¥5,400","¥1,600",,"¥60,000",https://files.cardrush.media/pokemon/ocha_products/122.webp,54000
R団のフリーザーex 【★】{010/020}[その他],HOF,010/020,★,"¥54,000","¥27,000","¥10,000","¥5,400","¥1,600",,"¥60,000",https://files.cardrush.media/pokemon/ocha_products/37446.webp,54000
R団のサンダーex 【★】{063/084}[その他],HOF,063/084,★,"¥54,000","¥27,000","¥10,000","¥5,400","¥1,600",,"¥60,000",https://files.cardrush.media/pokemon/ocha_products/37447.webp,54000
サンダー web【★】{046/048}[その他],状態減額大,046/048,★,"¥54,000","¥27,000","¥10,000","¥5,400","¥1,600",,"¥60,000",https://files.cardrush.media/pokemon/ocha_products/20936.webp,54000
メタモン フシギダネ【★】{007/086}[その他],-,007/086,★,"¥54,000","¥27,000","¥10,000","¥5,400","¥1,600",,"¥60,000",https://files.cardrush.media/pokemon/ocha_products/81160.webp,54000
サトシのピカチュウ オリジナルキャップver【P】{071/SM-P}[その他],PIKA,071/SM-P,P,"¥54,000","¥27,000","¥10,000","¥5,400","¥1,600",,"¥60,000",https://files.cardrush.media/pokemon/ocha_products/641.webp,54000
サトシのピカチュウ ホウエンキャップver【P】{072/SM-P}[その他],PIKA,072/SM-P,P,"¥54,000","¥27,000","¥10,000","¥5,400","¥1,600",,"¥60,000",https://files.cardrush.media/pokemon/ocha_products/635.webp,54000
サトシのピカチュウ シンオウキャップver【P】{073/SM-P}[その他],PIKA,073/SM-P,P,"¥54,000","¥27,000","¥10,000","¥5,400","¥1,600",,"¥60,000",https://files.cardrush.media/pokemon/ocha_products/636.webp,54000
サトシのピカチュウ イッシュキャップver【P】{074/SM-P}[その他],PIKA,074/SM-P,P,"¥54,000","¥27,000","¥10,000","¥5,400","¥1,600",,"¥60,000",https://files.cardrush.media/pokemon/ocha_products/637.webp,54000
サトシのピカチュウ カロスキャップver【P】{075/SM-P}[その他],PIKA,075/SM-P,P,"¥54,000","¥27,000","¥10,000","¥5,400","¥1,600",,"¥60,000",https://files.cardrush.media/pokemon/ocha_products/638.webp,54000
サトシのピカチュウ アローラキャップver【P】{076/SM-P}[その他],PIKA,076/SM-P,P,"¥54,000","¥27,000","¥10,000","¥5,400","¥1,600",,"¥60,000",https://files.cardrush.media/pokemon/ocha_products/639.webp,54000
救助隊DXのピカチュウ 【P】{036/S-P}[その他],PIKA,036/S-P,P,"¥54,000","¥27,000","¥10,000","¥5,400","¥1,600",,"¥60,000",https://files.cardrush.media/pokemon/ocha_products/7614.webp,54000
ラティアスex δ-デルタ種 【★】{014/068}[その他],EX,014/068,★,"¥54,000","¥27,000","¥10,000","¥5,400","¥1,600",,"¥60,000",https://files.cardrush.media/pokemon/ocha_products/56690.webp,54000
ラティオスexδ-デルタ種 【★】{023/068}[その他],HOF,023/068,★,"¥54,000","¥27,000","¥10,000","¥5,400","¥1,600",,"¥60,000",https://files.cardrush.media/pokemon/ocha_products/3893.webp,54000
レックウザexδ-デルタ種 【★】{028/068}[その他],EX,028/068,★,"¥54,000","¥27,000","¥10,000","¥5,400","¥1,600",,"¥60,000",https://files.cardrush.media/pokemon/ocha_products/56694.webp,54000
ミュウex 【☆】{041/086}[P5],その他,041/086,☆,"¥54,000","¥27,000","¥10,000","¥5,400","¥1,600",,"¥60,000",https://files.cardrush.media/pokemon/ocha_products/65681.webp,54000
ポケパークのラティアス 【-】{005/009}[その他],EX,005/009,-,"¥54,000","¥27,000","¥10,000","¥5,400","¥1,600",,"¥60,000",https://files.cardrush.media/pokemon/ocha_products/59118.webp,54000
ポケパークのラティオス 【-】{006/009}[その他],EX,006/009,-,"¥54,000","¥27,000","¥10,000","¥5,400","¥1,600",,"¥60,000",https://files.cardrush.media/pokemon/ocha_products/59119.webp,54000
勝利のメダル 金2007/ピカチュウ【P】{-}[その他],状態減額大,-,P,"¥54,000","¥27,000","¥10,000","¥5,400","¥1,600",,"¥60,000",https://files.cardrush.media/pokemon/ocha_products/2956.webp,54000
MリザードンEX X【RR】{055/080}[XY2],状態減額大,055/080,RR,"¥54,000","¥27,000","¥10,000","¥5,400","¥1,600",,"¥60,000",https://files.cardrush.media/pokemon/ocha_products/103.webp,54000
レックウザEX 【R】{037/050}[BW5],,037/050,R,"¥54,000","¥27,000","¥10,000","¥5,400","¥1,600",,"¥60,000",https://files.cardrush.media/pokemon/ocha_products/80655.webp,54000
ゼクロムEX SR仕様【P】{159/BW-P}[その他],状態減額大,159/BW-P,P,"¥54,000","¥27,000","¥10,000","¥5,400","¥1,600",,"¥60,000",https://files.cardrush.media/pokemon/ocha_products/18916.webp,54000
ゼルネアスEX 【-】{038/036}[CP5],EX,038/036,-,"¥54,000","¥27,000","¥10,000","¥5,400","¥1,600",,"¥60,000",https://files.cardrush.media/pokemon/ocha_products/18506.webp,54000
ピカチュウ 封筒付き【P】{001/S-P}[その他],PIKA,001/S-P,P,"¥52,000","¥26,000","¥10,000","¥5,200","¥1,500",,"¥58,000",https://files.cardrush.media/pokemon/ocha_products/18454.webp,52000
シロナ 【SR】{070/066}[sm5m],B,070/066,SR,"¥50,000","¥35,000","¥25,000","¥12,000","¥2,500",,"¥50,000",https://files.cardrush.media/pokemon/ocha_products/731.webp,50000
メガリザードンXex 【SAR】{110/080}[M2],I,110/080,SAR,"¥50,000","¥35,000","¥25,000","¥12,000","¥2,500",,"¥50,000",https://files.cardrush.media/pokemon/ocha_products/71713.webp,50000
リザードン＆テールナーGX SA【SR】{068/064}[sm11a],C,068/064,SR,"¥50,000","¥35,000","¥25,000","¥12,000","¥2,500",,"¥50,000",https://files.cardrush.media/pokemon/ocha_products/5032.webp,50000
イーブイGX SA【SR】{188/173}[sm12a],C,188/173,SR,"¥50,000","¥35,000","¥25,000","¥12,000","¥2,500",,"¥50,000",https://files.cardrush.media/pokemon/ocha_products/6028.webp,50000
エーフィ＆デオキシスGX SA【SR】{177/173}[sm12a],C,177/173,SR,"¥50,000","¥35,000","¥25,000","¥12,000","¥2,500",,"¥50,000",https://files.cardrush.media/pokemon/ocha_products/6017.webp,50000
メガレックウザex 【MUR】{113/076}[M6],J,113/076,MUR,"¥50,000","¥35,000","¥25,000","¥12,000","¥2,500",,"¥50,000",https://files.cardrush.media/pokemon/ocha_products/83048.webp,50000
こくばバドレックスVMAX SA【HR】{086/070}[S6K],E,086/070,HR,"¥50,000","¥32,000","¥22,000","¥10,000","¥2,500",,"¥50,000",https://files.cardrush.media/pokemon/ocha_products/20183.webp,50000
ピカチュウVMAX 【HR】{114/100}[s4],D,114/100,HR,"¥50,000","¥32,000","¥22,000","¥10,000","¥2,500",,"¥50,000",https://files.cardrush.media/pokemon/ocha_products/14602.webp,50000
フウロ SR仕様【P】{164/XY-P}[その他],D,164/XY-P,P,"¥50,000","¥32,000","¥22,000","¥10,000","¥2,500",,"¥50,000",https://files.cardrush.media/pokemon/ocha_products/1213.webp,50000
ともだちてちょう 【P】{406/SM-P}[その他],D,406/SM-P,P,"¥50,000","¥32,000","¥22,000","¥10,000","¥2,500",,"¥50,000",https://files.cardrush.media/pokemon/ocha_products/5628.webp,50000
ブラックキュレムEX 【SR】{062/059}[BW6],状態減額大,062/059,SR,"¥49,000","¥27,000","¥11,000","¥2,700",¥550,,"¥55,000",https://files.cardrush.media/pokemon/ocha_products/18941.webp,49000
ホワイトキュレムEX 【SR】{062/059}[BW6],状態減額大,062/059,SR,"¥49,000","¥27,000","¥11,000","¥2,700",¥550,,"¥55,000",https://files.cardrush.media/pokemon/ocha_products/18922.webp,49000
ホウオウEX 【SR】{088/080}[XY9],状態減額大,088/080,SR,"¥49,000","¥27,000","¥11,000","¥2,700",¥550,,"¥55,000",https://files.cardrush.media/pokemon/ocha_products/1302.webp,49000
ホウオウEX 【SR】{051/050}[その他],状態減額大,051/050,SR,"¥49,000","¥27,000","¥11,000","¥2,700",¥550,,"¥55,000",https://files.cardrush.media/pokemon/ocha_products/4309.webp,49000
MサーナイトEX 【SR】{076/070}[XY5緑],状態減額大,076/070,SR,"¥49,000","¥27,000","¥11,000","¥2,700",¥550,,"¥55,000",https://files.cardrush.media/pokemon/ocha_products/99.webp,49000
ラプラス LV.31 【★】{旧裏}[その他],,旧裏,★,"¥49,000","¥9,800","¥3,900","¥1,900",¥550,,"¥55,000",https://files.cardrush.media/pokemon/ocha_products/76795.webp,49000
わるいヤドラン LV.27 【★】{旧裏}[その他],,旧裏,★,"¥49,000","¥9,800","¥3,900","¥1,900",¥550,,"¥55,000",https://files.cardrush.media/pokemon/ocha_products/76818.webp,49000
サカキのギャラドス LV.40 【★】{旧裏}[その他],,旧裏,★,"¥49,000","¥9,800","¥3,900","¥1,900",¥550,,"¥55,000",https://files.cardrush.media/pokemon/ocha_products/76844.webp,49000
エンテイ LV.38 【★】{旧裏}[その他],,旧裏,★,"¥49,000","¥9,800","¥3,900","¥1,900",¥550,,"¥55,000",https://files.cardrush.media/pokemon/ocha_products/76890.webp,49000
ライコウ LV.40 【★】{旧裏}[その他],,旧裏,★,"¥49,000","¥9,800","¥3,900","¥1,900",¥550,,"¥55,000",https://files.cardrush.media/pokemon/ocha_products/76895.webp,49000
セレビィ LV.16 【★】{旧裏}[その他],,旧裏,★,"¥49,000","¥9,800","¥3,900","¥1,900",¥550,,"¥55,000",https://files.cardrush.media/pokemon/ocha_products/76898.webp,49000
ハガネール LV.57 【-】{旧裏}[その他],,旧裏,-,"¥49,000","¥9,800","¥3,900","¥1,900",¥550,,"¥55,000",https://files.cardrush.media/pokemon/ocha_products/81754.webp,49000
ピチュー LV.4 【-】{旧裏}[その他],,旧裏,-,"¥49,000","¥9,800","¥3,900","¥1,900",¥550,,"¥55,000",https://files.cardrush.media/pokemon/ocha_products/76941.webp,49000
ゴルーグ 【UR】{064/059}[BW6],状態減額大,064/059,UR,"¥49,000","¥24,000","¥9,800","¥4,900","¥1,400",,"¥55,000",https://files.cardrush.media/pokemon/ocha_products/18985.webp,49000
チルタリス 【UR】{065/059}[BW6],状態減額大,065/059,UR,"¥49,000","¥24,000","¥9,800","¥4,900","¥1,400",,"¥55,000",https://files.cardrush.media/pokemon/ocha_products/18978.webp,49000
ライコウ＆スイクンLEGEND 【☆】{067/080+068/080}[L2白],状態減額大,067/080+068/080,☆,"¥49,000","¥24,000","¥9,800","¥4,900","¥1,400",,"¥55,000",https://files.cardrush.media/pokemon/ocha_products/1726.webp,49000
ヤドラン 【P】{029/L-P}[その他],状態減額大,029/L-P,P,"¥49,000","¥24,000","¥9,800","¥4,900","¥1,400",,"¥55,000",https://files.cardrush.media/pokemon/ocha_products/45891.webp,49000
ピカチュウ 【P】{001/S-P}[その他],PIKA,001/S-P,P,"¥49,000","¥24,000","¥9,800","¥4,900","¥1,400",,"¥55,000",https://files.cardrush.media/pokemon/ocha_products/6491.webp,49000
シブヤのピカチュウ 【P】{002/S-P}[その他],PIKA,002/S-P,P,"¥49,000","¥24,000","¥9,800","¥4,900","¥1,400",,"¥55,000",https://files.cardrush.media/pokemon/ocha_products/6574.webp,49000
ピカチュウ 【P】{057/DP-P}[その他],状態減額大,057/DP-P,P,"¥49,000","¥24,000","¥9,800","¥4,900","¥1,400",,"¥55,000",https://files.cardrush.media/pokemon/ocha_products/20942.webp,49000
レックウザex 【☆】{047/054}[AD3],その他,047/054,☆,"¥49,000","¥24,000","¥9,800","¥4,900","¥1,400",,"¥55,000",https://files.cardrush.media/pokemon/ocha_products/65648.webp,49000
ルギアBREAK 【RR】{059/078}[XY10],EX,059/078,RR,"¥49,000","¥24,000","¥9,800","¥4,900","¥1,400",,"¥55,000",https://files.cardrush.media/pokemon/ocha_products/47261.webp,49000
バクフーン トリプルゲットキャンペーン【P】{017/P}[その他],PROMO,017/P,P,"¥49,000","¥24,000","¥9,800","¥4,900","¥1,400",,"¥55,000",https://files.cardrush.media/pokemon/ocha_products/18751.webp,49000
オーダイル トリプルゲットキャンペーン【P】{016/P}[その他],PROMO,016/P,P,"¥49,000","¥24,000","¥9,800","¥4,900","¥1,400",,"¥55,000",https://files.cardrush.media/pokemon/ocha_products/18750.webp,49000
勝利のメダル 銀2009/ピカチュウ【P】{032/L-P}[その他],状態減額大,032/L-P,P,"¥49,000","¥24,000","¥9,800","¥4,900","¥1,400",,"¥55,000",https://files.cardrush.media/pokemon/ocha_products/2954.webp,49000
レックウザEX 【P】{123/XY-P}[その他],状態減額大,123/XY-P,P,"¥49,000","¥24,000","¥9,800","¥4,900","¥1,400",,"¥55,000",https://files.cardrush.media/pokemon/ocha_products/6509.webp,49000
ピカチュウ イタリア【-】{PW}[その他],,PW,-,"¥49,000","¥24,000","¥9,800","¥4,900","¥1,400",,"¥55,000",https://files.cardrush.media/pokemon/ocha_products/71489.webp,49000
お茶会ごっこピカチュウ 【P】{325/SM-P}[その他],PIKA,325/SM-P,P,"¥46,000","¥23,000","¥9,200","¥4,600","¥1,300",,"¥52,000",https://files.cardrush.media/pokemon/ocha_products/3615.webp,46000
ミュウex 【SAR】{347/190}[SV4a],G,347/190,SAR,"¥45,000","¥31,000","¥22,000","¥11,000","¥2,200",,"¥45,000",https://files.cardrush.media/pokemon/ocha_products/51076.webp,45000
ヤドン＆コダックGX SA【SR】{096/094}[sm11],C,096/094,SR,"¥45,000","¥31,000","¥22,000","¥11,000","¥2,200",,"¥45,000",https://files.cardrush.media/pokemon/ocha_products/4671.webp,45000
トゲピー＆ピィ＆ププリンGX SA【SR】{186/173}[sm12a],C,186/173,SR,"¥45,000","¥31,000","¥22,000","¥11,000","¥2,200",,"¥45,000",https://files.cardrush.media/pokemon/ocha_products/6026.webp,45000
ブラッキーV SA【SR】{085/069}[S6a],E,085/069,SR,"¥45,000","¥31,000","¥22,000","¥11,000","¥2,200",,"¥45,000",https://files.cardrush.media/pokemon/ocha_products/20751.webp,45000
カイリューV SA【SR】{074/067}[S7R],E,074/067,SR,"¥45,000","¥31,000","¥22,000","¥11,000","¥2,200",,"¥45,000",https://files.cardrush.media/pokemon/ocha_products/21474.webp,45000
カメックスEX 【SR】{061/060}[XY],状態減額大,061/060,SR,"¥45,000","¥22,000","¥9,000","¥2,200",¥450,,"¥45,000",https://files.cardrush.media/pokemon/ocha_products/18926.webp,45000
ルカリオEX 【SR】{099/096}[XY3],状態減額大,099/096,SR,"¥45,000","¥25,000","¥10,000","¥2,500",¥500,,"¥50,000",https://files.cardrush.media/pokemon/ocha_products/1609.webp,45000
メガリザードンXex ※表面加工エラー【MA】{223/193}[M2a],I,223/193,MA,"¥45,000","¥32,000","¥22,000","¥10,000","¥1,500",,"¥50,000",https://files.cardrush.media/pokemon/ocha_products/74759.webp,45000
レシラムex 【BWR】{174/086}[SV11W],I,174/086,BWR,"¥45,000","¥31,000","¥22,000","¥11,000","¥2,200",,"¥45,000",https://files.cardrush.media/pokemon/ocha_products/67583.webp,45000
ニョロボン LV.48 マークあり【★】{旧裏}[その他],,旧裏,★,"¥45,000","¥9,000","¥3,600","¥1,800",¥500,,"¥50,000",https://files.cardrush.media/pokemon/ocha_products/76766.webp,45000
エビワラー LV.33 マークあり【★】{旧裏}[その他],,旧裏,★,"¥45,000","¥9,000","¥3,600","¥1,800",¥500,,"¥50,000",https://files.cardrush.media/pokemon/ocha_products/76774.webp,45000
ライチュウ LV.45 【★】{旧裏}[その他],,旧裏,★,"¥45,000","¥9,000","¥3,600","¥1,800",¥500,,"¥50,000",https://files.cardrush.media/pokemon/ocha_products/76797.webp,45000
わるいフーディン LV.30 【★】{旧裏}[その他],,旧裏,★,"¥45,000","¥9,000","¥3,600","¥1,800",¥500,,"¥50,000",https://files.cardrush.media/pokemon/ocha_products/76817.webp,45000
エリカのフシギバナ LV.45 【★】{旧裏}[その他],,旧裏,★,"¥45,000","¥9,000","¥3,600","¥1,800",¥500,,"¥50,000",https://files.cardrush.media/pokemon/ocha_products/76838.webp,45000
カツラのファイヤー LV.44 【★】{旧裏}[その他],,旧裏,★,"¥45,000","¥9,000","¥3,600","¥1,800",¥500,,"¥50,000",https://files.cardrush.media/pokemon/ocha_products/76843.webp,45000
R団のサンダー LV.34 【★】{旧裏}[その他],,旧裏,★,"¥45,000","¥9,000","¥3,600","¥1,800",¥500,,"¥50,000",https://files.cardrush.media/pokemon/ocha_products/76846.webp,45000
ヤドキング LV.39 【★】{旧裏}[その他],,旧裏,★,"¥45,000","¥9,000","¥3,600","¥1,800",¥500,,"¥50,000",https://files.cardrush.media/pokemon/ocha_products/76863.webp,45000
エンブオー 【UR】{056/052}[BW3],状態減額大,056/052,UR,"¥45,000","¥22,000","¥9,000","¥4,500","¥1,300",,"¥50,000",https://files.cardrush.media/pokemon/ocha_products/18983.webp,45000
シンボラー 【UR】{057/051}[BW8],状態減額大,057/051,UR,"¥45,000","¥22,000","¥9,000","¥4,500","¥1,300",,"¥50,000",https://files.cardrush.media/pokemon/ocha_products/45893.webp,45000
チルタリス 【P】{291/XY-P}[その他],EX,291/XY-P,P,"¥45,000","¥22,000","¥9,000","¥4,500","¥1,300",,"¥50,000",https://files.cardrush.media/pokemon/ocha_products/901.webp,45000
プロテクトキューブ　 リザードンメガバトル【P】{XY-P}[その他],EX,XY-P,P,"¥45,000","¥22,000","¥9,000","¥4,500","¥1,300",,"¥50,000",https://files.cardrush.media/pokemon/ocha_products/47661.webp,45000
チェリム 乱戦！ポケモンスクランブル【-】{002/016}[乱],EX,002/016,-,"¥45,000","¥22,000","¥9,000","¥4,500","¥1,300",,"¥50,000",https://files.cardrush.media/pokemon/ocha_products/48291.webp,45000
スターミー 乱戦！ポケモンスクランブル【-】{005/016}[乱],EX,005/016,-,"¥45,000","¥22,000","¥9,000","¥4,500","¥1,300",,"¥50,000",https://files.cardrush.media/pokemon/ocha_products/48294.webp,45000
ディグダ 乱戦！ポケモンスクランブル【-】{011/016}[乱],EX,011/016,-,"¥45,000","¥22,000","¥9,000","¥4,500","¥1,300",,"¥50,000",https://files.cardrush.media/pokemon/ocha_products/48300.webp,45000
スカタンク 乱戦！ポケモンスクランブル【-】{013/016}[乱],EX,013/016,-,"¥45,000","¥22,000","¥9,000","¥4,500","¥1,300",,"¥50,000",https://files.cardrush.media/pokemon/ocha_products/48302.webp,45000
トリデプス 乱戦！ポケモンスクランブル【-】{014/016}[乱],EX,014/016,-,"¥45,000","¥22,000","¥9,000","¥4,500","¥1,300",,"¥50,000",https://files.cardrush.media/pokemon/ocha_products/48303.webp,45000
コラッタ 乱戦！ポケモンスクランブル【-】{015/016}[乱],EX,015/016,-,"¥45,000","¥22,000","¥9,000","¥4,500","¥1,300",,"¥50,000",https://files.cardrush.media/pokemon/ocha_products/48304.webp,45000
ビーダル 乱戦！ポケモンスクランブル【-】{016/016}[乱],EX,016/016,-,"¥45,000","¥22,000","¥9,000","¥4,500","¥1,300",,"¥50,000",https://files.cardrush.media/pokemon/ocha_products/48305.webp,45000
ホウオウLEGEND 1ED【☆】{016/070+015/070}[L1赤],状態減額大,016/070+015/070,☆,"¥45,000","¥22,000","¥9,000","¥4,500","¥1,300",,"¥50,000",https://files.cardrush.media/pokemon/ocha_products/3885.webp,45000
クレセリア 【P】{020/L-P}[その他],状態減額大,020/L-P,P,"¥45,000","¥22,000","¥9,000","¥4,500","¥1,300",,"¥50,000",https://files.cardrush.media/pokemon/ocha_products/45493.webp,45000
カイリューFBLv.50 【P】{018/DPt-P}[その他],HOF,018/DPt-P,P,"¥45,000","¥22,000","¥9,000","¥4,500","¥1,300",,"¥50,000",https://files.cardrush.media/pokemon/ocha_products/6496.webp,45000
ピカチュウ 【P】{281/XY-P}[その他],PIKA,281/XY-P,P,"¥45,000","¥22,000","¥9,000","¥4,500","¥1,300",,"¥50,000",https://files.cardrush.media/pokemon/ocha_products/1149.webp,45000
ブラッキー 【★】{037/080}[L2],状態減額大,037/080,★,"¥45,000","¥22,000","¥9,000","¥4,500","¥1,300",,"¥50,000",https://files.cardrush.media/pokemon/ocha_products/20938.webp,45000
エーフィ カードe/1ED【-】{046/092}[その他],状態減額大,046/092,-,"¥45,000","¥22,000","¥9,000","¥4,500","¥1,300",,"¥50,000",https://files.cardrush.media/pokemon/ocha_products/21975.webp,45000
エーフィ カードe/アンリミ【-】{046/092}[その他],状態減額大,046/092,-,"¥45,000","¥22,000","¥9,000","¥4,500","¥1,300",,"¥50,000",https://files.cardrush.media/pokemon/ocha_products/21976.webp,45000
リザードン 【R】{011/087}[その他],状態減額大,011/087,R,"¥45,000","¥22,000","¥9,000","¥4,500","¥1,300",,"¥50,000",https://files.cardrush.media/pokemon/ocha_products/6506.webp,45000
リザードン MEIJI【P】{054/ADV-P}[その他],状態減額大,054/ADV-P,P,"¥45,000","¥22,000","¥9,000","¥4,500","¥1,300",,"¥50,000",https://files.cardrush.media/pokemon/ocha_products/18836.webp,45000
リザードン カードe【-】{012/029}[その他],状態減額大,012/029,-,"¥45,000","¥22,000","¥9,000","¥4,500","¥1,300",,"¥50,000",https://files.cardrush.media/pokemon/ocha_products/18772.webp,45000
レックウザ 【P】{100/XY-P}[その他],状態減額大,100/XY-P,P,"¥45,000","¥22,000","¥9,000","¥4,500","¥1,300",,"¥50,000",https://files.cardrush.media/pokemon/ocha_products/18827.webp,45000
ミュウツーδ-デルタ種 【★】{019/086}[その他],EX,019/086,★,"¥45,000","¥22,000","¥9,000","¥4,500","¥1,300",,"¥50,000",https://files.cardrush.media/pokemon/ocha_products/56596.webp,45000
レックウザδ-デルタ種 明治【P】{103/PCG-P}[その他],EX,103/PCG-P,P,"¥45,000","¥22,000","¥9,000","¥4,500","¥1,300",,"¥50,000",https://files.cardrush.media/pokemon/ocha_products/56696.webp,45000
ミュウex 【-】{003/015}[その他],状態減額大,003/015,-,"¥45,000","¥22,000","¥9,000","¥4,500","¥1,300",,"¥50,000",https://files.cardrush.media/pokemon/ocha_products/20930.webp,45000
ラティアスex 【-】{011/018}[その他],EX,011/018,-,"¥45,000","¥22,000","¥9,000","¥4,500","¥1,300",,"¥50,000",https://files.cardrush.media/pokemon/ocha_products/64759.webp,45000
レックウザ 【P】{041/PCG-P}[その他],EX,041/PCG-P,P,"¥45,000","¥22,000","¥9,000","¥4,500","¥1,300",,"¥50,000",https://files.cardrush.media/pokemon/ocha_products/59095.webp,45000
メガニウム トリプルゲットキャンペーン【P】{015/P}[その他],PROMO,015/P,P,"¥45,000","¥22,000","¥9,000","¥4,500","¥1,300",,"¥50,000",https://files.cardrush.media/pokemon/ocha_products/18752.webp,45000
ポケモンカード研究所 【P】{024/PCG-P}[その他],PROMO,024/PCG-P,P,"¥45,000","¥22,000","¥9,000","¥4,500","¥1,300",,"¥50,000",https://files.cardrush.media/pokemon/ocha_products/18758.webp,45000
MルカリオEX 【UR】{105/096}[XY3],状態減額大,105/096,UR,"¥45,000","¥22,000","¥9,000","¥4,500","¥1,300",,"¥50,000",https://files.cardrush.media/pokemon/ocha_products/107.webp,45000
MリザードンEX X【-】{011/072}[20th],状態減額大,011/072,-,"¥45,000","¥22,000","¥9,000","¥4,500","¥1,300",,"¥50,000",https://files.cardrush.media/pokemon/ocha_products/104.webp,45000
レックウザEX 【P】{158/XY-P}[その他],EX,158/XY-P,P,"¥45,000","¥22,000","¥9,000","¥4,500","¥1,300",,"¥50,000",https://files.cardrush.media/pokemon/ocha_products/21954.webp,45000
ピカチュウ＆ゼクロムGX 【UR】{221/173}[sm12a],C,221/173,UR,"¥45,000","¥29,000","¥20,000","¥9,000","¥2,200",,"¥45,000",https://files.cardrush.media/pokemon/ocha_products/6061.webp,45000
ふしぎなアメ 【UR】{086/076}[BW9],I,086/076,UR,"¥45,000","¥29,000","¥20,000","¥9,000","¥2,200",,"¥45,000",https://files.cardrush.media/pokemon/ocha_products/1244.webp,45000
リーリエ 学園祭2017【P】{148/SM-P}[その他],A,148/SM-P,P,"¥45,000","¥29,000","¥20,000","¥9,000","¥2,200",,"¥45,000",https://files.cardrush.media/pokemon/ocha_products/1592.webp,45000
ロケット団のミミッキュGX RR仕様【-】{010/026}[smD],A,010/026,-,"¥45,000","¥29,000","¥20,000","¥9,000","¥2,200",,"¥45,000",https://files.cardrush.media/pokemon/ocha_products/1695.webp,45000
ゲンガー＆ミミッキュGX 【HR】{113/095}[sm9],C,113/095,HR,"¥45,000","¥29,000","¥20,000","¥9,000","¥2,200",,"¥45,000",https://files.cardrush.media/pokemon/ocha_products/2710.webp,45000
ひかるルギア 【H】{058/072}[sm3+],A,058/072,H,"¥45,000","¥29,000","¥20,000","¥9,000","¥2,200",,"¥45,000",https://files.cardrush.media/pokemon/ocha_products/1179.webp,45000
ひかるレックウザ 【H】{057/072}[sm3+],A,057/072,H,"¥45,000","¥29,000","¥20,000","¥9,000","¥2,200",,"¥45,000",https://files.cardrush.media/pokemon/ocha_products/1180.webp,45000
ひかるミュウ 【H】{041/072}[sm3+],A,041/072,H,"¥45,000","¥29,000","¥20,000","¥9,000","¥2,200",,"¥45,000",https://files.cardrush.media/pokemon/ocha_products/1178.webp,45000
カメックス＆ポッチャマGX SA【SR】{070/064}[sm11a],C,070/064,SR,"¥42,000","¥29,000","¥21,000","¥10,000","¥2,100",,"¥42,000",https://files.cardrush.media/pokemon/ocha_products/5034.webp,42000
ラティオス 【R】{019/027}[CP2],EX,019/027,R,"¥42,000","¥21,000","¥8,400","¥4,200","¥1,200",,"¥47,000",https://files.cardrush.media/pokemon/ocha_products/18524.webp,42000
漫才ごっこピカチュウ 【P】{407/SM-P}[その他],PIKA,407/SM-P,P,"¥42,000","¥21,000","¥8,400","¥4,200","¥1,200",,"¥47,000",https://files.cardrush.media/pokemon/ocha_products/5620.webp,42000
ロケット団の工作 【SR】{087/078}[XY10],EX,087/078,SR,"¥40,000","¥22,000","¥9,000","¥2,200",¥450,,"¥45,000",https://files.cardrush.media/pokemon/ocha_products/1693.webp,40000
ピカチュウex 【SAR】{132/106}[SV8],H,132/106,SAR,"¥40,000","¥28,000","¥20,000","¥10,000","¥2,000",,"¥40,000",https://files.cardrush.media/pokemon/ocha_products/60257.webp,40000
ブラッキーGX 【SR】{063/060}[sm1M],A,063/060,SR,"¥40,000","¥29,000","¥20,000","¥9,000","¥1,300",,"¥45,000",https://files.cardrush.media/pokemon/ocha_products/1283.webp,40000
MバンギラスEX 【SR】{090/081}[XY7],状態減額大,090/081,SR,"¥40,000","¥22,000","¥9,000","¥2,200",¥450,,"¥45,000",https://files.cardrush.media/pokemon/ocha_products/18962.webp,40000
MフーディンEX 【SR】{081/078}[XY10],状態減額大,081/078,SR,"¥40,000","¥22,000","¥9,000","¥2,200",¥450,,"¥45,000",https://files.cardrush.media/pokemon/ocha_products/101.webp,40000
ゼクロムex 【BWR】{174/086}[SV11B],I,174/086,BWR,"¥40,000","¥28,000","¥20,000","¥10,000","¥2,000",,"¥40,000",https://files.cardrush.media/pokemon/ocha_products/67343.webp,40000
レアコイル LV.28 マークあり【★】{旧裏}[その他],,旧裏,★,"¥40,000","¥8,000","¥3,200","¥1,600",¥450,,"¥45,000",https://files.cardrush.media/pokemon/ocha_products/76769.webp,40000
ニドクイン LV.43 【★】{旧裏}[その他],,旧裏,★,"¥40,000","¥8,000","¥3,200","¥1,600",¥450,,"¥45,000",https://files.cardrush.media/pokemon/ocha_products/76777.webp,40000
カイロス LV.24 【★】{旧裏}[その他],,旧裏,★,"¥40,000","¥8,000","¥3,200","¥1,600",¥450,,"¥45,000",https://files.cardrush.media/pokemon/ocha_products/76782.webp,40000
R団のストライク LV.23 【★】{旧裏}[その他],,旧裏,★,"¥40,000","¥8,000","¥3,200","¥1,600",¥450,,"¥45,000",https://files.cardrush.media/pokemon/ocha_products/76824.webp,40000
タケシのキュウコン LV.30 【★】{旧裏}[その他],,旧裏,★,"¥40,000","¥8,000","¥3,200","¥1,600",¥450,,"¥45,000",https://files.cardrush.media/pokemon/ocha_products/76825.webp,40000
ビリジオン 【UR】{084/076}[BW9],状態減額大,084/076,UR,"¥40,000","¥20,000","¥8,000","¥4,000","¥1,200",,"¥45,000",https://files.cardrush.media/pokemon/ocha_products/18982.webp,40000
アーケオス 【UR】{075/069}[BW4],状態減額大,075/069,UR,"¥40,000","¥20,000","¥8,000","¥4,000","¥1,200",,"¥45,000",https://files.cardrush.media/pokemon/ocha_products/18984.webp,40000
ゾロアーク 【UR】{056/052}[その他],状態減額大,056/052,UR,"¥40,000","¥20,000","¥8,000","¥4,000","¥1,200",,"¥45,000",https://files.cardrush.media/pokemon/ocha_products/3698.webp,40000
ラティアス 【R】{018/027}[CP2],EX,018/027,R,"¥40,000","¥20,000","¥8,000","¥4,000","¥1,200",,"¥45,000",https://files.cardrush.media/pokemon/ocha_products/18523.webp,40000
ビクティニ 【-】{007/036}[CP5],EX,007/036,-,"¥40,000","¥20,000","¥8,000","¥4,000","¥1,200",,"¥45,000",https://files.cardrush.media/pokemon/ocha_products/18480.webp,40000
ミュウ 【-】{016/036}[CP5],EX,016/036,-,"¥40,000","¥20,000","¥8,000","¥4,000","¥1,200",,"¥45,000",https://files.cardrush.media/pokemon/ocha_products/18489.webp,40000
R団のセレビィ 【★】{071/084}[その他],HOF,071/084,★,"¥40,000","¥20,000","¥8,000","¥4,000","¥1,200",,"¥45,000",https://files.cardrush.media/pokemon/ocha_products/37453.webp,40000
ピカチュウ 【P】{206/XY-P}[その他],PIKA,206/XY-P,P,"¥40,000","¥20,000","¥8,000","¥4,000","¥1,200",,"¥45,000",https://files.cardrush.media/pokemon/ocha_products/1143.webp,40000
スイクンex 【☆】{027/080}[ADEX],その他,027/080,☆,"¥40,000","¥20,000","¥8,000","¥4,000","¥1,200",,"¥45,000",https://files.cardrush.media/pokemon/ocha_products/65652.webp,40000
ラティオスex 【-】{011/018}[その他],EX,011/018,-,"¥40,000","¥20,000","¥8,000","¥4,000","¥1,200",,"¥45,000",https://files.cardrush.media/pokemon/ocha_products/3899.webp,40000
フリーザーex 【P】{010/PLAY}[その他],状態減額大,010/PLAY,P,"¥40,000","¥20,000","¥8,000","¥4,000","¥1,200",,"¥45,000",https://files.cardrush.media/pokemon/ocha_products/18841.webp,40000
サンダーex 【P】{011/PLAY}[その他],状態減額大,011/PLAY,P,"¥40,000","¥20,000","¥8,000","¥4,000","¥1,200",,"¥45,000",https://files.cardrush.media/pokemon/ocha_products/18840.webp,40000
ポケモン大好きクラブ 台紙付き【P】{096/PCG-P}[その他],,096/PCG-P,P,"¥40,000","¥20,000","¥8,000","¥4,000","¥1,200",,"¥45,000",https://files.cardrush.media/pokemon/ocha_products/47266.webp,40000
MレックウザEX 【P】{272/XY-P}[その他],状態減額大,272/XY-P,P,"¥40,000","¥20,000","¥8,000","¥4,000","¥1,200",,"¥45,000",https://files.cardrush.media/pokemon/ocha_products/111.webp,40000
リザードンEX 【P】{213/XY-P}[その他],状態減額大,213/XY-P,P,"¥40,000","¥20,000","¥8,000","¥4,000","¥1,200",,"¥45,000",https://files.cardrush.media/pokemon/ocha_products/3845.webp,40000
ピカチュウ 韓国【-】{PW}[その他],,PW,-,"¥40,000","¥20,000","¥8,000","¥4,000","¥1,200",,"¥45,000",https://files.cardrush.media/pokemon/ocha_products/71490.webp,40000
ピカチュウ スペイン【-】{PW}[その他],,PW,-,"¥40,000","¥20,000","¥8,000","¥4,000","¥1,200",,"¥45,000",https://files.cardrush.media/pokemon/ocha_products/71491.webp,40000
ピカチュウ ドイツ【-】{PW}[その他],,PW,-,"¥40,000","¥20,000","¥8,000","¥4,000","¥1,200",,"¥45,000",https://files.cardrush.media/pokemon/ocha_products/71492.webp,40000
ピカチュウ ポルトガル【-】{PW}[その他],,PW,-,"¥40,000","¥20,000","¥8,000","¥4,000","¥1,200",,"¥45,000",https://files.cardrush.media/pokemon/ocha_products/71495.webp,40000
はくばバドレックスVMAX SA【HR】{085/070}[S6H],E,085/070,HR,"¥40,000","¥26,000","¥18,000","¥8,000","¥2,000",,"¥40,000",https://files.cardrush.media/pokemon/ocha_products/20205.webp,40000
いちげきウーラオスVMAX SA【HR】{085/070}[S5I],E,085/070,HR,"¥40,000","¥26,000","¥18,000","¥8,000","¥2,000",,"¥40,000",https://files.cardrush.media/pokemon/ocha_products/18238.webp,40000
リーフィアVMAX SA【HR】{089/069}[S6a],E,089/069,HR,"¥40,000","¥26,000","¥18,000","¥8,000","¥2,000",,"¥40,000",https://files.cardrush.media/pokemon/ocha_products/20755.webp,40000
まんたんのくすり 【UR】{058/051}[BW8緑],A,058/051,UR,"¥40,000","¥26,000","¥18,000","¥8,000","¥2,000",,"¥40,000",https://files.cardrush.media/pokemon/ocha_products/1480.webp,40000
ミュウツー＆ミュウGX 【HR】{108/094}[sm11],C,108/094,HR,"¥40,000","¥26,000","¥18,000","¥8,000","¥2,000",,"¥40,000",https://files.cardrush.media/pokemon/ocha_products/4675.webp,40000
ピカチュウ 【P】{323/S-P}[その他],F,323/S-P,P,"¥40,000","¥26,000","¥18,000","¥8,000","¥2,000",,"¥40,000",https://files.cardrush.media/pokemon/ocha_products/38029.webp,40000
ピカチュウex SR仕様【-】{001/030}[WCS23],G,001/030,-,"¥40,000","¥26,000","¥18,000","¥8,000","¥2,000",,"¥40,000",https://files.cardrush.media/pokemon/ocha_products/45825.webp,40000
ソルガレオ 【P】{067/SM-P}[その他],A,067/SM-P,P,"¥40,000","¥26,000","¥18,000","¥8,000","¥2,000",,"¥40,000",https://files.cardrush.media/pokemon/ocha_products/794.webp,40000
ヒガナ 【SR】{059/053}[sm6a],B,059/053,SR,"¥38,000","¥26,000","¥18,000","¥8,000","¥1,200",,"¥40,000",https://files.cardrush.media/pokemon/ocha_products/1170.webp,38000
ガブリアス＆ギラティナGX SA【SR】{060/054}[sm10a],C,060/054,SR,"¥38,000","¥26,000","¥19,000","¥9,500","¥1,900",,"¥38,000",https://files.cardrush.media/pokemon/ocha_products/4002.webp,38000
ピカチュウ 【P】{156/XY-P}[その他],PIKA,156/XY-P,P,"¥37,000","¥18,000","¥7,400","¥3,700","¥1,100",,"¥42,000",https://files.cardrush.media/pokemon/ocha_products/1153.webp,37000
リザードンEX 【P】{075/XY-P}[その他],状態減額大,075/XY-P,P,"¥37,000","¥18,000","¥7,400","¥3,700","¥1,100",,"¥42,000",https://files.cardrush.media/pokemon/ocha_products/3843.webp,37000
エーフィGX 【HR】{068/060}[sm1S],A,068/060,HR,"¥37,000","¥24,000","¥16,000","¥7,400","¥1,800",,"¥37,000",https://files.cardrush.media/pokemon/ocha_products/237.webp,37000
スイレン 【SR】{118/114}[sm4+],A,118/114,SR,"¥36,000","¥26,000","¥18,000","¥8,000","¥1,200",,"¥40,000",https://files.cardrush.media/pokemon/ocha_products/737.webp,36000
ブルーの探索 【SR】{196/173}[sm12a],C,196/173,SR,"¥36,000","¥26,000","¥18,000","¥8,000","¥1,200",,"¥40,000",https://files.cardrush.media/pokemon/ocha_products/6036.webp,36000
フリーザーEX 【SR】{072/070}[BW7],状態減額大,072/070,SR,"¥36,000","¥20,000","¥8,000","¥2,000",¥400,,"¥40,000",https://files.cardrush.media/pokemon/ocha_products/18927.webp,36000
MハッサムEX 【SR】{087/080}[XY9],状態減額大,087/080,SR,"¥36,000","¥20,000","¥8,000","¥2,000",¥400,,"¥40,000",https://files.cardrush.media/pokemon/ocha_products/6203.webp,36000
ディアルガEX 【SR】{080/076}[BW9],状態減額大,080/076,SR,"¥36,000","¥20,000","¥8,000","¥2,000",¥400,,"¥40,000",https://files.cardrush.media/pokemon/ocha_products/18925.webp,36000
ラティオスEX 【SR】{082/078}[その他],状態減額大,082/078,SR,"¥36,000","¥20,000","¥8,000","¥2,000",¥400,,"¥40,000",https://files.cardrush.media/pokemon/ocha_products/3894.webp,36000
ラフレシア LV.35 【★】{旧裏}[その他],,旧裏,★,"¥36,000","¥7,200","¥2,800","¥1,400",¥400,,"¥40,000",https://files.cardrush.media/pokemon/ocha_products/76778.webp,36000
ウツボット LV.42 【★】{旧裏}[その他],,旧裏,★,"¥36,000","¥7,200","¥2,800","¥1,400",¥400,,"¥40,000",https://files.cardrush.media/pokemon/ocha_products/76780.webp,36000
ストライク LV.25 【★】{旧裏}[その他],,旧裏,★,"¥36,000","¥7,200","¥2,800","¥1,400",¥400,,"¥40,000",https://files.cardrush.media/pokemon/ocha_products/76781.webp,36000
プクリン LV.36 【★】{旧裏}[その他],,旧裏,★,"¥36,000","¥7,200","¥2,800","¥1,400",¥400,,"¥40,000",https://files.cardrush.media/pokemon/ocha_products/76790.webp,36000
R団のファイヤー LV.26 【★】{旧裏}[その他],,旧裏,★,"¥36,000","¥7,200","¥2,800","¥1,400",¥400,,"¥40,000",https://files.cardrush.media/pokemon/ocha_products/76826.webp,36000
カスミのギャラドス LV.42 【★】{旧裏}[その他],,旧裏,★,"¥36,000","¥7,200","¥2,800","¥1,400",¥400,,"¥40,000",https://files.cardrush.media/pokemon/ocha_products/76830.webp,36000
エリカのハクリュー LV.32 【★】{旧裏}[その他],,旧裏,★,"¥36,000","¥7,200","¥2,800","¥1,400",¥400,,"¥40,000",https://files.cardrush.media/pokemon/ocha_products/76837.webp,36000
カツラのウインディ LV.42 【★】{旧裏}[その他],,旧裏,★,"¥36,000","¥7,200","¥2,800","¥1,400",¥400,,"¥40,000",https://files.cardrush.media/pokemon/ocha_products/76842.webp,36000
ハピナス LV.62 【★】{旧裏}[その他],,旧裏,★,"¥36,000","¥7,200","¥2,800","¥1,400",¥400,,"¥40,000",https://files.cardrush.media/pokemon/ocha_products/76904.webp,36000
セレビィ LV.14 【-】{旧裏}[その他],,旧裏,-,"¥36,000","¥7,200","¥2,800","¥1,400",¥400,,"¥40,000",https://files.cardrush.media/pokemon/ocha_products/76945.webp,36000
ホウオウ LV.44 【-】{旧裏}[その他],,旧裏,-,"¥36,000","¥7,200","¥2,800","¥1,400",¥400,,"¥40,000",https://files.cardrush.media/pokemon/ocha_products/76950.webp,36000
ランクルス 【UR】{054/050}[BW5],状態減額大,054/050,UR,"¥36,000","¥18,000","¥7,200","¥3,600","¥1,000",,"¥40,000",https://files.cardrush.media/pokemon/ocha_products/22608.webp,36000
ワルビアル 【UR】{055/050}[BW5],状態減額大,055/050,UR,"¥36,000","¥18,000","¥7,200","¥3,600","¥1,000",,"¥40,000",https://files.cardrush.media/pokemon/ocha_products/20871.webp,36000
ダイゴ SR仕様【P】{121/XY-P}[その他],EX,121/XY-P,P,"¥36,000","¥18,000","¥7,200","¥3,600","¥1,000",,"¥40,000",https://files.cardrush.media/pokemon/ocha_products/834.webp,36000
セレビィ 【-】{002/036}[CP5],EX,002/036,-,"¥36,000","¥18,000","¥7,200","¥3,600","¥1,000",,"¥40,000",https://files.cardrush.media/pokemon/ocha_products/18475.webp,36000
ヒードラン 乱戦！ポケモンスクランブル【-】{004/016}[乱],EX,004/016,-,"¥36,000","¥18,000","¥7,200","¥3,600","¥1,000",,"¥40,000",https://files.cardrush.media/pokemon/ocha_products/48293.webp,36000
ホウオウ 【P】{048/L-P}[その他],PROMO,048/L-P,P,"¥36,000","¥18,000","¥7,200","¥3,600","¥1,000",,"¥40,000",https://files.cardrush.media/pokemon/ocha_products/18817.webp,36000
R団のストライクex 【★】{061/084}[その他],HOF,061/084,★,"¥36,000","¥18,000","¥7,200","¥3,600","¥1,000",,"¥40,000",https://files.cardrush.media/pokemon/ocha_products/69286.webp,36000
レックウザ 【P】{094/PCG-P}[その他],,094/PCG-P,P,"¥36,000","¥18,000","¥7,200","¥3,600","¥1,000",,"¥40,000",https://files.cardrush.media/pokemon/ocha_products/64872.webp,36000
おかいものピカチュウ 【P】{079/L-P}[その他],PIKA,079/L-P,P,"¥36,000","¥18,000","¥7,200","¥3,600","¥1,000",,"¥40,000",https://files.cardrush.media/pokemon/ocha_products/4318.webp,36000
ピカチュウ 【P】{038/P}[その他],状態減額大,038/P,P,"¥36,000","¥18,000","¥7,200","¥3,600","¥1,000",,"¥40,000",https://files.cardrush.media/pokemon/ocha_products/20950.webp,36000
バンギラスex 【☆】{093/106}[P4],その他,093/106,☆,"¥36,000","¥18,000","¥7,200","¥3,600","¥1,000",,"¥40,000",https://files.cardrush.media/pokemon/ocha_products/65675.webp,36000
レックウザex 【-】{018/019}[PG-e],その他,018/019,-,"¥36,000","¥18,000","¥7,200","¥3,600","¥1,000",,"¥40,000",https://files.cardrush.media/pokemon/ocha_products/65711.webp,36000
マスターボール 【P】{018/PLAY}[その他],状態減額大,018/PLAY,P,"¥36,000","¥18,000","¥7,200","¥3,600","¥1,000",,"¥40,000",https://files.cardrush.media/pokemon/ocha_products/18835.webp,36000
勝利のメダル 銅2009/ピカチュウ【P】{031/L-P}[その他],状態減額大,031/L-P,P,"¥36,000","¥18,000","¥7,200","¥3,600","¥1,000",,"¥40,000",https://files.cardrush.media/pokemon/ocha_products/2955.webp,36000
ポケモン大好きクラブ 【P】{096/PCG-P}[その他],,096/PCG-P,P,"¥36,000","¥18,000","¥7,200","¥3,600","¥1,000",,"¥40,000",https://files.cardrush.media/pokemon/ocha_products/47265.webp,36000
MゲンガーEX RR仕様【-】{049/131}[その他],,049/131,-,"¥36,000","¥18,000","¥7,200","¥3,600","¥1,000",,"¥40,000",https://files.cardrush.media/pokemon/ocha_products/69647.webp,36000
MゲンガーEX 【-】{011/049}[その他],,011/049,-,"¥36,000","¥18,000","¥7,200","¥3,600","¥1,000",,"¥40,000",https://files.cardrush.media/pokemon/ocha_products/69646.webp,36000
リザードンex 【SAR】{201/165}[SV2a],G,201/165,SAR,"¥35,000","¥24,000","¥17,000","¥8,700","¥1,700",,"¥35,000",https://files.cardrush.media/pokemon/ocha_products/43860.webp,35000
ロケット団のミュウツーex 【SAR】{125/098}[SV10],I,125/098,SAR,"¥35,000","¥24,000","¥17,000","¥8,700","¥1,700",,"¥35,000",https://files.cardrush.media/pokemon/ocha_products/65285.webp,35000
ニンフィアGX 【SR】{057/051}[sm1+],A,057/051,SR,"¥35,000","¥24,000","¥17,000","¥8,700","¥1,700",,"¥35,000",https://files.cardrush.media/pokemon/ocha_products/985.webp,35000
メガゲッコウガex 【MUR】{120/083}[M4],J,120/083,MUR,"¥35,000","¥24,000","¥17,000","¥8,700","¥1,700",,"¥35,000",https://files.cardrush.media/pokemon/ocha_products/79905.webp,35000
ピッピ 【P】{381/SM-P}[その他],C,381/SM-P,P,"¥35,000","¥22,000","¥15,000","¥7,000","¥1,700",,"¥35,000",https://files.cardrush.media/pokemon/ocha_products/5133.webp,35000
ウッウ 【P】{226/S-P}[その他],E,226/S-P,P,"¥35,000","¥22,000","¥15,000","¥7,000","¥1,700",,"¥35,000",https://files.cardrush.media/pokemon/ocha_products/21891.webp,35000
ロコン 【P】{146/SM-P}[その他],A,146/SM-P,P,"¥35,000","¥22,000","¥15,000","¥7,000","¥1,700",,"¥35,000",https://files.cardrush.media/pokemon/ocha_products/2786.webp,35000
アローラロコン 【P】{147/SM-P}[その他],A,147/SM-P,P,"¥35,000","¥22,000","¥15,000","¥7,000","¥1,700",,"¥35,000",https://files.cardrush.media/pokemon/ocha_products/2805.webp,35000
ルギアGX 【HR】{108/095}[sm8],B,108/095,HR,"¥35,000","¥22,000","¥15,000","¥7,000","¥1,700",,"¥35,000",https://files.cardrush.media/pokemon/ocha_products/1882.webp,35000
エーフィGX 【P】{124/SM-P}[その他],A,124/SM-P,P,"¥35,000","¥22,000","¥15,000","¥7,000","¥1,700",,"¥35,000",https://files.cardrush.media/pokemon/ocha_products/238.webp,35000
ひかるホウオウ 【P】{083/SM-P}[その他],A,083/SM-P,P,"¥35,000","¥22,000","¥15,000","¥7,000","¥1,700",,"¥35,000",https://files.cardrush.media/pokemon/ocha_products/1176.webp,35000
ルナアーラ 【P】{066/SM-P}[その他],A,066/SM-P,P,"¥35,000","¥22,000","¥15,000","¥7,000","¥1,700",,"¥35,000",https://files.cardrush.media/pokemon/ocha_products/1633.webp,35000
あばれる君 当選通知書付き【P】{320/SM-P}[その他],C,320/SM-P,P,"¥35,000","¥22,000","¥15,000","¥7,000","¥1,700",,"¥35,000",https://files.cardrush.media/pokemon/ocha_products/17850.webp,35000
サーナイトEX 【SR】{056/054}[XY11青],状態減額大,056/054,SR,"¥34,000","¥19,000","¥7,600","¥1,900",¥350,,"¥38,000",https://files.cardrush.media/pokemon/ocha_products/615.webp,34000
ブラッキー＆ダークライGX 【HR】{215/173}[sm12a],C,215/173,HR,"¥34,000","¥22,000","¥15,000","¥6,800","¥1,700",,"¥34,000",https://files.cardrush.media/pokemon/ocha_products/6055.webp,34000
ルカリオV SR仕様【P】{304/S-P}[その他],F,304/S-P,P,"¥34,000","¥22,000","¥15,000","¥6,800","¥1,700",,"¥34,000",https://files.cardrush.media/pokemon/ocha_products/37353.webp,34000
グリーンの戦略 【SR】{193/173}[sm12a],C,193/173,SR,"¥33,000","¥23,000","¥16,000","¥8,200","¥1,600",,"¥33,000",https://files.cardrush.media/pokemon/ocha_products/6033.webp,33000
AZ 【SR】{093/088}[XY4],EX,093/088,SR,"¥33,000","¥18,000","¥7,400","¥1,800",¥350,,"¥37,000",https://files.cardrush.media/pokemon/ocha_products/90.webp,33000
ナギ 【SR】{088/078}[XY6],EX,088/078,SR,"¥33,000","¥18,000","¥7,400","¥1,800",¥350,,"¥37,000",https://files.cardrush.media/pokemon/ocha_products/970.webp,33000
ガラルファイヤーV SA【SR】{078/070}[S5a],E,078/070,SR,"¥33,000","¥22,000","¥15,000","¥7,000","¥1,000",,"¥35,000",https://files.cardrush.media/pokemon/ocha_products/18995.webp,33000
メガゲンガーex ※表面加工エラー【MA】{230/193}[M2a],I,230/193,MA,"¥33,000","¥22,000","¥15,000","¥7,000","¥1,000",,"¥35,000",https://files.cardrush.media/pokemon/ocha_products/74766.webp,33000
わるいオーダイル LV.44 【★】{旧裏}[その他],,旧裏,★,"¥33,000","¥6,600","¥2,600","¥1,300",¥350,,"¥37,000",https://files.cardrush.media/pokemon/ocha_products/76909.webp,33000
名探偵ピカチュウ 【P】{337/SM-P}[smP2],PIKA,337/SM-P,P,"¥33,000","¥16,000","¥6,600","¥3,300",¥950,,"¥37,000",https://files.cardrush.media/pokemon/ocha_products/4451.webp,33000
名探偵ピカチュウ 【P】{338/SM-P}[smP2],PIKA,338/SM-P,P,"¥33,000","¥16,000","¥6,600","¥3,300",¥950,,"¥37,000",https://files.cardrush.media/pokemon/ocha_products/4452.webp,33000
シェイミ 【-】{004/036}[CP5],EX,004/036,-,"¥33,000","¥16,000","¥6,600","¥3,300",¥950,,"¥37,000",https://files.cardrush.media/pokemon/ocha_products/18477.webp,33000
ジラーチ 【-】{027/036}[CP5],EX,027/036,-,"¥33,000","¥16,000","¥6,600","¥3,300",¥950,,"¥37,000",https://files.cardrush.media/pokemon/ocha_products/18498.webp,33000
ライチュウGX 【HR】{079/072}[sm3+],A,079/072,HR,"¥33,000","¥21,000","¥14,000","¥6,600","¥1,600",,"¥33,000",https://files.cardrush.media/pokemon/ocha_products/1556.webp,33000
ニンフィアGX 【P】{323/SM-P}[その他],A,323/SM-P,P,"¥33,000","¥21,000","¥14,000","¥6,600","¥1,600",,"¥33,000",https://files.cardrush.media/pokemon/ocha_products/3141.webp,33000
ピカチュウ＆ゼクロムGX 【HR】{112/095}[sm9],C,112/095,HR,"¥32,000","¥20,000","¥14,000","¥6,400","¥1,600",,"¥32,000",https://files.cardrush.media/pokemon/ocha_products/2709.webp,32000
マリィ 【SR】{068/060}[s1H],D,068/060,SR,"¥31,000","¥22,000","¥15,000","¥7,000","¥1,000",,"¥35,000",https://files.cardrush.media/pokemon/ocha_products/7040.webp,31000
シェイミEX 【SR】{021/020}[SC],状態減額大,021/020,SR,"¥31,000","¥17,000","¥7,000","¥1,700",¥350,,"¥35,000",https://files.cardrush.media/pokemon/ocha_products/18932.webp,31000
カイリューEX 【SR】{100/096}[XY3],状態減額大,100/096,SR,"¥31,000","¥17,000","¥7,000","¥1,700",¥350,,"¥35,000",https://files.cardrush.media/pokemon/ocha_products/6383.webp,31000
エンテイEX 【SR】{070/069}[BW4],状態減額大,070/069,SR,"¥31,000","¥17,000","¥7,000","¥1,700",¥350,,"¥35,000",https://files.cardrush.media/pokemon/ocha_products/18919.webp,31000
MピジョットEX 【SR】{097/087}[CP6],状態減額大,097/087,SR,"¥31,000","¥17,000","¥7,000","¥1,700",¥350,,"¥35,000",https://files.cardrush.media/pokemon/ocha_products/18918.webp,31000
バンギラスEX 【SR】{089/081}[XY7],状態減額大,089/081,SR,"¥31,000","¥17,000","¥7,000","¥1,700",¥350,,"¥35,000",https://files.cardrush.media/pokemon/ocha_products/18930.webp,31000
MジュカインEX 【SR】{083/081}[その他],EX,083/081,SR,"¥31,000","¥17,000","¥7,000","¥1,700",¥350,,"¥35,000",https://files.cardrush.media/pokemon/ocha_products/4026.webp,31000
MデンリュウEX 【SR】{086/081}[その他],状態減額大,086/081,SR,"¥31,000","¥17,000","¥7,000","¥1,700",¥350,,"¥35,000",https://files.cardrush.media/pokemon/ocha_products/3881.webp,31000
ジラーチEX 【SR】{079/076}[その他],状態減額大,079/076,SR,"¥31,000","¥17,000","¥7,000","¥1,700",¥350,,"¥35,000",https://files.cardrush.media/pokemon/ocha_products/5629.webp,31000
ピジョット LV.40 【★】{旧裏}[その他],,旧裏,★,"¥31,000","¥6,200","¥2,400","¥1,200",¥350,,"¥35,000",https://files.cardrush.media/pokemon/ocha_products/76788.webp,31000
ピクシー LV.34 【★】{旧裏}[その他],,旧裏,★,"¥31,000","¥6,200","¥2,400","¥1,200",¥350,,"¥35,000",https://files.cardrush.media/pokemon/ocha_products/76789.webp,31000
マチスのライチュウ LV.38 【★】{旧裏}[その他],,旧裏,★,"¥31,000","¥6,200","¥2,400","¥1,200",¥350,,"¥35,000",https://files.cardrush.media/pokemon/ocha_products/76845.webp,31000
ニョロトノ LV.53 【★】{旧裏}[その他],,旧裏,★,"¥31,000","¥6,200","¥2,400","¥1,200",¥350,,"¥35,000",https://files.cardrush.media/pokemon/ocha_products/76873.webp,31000
プテラ LV.27 【★】{旧裏}[その他],,旧裏,★,"¥31,000","¥6,200","¥2,400","¥1,200",¥350,,"¥35,000",https://files.cardrush.media/pokemon/ocha_products/76899.webp,31000
わるいバクフーン LV.45 【★】{旧裏}[その他],,旧裏,★,"¥31,000","¥6,200","¥2,400","¥1,200",¥350,,"¥35,000",https://files.cardrush.media/pokemon/ocha_products/76907.webp,31000
エーフィ LV.38 【-】{旧裏}[その他],,旧裏,-,"¥31,000","¥6,200","¥2,400","¥1,200",¥350,,"¥35,000",https://files.cardrush.media/pokemon/ocha_products/76938.webp,31000
サンダー SR仕様【-】{020/072}[20th],状態減額大,020/072,-,"¥31,000","¥15,000","¥6,200","¥3,100",¥900,,"¥35,000",https://files.cardrush.media/pokemon/ocha_products/18905.webp,31000
サザンドラ 【UR】{057/052}[BW3],状態減額大,057/052,UR,"¥31,000","¥15,000","¥6,200","¥3,100",¥900,,"¥35,000",https://files.cardrush.media/pokemon/ocha_products/18976.webp,31000
ピカチュウ 【-】{003/009}[その他],状態減額大,003/009,-,"¥31,000","¥15,000","¥6,200","¥3,100",¥900,,"¥35,000",https://files.cardrush.media/pokemon/ocha_products/20970.webp,31000
逆襲のミュウツー 【-】{-}[10th],EX,-,-,"¥31,000","¥15,000","¥6,200","¥3,100",¥900,,"¥35,000",https://files.cardrush.media/pokemon/ocha_products/47584.webp,31000
爆誕のルギア 【-】{-}[10th],EX,-,-,"¥31,000","¥15,000","¥6,200","¥3,100",¥900,,"¥35,000",https://files.cardrush.media/pokemon/ocha_products/47588.webp,31000
アルフの石版 L2【-】{081/080}[L2],状態減額大,081/080,-,"¥31,000","¥15,000","¥6,200","¥3,100",¥900,,"¥35,000",https://files.cardrush.media/pokemon/ocha_products/20895.webp,31000
アルフの石版 L1青【-】{071/070}[L1],状態減額大,071/070,-,"¥31,000","¥15,000","¥6,200","¥3,100",¥900,,"¥35,000",https://files.cardrush.media/pokemon/ocha_products/20897.webp,31000
オーキドはかせの訪問 キラ【P】{-}[その他],PROMO,-,P,"¥31,000","¥15,000","¥6,200","¥3,100",¥900,,"¥35,000",https://files.cardrush.media/pokemon/ocha_products/18803.webp,31000
ヒトカゲ 【P】{124/DP-P}[その他],状態減額大,124/DP-P,P,"¥31,000","¥15,000","¥6,200","¥3,100",¥900,,"¥35,000",https://files.cardrush.media/pokemon/ocha_products/20924.webp,31000
R団のエビワラーex 【★】{060/084}[その他],HOF,060/084,★,"¥31,000","¥15,000","¥6,200","¥3,100",¥900,,"¥35,000",https://files.cardrush.media/pokemon/ocha_products/37448.webp,31000
メタモン ヒトカゲ【-】{003/015}[その他],-,003/015,-,"¥31,000","¥15,000","¥6,200","¥3,100",¥900,,"¥35,000",https://files.cardrush.media/pokemon/ocha_products/81164.webp,31000
メタモン ヒトカゲ【★】{012/086}[その他],-,012/086,★,"¥31,000","¥15,000","¥6,200","¥3,100",¥900,,"¥35,000",https://files.cardrush.media/pokemon/ocha_products/81168.webp,31000
メタモン ゼニガメ【-】{002/015}[その他],-,002/015,-,"¥31,000","¥15,000","¥6,200","¥3,100",¥900,,"¥35,000",https://files.cardrush.media/pokemon/ocha_products/81172.webp,31000
メタモン ゼニガメ【★】{024/086}[その他],-,024/086,★,"¥31,000","¥15,000","¥6,200","¥3,100",¥900,,"¥35,000",https://files.cardrush.media/pokemon/ocha_products/81176.webp,31000
ピカチュウ 【P】{008/SM-P}[その他],PIKA,008/SM-P,P,"¥31,000","¥15,000","¥6,200","¥3,100",¥900,,"¥35,000",https://files.cardrush.media/pokemon/ocha_products/1157.webp,31000
リーフィア 【P】{182/BW-P}[その他],状態減額大,182/BW-P,P,"¥31,000","¥15,000","¥6,200","¥3,100",¥900,,"¥35,000",https://files.cardrush.media/pokemon/ocha_products/22012.webp,31000
ブースター 【P】{183/BW-P}[その他],状態減額大,183/BW-P,P,"¥31,000","¥15,000","¥6,200","¥3,100",¥900,,"¥35,000",https://files.cardrush.media/pokemon/ocha_products/22013.webp,31000
シャワーズ 【P】{184/BW-P}[その他],状態減額大,184/BW-P,P,"¥31,000","¥15,000","¥6,200","¥3,100",¥900,,"¥35,000",https://files.cardrush.media/pokemon/ocha_products/22014.webp,31000
グレイシア 【P】{185/BW-P}[その他],状態減額大,185/BW-P,P,"¥31,000","¥15,000","¥6,200","¥3,100",¥900,,"¥35,000",https://files.cardrush.media/pokemon/ocha_products/22015.webp,31000
サンダース 【P】{186/BW-P}[その他],状態減額大,186/BW-P,P,"¥31,000","¥15,000","¥6,200","¥3,100",¥900,,"¥35,000",https://files.cardrush.media/pokemon/ocha_products/22016.webp,31000
エーフィ 【P】{187/BW-P}[その他],状態減額大,187/BW-P,P,"¥31,000","¥15,000","¥6,200","¥3,100",¥900,,"¥35,000",https://files.cardrush.media/pokemon/ocha_products/22017.webp,31000
ミュウ 【R】{051/087}[その他],状態減額大,051/087,R,"¥31,000","¥15,000","¥6,200","¥3,100",¥900,,"¥35,000",https://files.cardrush.media/pokemon/ocha_products/4069.webp,31000
シャワーズδ-デルタ種 【-】{030/086}[その他],EX,030/086,-,"¥31,000","¥15,000","¥6,200","¥3,100",¥900,,"¥35,000",https://files.cardrush.media/pokemon/ocha_products/56577.webp,31000
サンダースδ-デルタ種 【-】{038/086}[その他],EX,038/086,-,"¥31,000","¥15,000","¥6,200","¥3,100",¥900,,"¥35,000",https://files.cardrush.media/pokemon/ocha_products/56578.webp,31000
ウインディex 【☆】{016/086}[P5],その他,016/086,☆,"¥31,000","¥15,000","¥6,200","¥3,100",¥900,,"¥35,000",https://files.cardrush.media/pokemon/ocha_products/65679.webp,31000
ギャラドスex 【R】{035/082}[その他],HOF,035/082,R,"¥31,000","¥15,000","¥6,200","¥3,100",¥900,,"¥35,000",https://files.cardrush.media/pokemon/ocha_products/4051.webp,31000
シャワーズex 【-】{003/015}[PH-w],その他,003/015,-,"¥31,000","¥15,000","¥6,200","¥3,100",¥900,,"¥35,000",https://files.cardrush.media/pokemon/ocha_products/65706.webp,31000
フリーザーex 【☆】{036/082}[P1],その他,036/082,☆,"¥31,000","¥15,000","¥6,200","¥3,100",¥900,,"¥35,000",https://files.cardrush.media/pokemon/ocha_products/65662.webp,31000
ミロカロスex 【-】{004/015}[PQ-w],その他,004/015,-,"¥31,000","¥15,000","¥6,200","¥3,100",¥900,,"¥35,000",https://files.cardrush.media/pokemon/ocha_products/65704.webp,31000
サンダーex 【☆】{043/082}[P1],その他,043/082,☆,"¥31,000","¥15,000","¥6,200","¥3,100",¥900,,"¥35,000",https://files.cardrush.media/pokemon/ocha_products/65664.webp,31000
ディアルガGLV.X 【★】{066/096}[その他],EX,066/096,★,"¥31,000","¥15,000","¥6,200","¥3,100",¥900,,"¥35,000",https://files.cardrush.media/pokemon/ocha_products/58620.webp,31000
ポケパークのアチャモ 【P】{047/PCG-P}[その他],EX,047/PCG-P,P,"¥31,000","¥15,000","¥6,200","¥3,100",¥900,,"¥35,000",https://files.cardrush.media/pokemon/ocha_products/59105.webp,31000
ポケモンセンター トウキョー 【P】{019/P}[その他],PROMO,019/P,P,"¥31,000","¥15,000","¥6,200","¥3,100",¥900,,"¥35,000",https://files.cardrush.media/pokemon/ocha_products/18786.webp,31000
勝利のメダル 金/アルセウス【P】{051/DPt-P}[その他],状態減額大,051/DPt-P,P,"¥31,000","¥15,000","¥6,200","¥3,100",¥900,,"¥35,000",https://files.cardrush.media/pokemon/ocha_products/6358.webp,31000
カスミ＆カンナ 【SR】{191/173}[sm12a],C,191/173,SR,"¥30,000","¥21,000","¥15,000","¥7,500","¥1,500",,"¥30,000",https://files.cardrush.media/pokemon/ocha_products/6076.webp,30000
レッドの挑戦 【SR】{201/173}[sm12a],C,201/173,SR,"¥30,000","¥21,000","¥15,000","¥7,500","¥1,500",,"¥30,000",https://files.cardrush.media/pokemon/ocha_products/6041.webp,30000
ポケモンだいすきクラブ 【SR】{087/080}[XY2],B,087/080,SR,"¥30,000","¥20,000","¥14,000","¥6,400",¥950,,"¥32,000",https://files.cardrush.media/pokemon/ocha_products/1378.webp,30000
メガゲンガーex 【SAR】{240/193}[M2a],I,240/193,SAR,"¥30,000","¥21,000","¥15,000","¥7,500","¥1,500",,"¥30,000",https://files.cardrush.media/pokemon/ocha_products/73737.webp,30000
メガヤミラミ＆バンギラスGX SA【SR】{102/094}[sm11],C,102/094,SR,"¥30,000","¥21,000","¥15,000","¥7,500","¥1,500",,"¥30,000",https://files.cardrush.media/pokemon/ocha_products/4681.webp,30000
ピカチュウ 【AR】{205/172}[S12a],F,205/172,AR,"¥30,000","¥21,000","¥15,000","¥7,500","¥1,500",,"¥30,000",https://files.cardrush.media/pokemon/ocha_products/38385.webp,30000
メガルカリオex 【MUR】{092/063}[M1L],I,092/063,MUR,"¥30,000","¥21,000","¥15,000","¥7,500","¥1,500",,"¥30,000",https://files.cardrush.media/pokemon/ocha_products/70051.webp,30000
レシラム＆リザードンGX 【UR】{220/173}[sm12a],C,220/173,UR,"¥30,000","¥19,000","¥13,000","¥6,000","¥1,500",,"¥30,000",https://files.cardrush.media/pokemon/ocha_products/6060.webp,30000
レックウザVMAX 【HR】{082/067}[S7R],E,082/067,HR,"¥30,000","¥19,000","¥13,000","¥6,000","¥1,500",,"¥30,000",https://files.cardrush.media/pokemon/ocha_products/21482.webp,30000
ホウオウGX 【HR】{059/051}[sm3H],A,059/051,HR,"¥30,000","¥19,000","¥13,000","¥6,000","¥1,500",,"¥30,000",https://files.cardrush.media/pokemon/ocha_products/1303.webp,30000
ルカリオV SR仕様/当選通知書付き【P】{304/S-P}[その他],F,304/S-P,P,"¥30,000","¥19,000","¥13,000","¥6,000","¥1,500",,"¥30,000",https://files.cardrush.media/pokemon/ocha_products/40099.webp,30000
チャンピオンズフェスティバル 2017【P】{SM-P}[その他],A,SM-P,P,"¥30,000","¥19,000","¥13,000","¥6,000","¥1,500",,"¥30,000",https://files.cardrush.media/pokemon/ocha_products/5296.webp,30000
パラダイスリゾート 2023【P】{SV-P}[その他],G,SV-P,P,"¥30,000","¥19,000","¥13,000","¥6,000","¥1,500",,"¥30,000",https://files.cardrush.media/pokemon/ocha_products/46193.webp,30000
プレイヤーズセレモニー 2020【P】{127/S-P}[その他],D,127/S-P,P,"¥30,000","¥19,000","¥13,000","¥6,000","¥1,500",,"¥30,000",https://files.cardrush.media/pokemon/ocha_products/14636.webp,30000
サカキの計画 【SR】{064/059}[XY8赤],EX,064/059,SR,"¥29,000","¥16,000","¥6,600","¥1,600",¥300,,"¥33,000",https://files.cardrush.media/pokemon/ocha_products/628.webp,29000
フリーザー SR仕様【-】{017/072}[20th],EX,017/072,-,"¥29,000","¥14,000","¥5,800","¥2,900",¥850,,"¥33,000",https://files.cardrush.media/pokemon/ocha_products/18906.webp,29000
鍛冶屋 【P】{XY-P}[その他],EX,XY-P,P,"¥29,000","¥14,000","¥5,800","¥2,900",¥850,,"¥33,000",https://files.cardrush.media/pokemon/ocha_products/348.webp,29000
レックウザEX 【-】{034/036}[CP5],EX,034/036,-,"¥29,000","¥14,000","¥5,800","¥2,900",¥850,,"¥33,000",https://files.cardrush.media/pokemon/ocha_products/3890.webp,29000
フラダリの奥の手 【SR】{095/088}[XY4],HOF,095/088,SR,"¥28,000","¥16,000","¥6,400","¥1,600",¥300,,"¥32,000",https://files.cardrush.media/pokemon/ocha_products/1278.webp,28000
リザードンex 【SAR】{134/108}[SV3],G,134/108,SAR,"¥28,000","¥19,000","¥14,000","¥7,000","¥1,400",,"¥28,000",https://files.cardrush.media/pokemon/ocha_products/45925.webp,28000
ゲンガー＆ミミッキュGX 【SR】{102/095}[sm9],C,102/095,SR,"¥28,000","¥19,000","¥14,000","¥7,000","¥1,400",,"¥28,000",https://files.cardrush.media/pokemon/ocha_products/2699.webp,28000
メガミミロップ＆プリンGX SA【SR】{104/095}[sm12],C,104/095,SR,"¥28,000","¥19,000","¥14,000","¥7,000","¥1,400",,"¥28,000",https://files.cardrush.media/pokemon/ocha_products/5485.webp,28000
プラズマ団バッジ 【P】{BW-P}[その他],状態減額大,BW-P,P,"¥28,000","¥14,000","¥5,600","¥2,800",¥800,,"¥32,000",https://files.cardrush.media/pokemon/ocha_products/20891.webp,28000
ギャラドス 【R】{021/081}[XY7],XY,021/081,R,"¥28,000","¥14,000","¥5,600","¥2,800",¥800,,"¥32,000",https://files.cardrush.media/pokemon/ocha_products/47576.webp,28000
フーパ 【P】{155/XY-P}[その他],PROMO,155/XY-P,P,"¥28,000","¥14,000","¥5,600","¥2,800",¥800,,"¥32,000",https://files.cardrush.media/pokemon/ocha_products/18894.webp,28000
ピカチュウ 【P】{369/SM-P}[その他],PIKA,369/SM-P,P,"¥28,000","¥14,000","¥5,600","¥2,800",¥800,,"¥32,000",https://files.cardrush.media/pokemon/ocha_products/5277.webp,28000
ラティアスδ-デルタ種 【★】{041/086}[その他],EX,041/086,★,"¥28,000","¥14,000","¥5,600","¥2,800",¥800,,"¥32,000",https://files.cardrush.media/pokemon/ocha_products/56687.webp,28000
MガブリアスEX 【P】{XY-P}[その他],EX,XY-P,P,"¥28,000","¥14,000","¥5,600","¥2,800",¥800,,"¥32,000",https://files.cardrush.media/pokemon/ocha_products/93.webp,28000
エーフィVMAX SA【P】{189/S-P}[S6a],E,189/S-P,P,"¥28,000","¥18,000","¥12,000","¥5,600","¥1,400",,"¥28,000",https://files.cardrush.media/pokemon/ocha_products/20732.webp,28000
ファイヤー＆サンダー＆フリーザーGX 【UR】{226/173}[sm12a],C,226/173,UR,"¥28,000","¥18,000","¥12,000","¥5,600","¥1,400",,"¥28,000",https://files.cardrush.media/pokemon/ocha_products/6066.webp,28000
フラダリ 【SR】{085/080}[XY2],状態減額大,085/080,SR,"¥27,000","¥15,000","¥6,000","¥1,500",¥300,,"¥30,000",https://files.cardrush.media/pokemon/ocha_products/1275.webp,27000
シロナのガブリアスex 【SAR】{087/063}[SV9a],I,087/063,SAR,"¥27,000","¥19,000","¥13,000","¥6,000",¥900,,"¥30,000",https://files.cardrush.media/pokemon/ocha_products/64586.webp,27000
レックウザGX 【SR】{101/096}[sm7],B,101/096,SR,"¥27,000","¥19,000","¥13,000","¥6,000",¥900,,"¥30,000",https://files.cardrush.media/pokemon/ocha_products/1669.webp,27000
メロエッタEX 【SR】{025/020}[SC],状態減額大,025/020,SR,"¥27,000","¥15,000","¥6,000","¥1,500",¥300,,"¥30,000",https://files.cardrush.media/pokemon/ocha_products/20872.webp,27000
フシギバナEX 【SR】{061/060}[XY1],EX,061/060,SR,"¥27,000","¥15,000","¥6,000","¥1,500",¥300,,"¥30,000",https://files.cardrush.media/pokemon/ocha_products/18929.webp,27000
キュレムEX 【SR】{053/052}[BW3],状態減額大,053/052,SR,"¥27,000","¥15,000","¥6,000","¥1,500",¥300,,"¥30,000",https://files.cardrush.media/pokemon/ocha_products/18939.webp,27000
MボスゴドラEX 【SR】{076/070}[XY5],状態減額大,076/070,SR,"¥27,000","¥15,000","¥6,000","¥1,500",¥300,,"¥30,000",https://files.cardrush.media/pokemon/ocha_products/18951.webp,27000
クレセリアEX 【SR】{060/059}[BW6],状態減額大,060/059,SR,"¥27,000","¥15,000","¥6,000","¥1,500",¥300,,"¥30,000",https://files.cardrush.media/pokemon/ocha_products/18917.webp,27000
MチルタリスEX 【SR】{084/078}[XY10],状態減額大,084/078,SR,"¥27,000","¥15,000","¥6,000","¥1,500",¥300,,"¥30,000",https://files.cardrush.media/pokemon/ocha_products/18950.webp,27000
MエルレイドEX 【SR】{081/078}[その他],状態減額大,081/078,SR,"¥27,000","¥15,000","¥6,000","¥1,500",¥300,,"¥30,000",https://files.cardrush.media/pokemon/ocha_products/4075.webp,27000
MヘルガーEX 【SR】{061/059}[その他],状態減額大,061/059,SR,"¥27,000","¥15,000","¥6,000","¥1,500",¥300,,"¥30,000",https://files.cardrush.media/pokemon/ocha_products/4062.webp,27000
ダークライEX 【SR】{072/069}[その他],状態減額大,072/069,SR,"¥27,000","¥15,000","¥6,000","¥1,500",¥300,,"¥30,000",https://files.cardrush.media/pokemon/ocha_products/4299.webp,27000
パルキアEX 【SR】{081/076}[その他],状態減額大,081/076,SR,"¥27,000","¥15,000","¥6,000","¥1,500",¥300,,"¥30,000",https://files.cardrush.media/pokemon/ocha_products/4043.webp,27000
フーディンEX 【SR】{080/078}[その他],状態減額大,080/078,SR,"¥27,000","¥15,000","¥6,000","¥1,500",¥300,,"¥30,000",https://files.cardrush.media/pokemon/ocha_products/4076.webp,27000
サーナイトEX 【SR】{075/070}[XY5緑],状態減額大,075/070,SR,"¥27,000","¥15,000","¥6,000","¥1,500",¥300,,"¥30,000",https://files.cardrush.media/pokemon/ocha_products/612.webp,27000
モルフォン LV.28 【★】{旧裏}[その他],,旧裏,★,"¥27,000","¥5,400","¥2,100","¥1,000",¥300,,"¥30,000",https://files.cardrush.media/pokemon/ocha_products/76779.webp,27000
マルマイン LV.42 【★】{旧裏}[その他],,旧裏,★,"¥27,000","¥5,400","¥2,100","¥1,000",¥300,,"¥30,000",https://files.cardrush.media/pokemon/ocha_products/76785.webp,27000
バリヤード LV.28 【★】{旧裏}[その他],,旧裏,★,"¥27,000","¥5,400","¥2,100","¥1,000",¥300,,"¥30,000",https://files.cardrush.media/pokemon/ocha_products/76787.webp,27000
サカキのペルシアン LV.23 【★】{旧裏}[その他],,旧裏,★,"¥27,000","¥5,400","¥2,100","¥1,000",¥300,,"¥30,000",https://files.cardrush.media/pokemon/ocha_products/76852.webp,27000
ソーナンス LV.46 【★】{旧裏}[その他],,旧裏,★,"¥27,000","¥5,400","¥2,100","¥1,000",¥300,,"¥30,000",https://files.cardrush.media/pokemon/ocha_products/76877.webp,27000
キングドラ LV.49 【★】{旧裏}[その他],,旧裏,★,"¥27,000","¥5,400","¥2,100","¥1,000",¥300,,"¥30,000",https://files.cardrush.media/pokemon/ocha_products/76892.webp,27000
わるいデンリュウ LV.36 【★】{旧裏}[その他],,旧裏,★,"¥27,000","¥5,400","¥2,100","¥1,000",¥300,,"¥30,000",https://files.cardrush.media/pokemon/ocha_products/76911.webp,27000
わるいバンギラス LV.47 【★】{旧裏}[その他],,旧裏,★,"¥27,000","¥5,400","¥2,100","¥1,000",¥300,,"¥30,000",https://files.cardrush.media/pokemon/ocha_products/76915.webp,27000
やさしいトゲチック LV.32 【★】{旧裏}[その他],,旧裏,★,"¥27,000","¥5,400","¥2,100","¥1,000",¥300,,"¥30,000",https://files.cardrush.media/pokemon/ocha_products/76918.webp,27000
かっこいいポリゴン LV.15 【-】{旧裏}[その他],,旧裏,-,"¥27,000","¥5,400","¥2,100","¥1,000",¥300,,"¥30,000",https://files.cardrush.media/pokemon/ocha_products/76921.webp,27000
マリル LV.10 【-】{旧裏}[その他],,旧裏,-,"¥27,000","¥5,400","¥2,100","¥1,000",¥300,,"¥30,000",https://files.cardrush.media/pokemon/ocha_products/76960.webp,27000
リザードン 25th【P】{001/025}[S8a-P],その他,001/025,P,"¥27,000","¥13,000","¥5,400","¥2,700",¥800,,"¥30,000",https://files.cardrush.media/pokemon/ocha_products/22379.webp,27000
_のピカチュウ 25th【P】{007/025}[S8a-P],その他,007/025,P,"¥27,000","¥13,000","¥5,400","¥2,700",¥800,,"¥30,000",https://files.cardrush.media/pokemon/ocha_products/22385.webp,27000
イーブイ 【U】{014/020}[SC],EX,014/020,U,"¥27,000","¥13,000","¥5,400","¥2,700",¥800,,"¥30,000",https://files.cardrush.media/pokemon/ocha_products/18874.webp,27000
ダークライ 【-】{024/036}[CP5],EX,024/036,-,"¥27,000","¥13,000","¥5,400","¥2,700",¥800,,"¥30,000",https://files.cardrush.media/pokemon/ocha_products/18495.webp,27000
アルフの石版 L3【-】{081/080}[L3],状態減額大,081/080,-,"¥27,000","¥13,000","¥5,400","¥2,700",¥800,,"¥30,000",https://files.cardrush.media/pokemon/ocha_products/20894.webp,27000
ロストリムーバー ロストリンク【P】{057/L-P}[その他],HOF,057/L-P,P,"¥27,000","¥13,000","¥5,400","¥2,700",¥800,,"¥30,000",https://files.cardrush.media/pokemon/ocha_products/6511.webp,27000
ウツギはかせの育てかた 【P】{023/L-P}[その他],PROMO,023/L-P,P,"¥27,000","¥13,000","¥5,400","¥2,700",¥800,,"¥30,000",https://files.cardrush.media/pokemon/ocha_products/18789.webp,27000
ラティオス 【P】{046/L-P}[その他],状態減額大,046/L-P,P,"¥27,000","¥13,000","¥5,400","¥2,700",¥800,,"¥30,000",https://files.cardrush.media/pokemon/ocha_products/20899.webp,27000
ラティアス 【P】{045/L-P}[その他],状態減額大,045/L-P,P,"¥27,000","¥13,000","¥5,400","¥2,700",¥800,,"¥30,000",https://files.cardrush.media/pokemon/ocha_products/20900.webp,27000
ゼニガメ 【P】{009/DPt-P}[その他],状態減額大,009/DPt-P,P,"¥27,000","¥13,000","¥5,400","¥2,700",¥800,,"¥30,000",https://files.cardrush.media/pokemon/ocha_products/20922.webp,27000
フシギダネ 【P】{030/DPt-P}[その他],状態減額大,030/DPt-P,P,"¥27,000","¥13,000","¥5,400","¥2,700",¥800,,"¥30,000",https://files.cardrush.media/pokemon/ocha_products/20923.webp,27000
海で遊ぶピカチュウ 【P】{392/SM-P}[その他],PIKA,392/SM-P,P,"¥27,000","¥13,000","¥5,400","¥2,700",¥800,,"¥30,000",https://files.cardrush.media/pokemon/ocha_products/5221.webp,27000
ピカチュウ 【P】{021/P}[その他],状態減額大,021/P,P,"¥27,000","¥13,000","¥5,400","¥2,700",¥800,,"¥30,000",https://files.cardrush.media/pokemon/ocha_products/20949.webp,27000
ピカチュウ 【P】{151/BW-P}[その他],状態減額大,151/BW-P,P,"¥27,000","¥13,000","¥5,400","¥2,700",¥800,,"¥30,000",https://files.cardrush.media/pokemon/ocha_products/20951.webp,27000
ピカチュウ 【P】{153/PCG-P}[その他],状態減額大,153/PCG-P,P,"¥27,000","¥13,000","¥5,400","¥2,700",¥800,,"¥30,000",https://files.cardrush.media/pokemon/ocha_products/20958.webp,27000
レックウザ 【P】{144/BW-P}[その他],状態減額大,144/BW-P,P,"¥27,000","¥13,000","¥5,400","¥2,700",¥800,,"¥30,000",https://files.cardrush.media/pokemon/ocha_products/6507.webp,27000
ミュウツー バトルフェスタ2015【P】{176/XY-P}[その他],状態減額大,176/XY-P,P,"¥27,000","¥13,000","¥5,400","¥2,700",¥800,,"¥30,000",https://files.cardrush.media/pokemon/ocha_products/18806.webp,27000
ミュウツー バトルフェスタ2015【P】{202/XY-P}[その他],状態減額大,202/XY-P,P,"¥27,000","¥13,000","¥5,400","¥2,700",¥800,,"¥30,000",https://files.cardrush.media/pokemon/ocha_products/18846.webp,27000
サーナイトδ-デルタ種 【★】{050/086}[その他],EX,050/086,★,"¥27,000","¥13,000","¥5,400","¥2,700",¥800,,"¥30,000",https://files.cardrush.media/pokemon/ocha_products/56651.webp,27000
デオキシスδ-デルタ種 【★】{129/PCG-P}[その他],EX,129/PCG-P,★,"¥27,000","¥13,000","¥5,400","¥2,700",¥800,,"¥30,000",https://files.cardrush.media/pokemon/ocha_products/56701.webp,27000
ファイヤーex 【☆】{024/082}[P1],その他,024/082,☆,"¥27,000","¥13,000","¥5,400","¥2,700",¥800,,"¥30,000",https://files.cardrush.media/pokemon/ocha_products/65661.webp,27000
ライチュウex 【-】{002/015}[PQ-l],その他,002/015,-,"¥27,000","¥13,000","¥5,400","¥2,700",¥800,,"¥30,000",https://files.cardrush.media/pokemon/ocha_products/65702.webp,27000
サンダースex 【-】{004/015}[PH-l],その他,004/015,-,"¥27,000","¥13,000","¥5,400","¥2,700",¥800,,"¥30,000",https://files.cardrush.media/pokemon/ocha_products/65705.webp,27000
ポケパークのセレビィ 【-】{001/009}[その他],EX,001/009,-,"¥27,000","¥13,000","¥5,400","¥2,700",¥800,,"¥30,000",https://files.cardrush.media/pokemon/ocha_products/59115.webp,27000
ファイヤーex 【P】{009/PLAY}[その他],状態減額大,009/PLAY,P,"¥27,000","¥13,000","¥5,400","¥2,700",¥800,,"¥30,000",https://files.cardrush.media/pokemon/ocha_products/18839.webp,27000
ポケモンカードファン 【P】{008/PLAY}[その他],状態減額大,008/PLAY,P,"¥27,000","¥13,000","¥5,400","¥2,700",¥800,,"¥30,000",https://files.cardrush.media/pokemon/ocha_products/18870.webp,27000
ポケモンセンター オーサカ 【P】{020/P}[その他],状態減額大,020/P,P,"¥27,000","¥13,000","¥5,400","¥2,700",¥800,,"¥30,000",https://files.cardrush.media/pokemon/ocha_products/21962.webp,27000
勝利のメダル 銀2005/ピカチュウ【P】{-}[その他],状態減額大,-,P,"¥27,000","¥13,000","¥5,400","¥2,700",¥800,,"¥30,000",https://files.cardrush.media/pokemon/ocha_products/2958.webp,27000
勝利のメダル 銀2006/ピカチュウ【P】{-}[その他],状態減額大,-,P,"¥27,000","¥13,000","¥5,400","¥2,700",¥800,,"¥30,000",https://files.cardrush.media/pokemon/ocha_products/5357.webp,27000
ピカチュウ 【●】{033/088}[PIKA],状態減額大,033/088,●,"¥27,000","¥13,000","¥5,400","¥2,700",¥800,,"¥30,000",https://files.cardrush.media/pokemon/ocha_products/21000.webp,27000
フリーザー 【★】{031/088}[e5],状態減額大,031/088,★,"¥27,000","¥13,000","¥5,400","¥2,700",¥800,,"¥30,000",https://files.cardrush.media/pokemon/ocha_products/20997.webp,27000
ファイヤー 【★】{019/088}[e5],状態減額大,019/088,★,"¥27,000","¥13,000","¥5,400","¥2,700",¥800,,"¥30,000",https://files.cardrush.media/pokemon/ocha_products/20996.webp,27000
ミュウ マクドナルド【P】{033/P}[e],状態減額大,033/P,P,"¥27,000","¥13,000","¥5,400","¥2,700",¥800,,"¥30,000",https://files.cardrush.media/pokemon/ocha_products/48159.webp,27000
MアブソルEX 【P】{XY-P}[その他],EX,XY-P,P,"¥27,000","¥13,000","¥5,400","¥2,700",¥800,,"¥30,000",https://files.cardrush.media/pokemon/ocha_products/92.webp,27000
MレックウザEX 【-】{105/171}[XY],EX,105/171,-,"¥27,000","¥13,000","¥5,400","¥2,700",¥800,,"¥30,000",https://files.cardrush.media/pokemon/ocha_products/109.webp,27000
ジガルデEX SR仕様【-】{177/171}[XY],状態減額大,177/171,-,"¥27,000","¥13,000","¥5,400","¥2,700",¥800,,"¥30,000",https://files.cardrush.media/pokemon/ocha_products/654.webp,27000
レックウザEX 【P】{122/XY-P}[その他],状態減額大,122/XY-P,P,"¥27,000","¥13,000","¥5,400","¥2,700",¥800,,"¥30,000",https://files.cardrush.media/pokemon/ocha_products/4121.webp,27000
アシレーヌGX 【HR】{061/051}[sm1+],A,061/051,HR,"¥27,000","¥17,000","¥12,000","¥5,400","¥1,300",,"¥27,000",https://files.cardrush.media/pokemon/ocha_products/147.webp,27000
グレイシアGX 【P】{269/SM-P}[その他],B,269/SM-P,P,"¥27,000","¥17,000","¥12,000","¥5,400","¥1,300",,"¥27,000",https://files.cardrush.media/pokemon/ocha_products/1922.webp,27000
ナンジャモ 【SAR】{096/071}[SV2D],G,096/071,SAR,"¥25,000","¥17,000","¥12,000","¥6,200","¥1,200",,"¥25,000",https://files.cardrush.media/pokemon/ocha_products/41858.webp,25000
メイ 【SR】{067/049}[sm11b],C,067/049,SR,"¥25,000","¥17,000","¥12,000","¥6,200","¥1,200",,"¥25,000",https://files.cardrush.media/pokemon/ocha_products/5201.webp,25000
ミュウex 【SAR】{205/165}[SV2a],G,205/165,SAR,"¥25,000","¥17,000","¥12,000","¥6,200","¥1,200",,"¥25,000",https://files.cardrush.media/pokemon/ocha_products/43864.webp,25000
ゲッコウガex 【SAR】{090/066}[SV5a],H,090/066,SAR,"¥25,000","¥17,000","¥12,000","¥6,200","¥1,200",,"¥25,000",https://files.cardrush.media/pokemon/ocha_products/54810.webp,25000
ルギアGX 【SR】{100/095}[sm8],B,100/095,SR,"¥25,000","¥17,000","¥12,000","¥6,200","¥1,200",,"¥25,000",https://files.cardrush.media/pokemon/ocha_products/1881.webp,25000
ミュウツー＆ミュウGX 【SR】{097/094}[sm11],C,097/094,SR,"¥25,000","¥17,000","¥12,000","¥6,200","¥1,200",,"¥25,000",https://files.cardrush.media/pokemon/ocha_products/4673.webp,25000
ソルガレオ＆ルナアーラGX SA【SR】{063/049}[sm11b],C,063/049,SR,"¥25,000","¥17,000","¥12,000","¥6,200","¥1,200",,"¥25,000",https://files.cardrush.media/pokemon/ocha_products/5197.webp,25000
レシラム＆ゼクロムGX SA【SR】{064/049}[sm11b],C,064/049,SR,"¥25,000","¥17,000","¥12,000","¥6,200","¥1,200",,"¥25,000",https://files.cardrush.media/pokemon/ocha_products/5198.webp,25000
バンギラスV SA【SR】{077/070}[S5I],E,077/070,SR,"¥25,000","¥17,000","¥12,000","¥6,200","¥1,200",,"¥25,000",https://files.cardrush.media/pokemon/ocha_products/18241.webp,25000
メガサーナイトex 【MUR】{092/063}[M1S],I,092/063,MUR,"¥25,000","¥17,000","¥12,000","¥6,200","¥1,200",,"¥25,000",https://files.cardrush.media/pokemon/ocha_products/70080.webp,25000
ヘビーボール バトルカーニバル2011【P】{BW-P}[その他],EX,BW-P,P,"¥25,000","¥12,000","¥5,000","¥2,500",¥750,,"¥28,000",https://files.cardrush.media/pokemon/ocha_products/7701.webp,25000
ピカチュウ 【P】{003/SM-P}[その他],PIKA,003/SM-P,P,"¥25,000","¥12,000","¥5,000","¥2,500",¥750,,"¥28,000",https://files.cardrush.media/pokemon/ocha_products/1151.webp,25000
バンギラスδ-デルタ種 【★】{020/086}[その他],EX,020/086,★,"¥25,000","¥12,000","¥5,000","¥2,500",¥750,,"¥28,000",https://files.cardrush.media/pokemon/ocha_products/56636.webp,25000
ポッチャマ 【P】{003/PPP}[その他],状態減額大,003/PPP,P,"¥25,000","¥12,000","¥5,000","¥2,500",¥750,,"¥28,000",https://files.cardrush.media/pokemon/ocha_products/20978.webp,25000
ソルガレオ＆ルナアーラGX SA【HR】{070/049}[sm11b],C,070/049,HR,"¥25,000","¥16,000","¥11,000","¥5,000","¥1,200",,"¥25,000",https://files.cardrush.media/pokemon/ocha_products/5204.webp,25000
ピカチュウex FUR仕様/30th【-】{131/M-P}[M6a],J,131/M-P,-,"¥25,000","¥16,000","¥11,000","¥5,000","¥1,200",,"¥25,000",https://files.cardrush.media/pokemon/ocha_products/85340.webp,25000
ハイパーボール 【UR】{071/060}[sm1S],I,071/060,UR,"¥25,000","¥16,000","¥11,000","¥5,000","¥1,200",,"¥25,000",https://files.cardrush.media/pokemon/ocha_products/1039.webp,25000
ポケモンキャッチャー 【UR】{076/069}[BW4],I,076/069,UR,"¥25,000","¥16,000","¥11,000","¥5,000","¥1,200",,"¥25,000",https://files.cardrush.media/pokemon/ocha_products/6503.webp,25000
ジラーチ 【P】{089/SM-P}[その他],A,089/SM-P,P,"¥25,000","¥16,000","¥11,000","¥5,000","¥1,200",,"¥25,000",https://files.cardrush.media/pokemon/ocha_products/5358.webp,25000
ギャラドスGX 【HR】{056/050}[sm4A],A,056/050,HR,"¥25,000","¥16,000","¥11,000","¥5,000","¥1,200",,"¥25,000",https://files.cardrush.media/pokemon/ocha_products/490.webp,25000
リーフィアGX 【P】{268/SM-P}[その他],B,268/SM-P,P,"¥25,000","¥16,000","¥11,000","¥5,000","¥1,200",,"¥25,000",https://files.cardrush.media/pokemon/ocha_products/1921.webp,25000
ミュウ 古代文字Wizards【P】{-}[その他],C,-,P,"¥25,000","¥16,000","¥11,000","¥5,000","¥1,200",,"¥25,000",https://files.cardrush.media/pokemon/ocha_products/18639.webp,25000
おいわいファンファーレ 2021【P】{254/S-P}[その他],E,254/S-P,P,"¥25,000","¥16,000","¥11,000","¥5,000","¥1,200",,"¥25,000",https://files.cardrush.media/pokemon/ocha_products/22238.webp,25000
殿堂の書 【P】{XY-P}[その他],P,XY-P,P,"¥25,000","¥12,000","¥5,000","¥2,500",¥750,,"¥25,000",https://files.cardrush.media/pokemon/ocha_products/2597.webp,25000
殿堂ベルト 【P】{153/BW-P}[その他],P,153/BW-P,P,"¥25,000","¥12,000","¥5,000","¥2,500",¥750,,"¥25,000",https://files.cardrush.media/pokemon/ocha_products/7109.webp,25000
マチスのレアコイル LV.30 【★】{旧裏}[その他],,旧裏,★,"¥24,000","¥4,800","¥1,900",¥950,¥250,,"¥27,000",https://files.cardrush.media/pokemon/ocha_products/76831.webp,24000
わるいヘルガー LV.32 【★】{旧裏}[その他],,旧裏,★,"¥24,000","¥4,800","¥1,900",¥950,¥250,,"¥27,000",https://files.cardrush.media/pokemon/ocha_products/76908.webp,24000
レジロック 【-】{104/XY-P}[その他],EX,104/XY-P,-,"¥24,000","¥12,000","¥4,800","¥2,400",¥700,,"¥27,000",https://files.cardrush.media/pokemon/ocha_products/5598.webp,24000
ヒコザル 【P】{002/PPP}[その他],状態減額大,002/PPP,P,"¥24,000","¥12,000","¥4,800","¥2,400",¥700,,"¥27,000",https://files.cardrush.media/pokemon/ocha_products/20977.webp,24000
カメックス 【★】{108/128}[e1],状態減額大,108/128,★,"¥24,000","¥12,000","¥4,800","¥2,400",¥700,,"¥27,000",https://files.cardrush.media/pokemon/ocha_products/20995.webp,24000
レックウザEX 【-】{096/131}[CP4],EX,096/131,-,"¥24,000","¥12,000","¥4,800","¥2,400",¥700,,"¥27,000",https://files.cardrush.media/pokemon/ocha_products/1663.webp,24000
ミミッキュ 【P】{009/SM-P}[その他],A,009/SM-P,P,"¥24,000","¥15,000","¥10,000","¥4,800","¥1,200",,"¥24,000",https://files.cardrush.media/pokemon/ocha_products/7598.webp,24000
イーブイGX 【HR】{219/173}[sm12a],C,219/173,HR,"¥24,000","¥15,000","¥10,000","¥4,800","¥1,200",,"¥24,000",https://files.cardrush.media/pokemon/ocha_products/6059.webp,24000
メガダークライex 【MUR】{118/081}[M5],J,118/081,MUR,"¥23,000","¥16,000","¥11,000","¥5,000",¥750,,"¥25,000",https://files.cardrush.media/pokemon/ocha_products/81468.webp,23000
マオ 【SR】{055/050}[sm2L],A,055/050,SR,"¥22,000","¥15,000","¥11,000","¥5,500","¥1,100",,"¥22,000",https://files.cardrush.media/pokemon/ocha_products/1446.webp,22000
ビッケ 【SR】{057/051}[sm3N],A,057/051,SR,"¥22,000","¥15,000","¥11,000","¥5,500","¥1,100",,"¥22,000",https://files.cardrush.media/pokemon/ocha_products/1186.webp,22000
ヒビキのホウオウex 【SAR】{086/063}[SV9a],I,086/063,SAR,"¥22,000","¥16,000","¥11,000","¥5,000",¥750,,"¥25,000",https://files.cardrush.media/pokemon/ocha_products/64585.webp,22000
MハガネールEX 【SR】{057/054}[XY11],状態減額大,057/054,SR,"¥22,000","¥12,000","¥5,000","¥1,200",¥250,,"¥25,000",https://files.cardrush.media/pokemon/ocha_products/18935.webp,22000
ベトベトン LV.34 【★】{旧裏}[その他],,旧裏,★,"¥22,000","¥4,400","¥1,700",¥850,¥250,,"¥25,000",https://files.cardrush.media/pokemon/ocha_products/76793.webp,22000
プテラ LV.28 【★】{旧裏}[その他],,旧裏,★,"¥22,000","¥4,400","¥1,700",¥850,¥250,,"¥25,000",https://files.cardrush.media/pokemon/ocha_products/76806.webp,22000
メタモン LV.20 【★】{旧裏}[その他],,旧裏,★,"¥22,000","¥4,400","¥1,700",¥850,¥250,,"¥25,000",https://files.cardrush.media/pokemon/ocha_products/76807.webp,22000
わるいマタドガス LV.24 【★】{旧裏}[その他],,旧裏,★,"¥22,000","¥4,400","¥1,700",¥850,¥250,,"¥25,000",https://files.cardrush.media/pokemon/ocha_products/76812.webp,22000
わるいダグトリオ LV.18 【★】{旧裏}[その他],,旧裏,★,"¥22,000","¥4,400","¥1,700",¥850,¥250,,"¥25,000",https://files.cardrush.media/pokemon/ocha_products/76820.webp,22000
カスミのシードラ LV.30 【★】{旧裏}[その他],,旧裏,★,"¥22,000","¥4,400","¥1,700",¥850,¥250,,"¥25,000",https://files.cardrush.media/pokemon/ocha_products/76829.webp,22000
マチスのエレブー LV.28 【★】{旧裏}[その他],,旧裏,★,"¥22,000","¥4,400","¥1,700",¥850,¥250,,"¥25,000",https://files.cardrush.media/pokemon/ocha_products/76832.webp,22000
エリカのピクシー LV.35 【★】{旧裏}[その他],,旧裏,★,"¥22,000","¥4,400","¥1,700",¥850,¥250,,"¥25,000",https://files.cardrush.media/pokemon/ocha_products/76836.webp,22000
ナツメのフーディン LV.44 【★】{旧裏}[その他],,旧裏,★,"¥22,000","¥4,400","¥1,700",¥850,¥250,,"¥25,000",https://files.cardrush.media/pokemon/ocha_products/76848.webp,22000
サカキのカイリキー LV.50 【★】{旧裏}[その他],,旧裏,★,"¥22,000","¥4,400","¥1,700",¥850,¥250,,"¥25,000",https://files.cardrush.media/pokemon/ocha_products/76850.webp,22000
キョウのメタモン LV.12 【★】{旧裏}[その他],,旧裏,★,"¥22,000","¥4,400","¥1,700",¥850,¥250,,"¥25,000",https://files.cardrush.media/pokemon/ocha_products/76851.webp,22000
ヘラクロス LV.28 【★】{旧裏}[その他],,旧裏,★,"¥22,000","¥4,400","¥1,700",¥850,¥250,,"¥25,000",https://files.cardrush.media/pokemon/ocha_products/76856.webp,22000
オーダイル LV.56 【★】{旧裏}[その他],,旧裏,★,"¥22,000","¥4,400","¥1,700",¥850,¥250,,"¥25,000",https://files.cardrush.media/pokemon/ocha_products/76858.webp,22000
マリルリ LV.29 【★】{旧裏}[その他],,旧裏,★,"¥22,000","¥4,400","¥1,700",¥850,¥250,,"¥25,000",https://files.cardrush.media/pokemon/ocha_products/76859.webp,22000
カブトプス LV.42 【★】{旧裏}[その他],,旧裏,★,"¥22,000","¥4,400","¥1,700",¥850,¥250,,"¥25,000",https://files.cardrush.media/pokemon/ocha_products/76872.webp,22000
デンリュウ LV.46 【★】{旧裏}[その他],,旧裏,★,"¥22,000","¥4,400","¥1,700",¥850,¥250,,"¥25,000",https://files.cardrush.media/pokemon/ocha_products/76894.webp,22000
ムウマ LV.25 【★】{旧裏}[その他],,旧裏,★,"¥22,000","¥4,400","¥1,700",¥850,¥250,,"¥25,000",https://files.cardrush.media/pokemon/ocha_products/76897.webp,22000
ラフレシア LV.30 【-】{旧裏}[その他],,旧裏,-,"¥22,000","¥4,400","¥1,700",¥850,¥250,,"¥25,000",https://files.cardrush.media/pokemon/ocha_products/76954.webp,22000
トゲピー LV.10 【-】{旧裏}[その他],,旧裏,-,"¥22,000","¥4,400","¥1,700",¥850,¥250,,"¥25,000",https://files.cardrush.media/pokemon/ocha_products/76962.webp,22000
ヨノワール 【UR】{085/076}[BW9],状態減額大,085/076,UR,"¥22,000","¥11,000","¥4,400","¥2,200",¥650,,"¥25,000",https://files.cardrush.media/pokemon/ocha_products/6236.webp,22000
バトルサーチャー 【UR】{091/078}[XY6],EX,091/078,UR,"¥22,000","¥11,000","¥4,400","¥2,200",¥650,,"¥25,000",https://files.cardrush.media/pokemon/ocha_products/1090.webp,22000
オールナイトパーティ 【P】{139/XY-P}[その他],PROMO,139/XY-P,P,"¥22,000","¥11,000","¥4,400","¥2,200",¥650,,"¥25,000",https://files.cardrush.media/pokemon/ocha_products/18833.webp,22000
ゾロア 【P】{021/BW-P}[BW-P],PROMO,021/BW-P,P,"¥22,000","¥11,000","¥4,400","¥2,200",¥650,,"¥25,000",https://files.cardrush.media/pokemon/ocha_products/71171.webp,22000
水の都のラティオス 【-】{-}[10th],EX,-,-,"¥22,000","¥11,000","¥4,400","¥2,200",¥650,,"¥25,000",https://files.cardrush.media/pokemon/ocha_products/47590.webp,22000
R団のニューラex 【★】{067/084}[PCG3],状態減額大,067/084,★,"¥22,000","¥11,000","¥4,400","¥2,200",¥650,,"¥25,000",https://files.cardrush.media/pokemon/ocha_products/20928.webp,22000
R団のペルシアンex 【P】{036/PCG-P}[その他],HOF,036/PCG-P,P,"¥22,000","¥11,000","¥4,400","¥2,200",¥650,,"¥25,000",https://files.cardrush.media/pokemon/ocha_products/5674.webp,22000
メタモン 【★】{061/086}[その他],-,061/086,★,"¥22,000","¥11,000","¥4,400","¥2,200",¥650,,"¥25,000",https://files.cardrush.media/pokemon/ocha_products/81204.webp,22000
わるいカイリュー 【-】{014/020}[その他],-,014/020,-,"¥22,000","¥11,000","¥4,400","¥2,200",¥650,,"¥25,000",https://files.cardrush.media/pokemon/ocha_products/84704.webp,22000
ピカチュウVMAX RRR仕様【P】{123/S-P}[その他],状態減額大,123/S-P,P,"¥22,000","¥11,000","¥4,400","¥2,200",¥650,,"¥25,000",https://files.cardrush.media/pokemon/ocha_products/14570.webp,22000
ピカチュウ 【-】{018/072}[20th],PIKA,018/072,-,"¥22,000","¥11,000","¥4,400","¥2,200",¥650,,"¥25,000",https://files.cardrush.media/pokemon/ocha_products/1117.webp,22000
そらをとぶピカチュウ コロコロ【P】{旧裏}[その他],PIKA,旧裏,P,"¥22,000","¥4,400","¥1,700",¥850,¥250,,"¥25,000",https://files.cardrush.media/pokemon/ocha_products/47250.webp,22000
ピカチュウ 【P】{044/P}[その他],PIKA,044/P,P,"¥22,000","¥11,000","¥4,400","¥2,200",¥650,,"¥25,000",https://files.cardrush.media/pokemon/ocha_products/1155.webp,22000
ピカチュウ WHF【-】{001/015}[その他],状態減額大,001/015,-,"¥22,000","¥11,000","¥4,400","¥2,200",¥650,,"¥25,000",https://files.cardrush.media/pokemon/ocha_products/20955.webp,22000
イーブイ 【P】{235/BW-P}[その他],PROMO,235/BW-P,P,"¥22,000","¥11,000","¥4,400","¥2,200",¥650,,"¥25,000",https://files.cardrush.media/pokemon/ocha_products/18892.webp,22000
エーフィ 【★】{024/080}[L2],状態減額大,024/080,★,"¥22,000","¥11,000","¥4,400","¥2,200",¥650,,"¥25,000",https://files.cardrush.media/pokemon/ocha_products/77939.webp,22000
ブースターδ-デルタ種 【-】{018/086}[その他],EX,018/086,-,"¥22,000","¥11,000","¥4,400","¥2,200",¥650,,"¥25,000",https://files.cardrush.media/pokemon/ocha_products/56579.webp,22000
ラティオスδ-デルタ種 【★】{042/086}[その他],EX,042/086,★,"¥22,000","¥11,000","¥4,400","¥2,200",¥650,,"¥25,000",https://files.cardrush.media/pokemon/ocha_products/56692.webp,22000
ブースターex 【-】{004/015}[その他],状態減額大,004/015,-,"¥22,000","¥11,000","¥4,400","¥2,200",¥650,,"¥25,000",https://files.cardrush.media/pokemon/ocha_products/4068.webp,22000
ホウオウex 【★】{020/106}[その他],状態減額大,020/106,★,"¥22,000","¥11,000","¥4,400","¥2,200",¥650,,"¥25,000",https://files.cardrush.media/pokemon/ocha_products/37896.webp,22000
アブソルex 【☆】{060/108}[PWCP],その他,060/108,☆,"¥22,000","¥11,000","¥4,400","¥2,200",¥650,,"¥25,000",https://files.cardrush.media/pokemon/ocha_products/65694.webp,22000
ホウオウ 【-】{002/009}[その他],EX,002/009,-,"¥22,000","¥11,000","¥4,400","¥2,200",¥650,,"¥25,000",https://files.cardrush.media/pokemon/ocha_products/59124.webp,22000
カイオーガ 【-】{004/009}[その他],EX,004/009,-,"¥22,000","¥11,000","¥4,400","¥2,200",¥650,,"¥25,000",https://files.cardrush.media/pokemon/ocha_products/59126.webp,22000
グラードン 【-】{007/009}[その他],EX,007/009,-,"¥22,000","¥11,000","¥4,400","¥2,200",¥650,,"¥25,000",https://files.cardrush.media/pokemon/ocha_products/59129.webp,22000
ポケパークのミズゴロウ 【P】{048/PCG-P}[その他],EX,048/PCG-P,P,"¥22,000","¥11,000","¥4,400","¥2,200",¥650,,"¥25,000",https://files.cardrush.media/pokemon/ocha_products/59107.webp,22000
ルギア 【P】{038/PCG-P}[その他],EX,038/PCG-P,P,"¥22,000","¥11,000","¥4,400","¥2,200",¥650,,"¥25,000",https://files.cardrush.media/pokemon/ocha_products/59089.webp,22000
ホウオウBREAK 【P】{225/XY-P}[その他],状態減額大,225/XY-P,P,"¥22,000","¥11,000","¥4,400","¥2,200",¥650,,"¥25,000",https://files.cardrush.media/pokemon/ocha_products/47262.webp,22000
プラスル 【P】{004/PLAY}[その他],状態減額大,004/PLAY,P,"¥22,000","¥11,000","¥4,400","¥2,200",¥650,,"¥25,000",https://files.cardrush.media/pokemon/ocha_products/18866.webp,22000
マイナン 【P】{005/PLAY}[その他],状態減額大,005/PLAY,P,"¥22,000","¥11,000","¥4,400","¥2,200",¥650,,"¥25,000",https://files.cardrush.media/pokemon/ocha_products/18867.webp,22000
ナエトル 【P】{001/PPP}[その他],状態減額大,001/PPP,P,"¥22,000","¥11,000","¥4,400","¥2,200",¥650,,"¥25,000",https://files.cardrush.media/pokemon/ocha_products/18882.webp,22000
ディアルガ 【P】{005/PPP}[その他],状態減額大,005/PPP,P,"¥22,000","¥11,000","¥4,400","¥2,200",¥650,,"¥25,000",https://files.cardrush.media/pokemon/ocha_products/18837.webp,22000
パルキア 【P】{006/PPP}[その他],状態減額大,006/PPP,P,"¥22,000","¥11,000","¥4,400","¥2,200",¥650,,"¥25,000",https://files.cardrush.media/pokemon/ocha_products/18838.webp,22000
マナフィ 【P】{004/PPP}[その他],状態減額大,004/PPP,P,"¥22,000","¥11,000","¥4,400","¥2,200",¥650,,"¥25,000",https://files.cardrush.media/pokemon/ocha_products/18883.webp,22000
チャンピオンズフェスティバル 2022【P】{S-P}[その他],,S-P,P,"¥22,000","¥11,000","¥4,400","¥2,200",¥650,,"¥25,000",https://files.cardrush.media/pokemon/ocha_products/36820.webp,22000
パラダイスリゾート 2024【P】{SV-P}[その他],,SV-P,P,"¥22,000","¥11,000","¥4,400","¥2,200",¥650,,"¥25,000",https://files.cardrush.media/pokemon/ocha_products/64306.webp,22000
勝利のメダル 銀/アルセウス【P】{036/DPt-P}[その他],状態減額大,036/DPt-P,P,"¥22,000","¥11,000","¥4,400","¥2,200",¥650,,"¥25,000",https://files.cardrush.media/pokemon/ocha_products/6357.webp,22000
勝利のメダル 銀/バクフーン【P】{042/L-P}[その他],状態減額大,042/L-P,P,"¥22,000","¥11,000","¥4,400","¥2,200",¥650,,"¥25,000",https://files.cardrush.media/pokemon/ocha_products/18798.webp,22000
MサメハダーEX SR仕様【-】{178/171}[その他],状態減額大,178/171,-,"¥22,000","¥11,000","¥4,400","¥2,200",¥650,,"¥25,000",https://files.cardrush.media/pokemon/ocha_products/4019.webp,22000
MゲンガーEX 【RR】{034/088}[その他],,034/088,RR,"¥22,000","¥11,000","¥4,400","¥2,200",¥650,,"¥25,000",https://files.cardrush.media/pokemon/ocha_products/69648.webp,22000
MレックウザEX 【-】{097/131}[CP4],EX,097/131,-,"¥22,000","¥11,000","¥4,400","¥2,200",¥650,,"¥25,000",https://files.cardrush.media/pokemon/ocha_products/108.webp,22000
ボルケニオンEX 【UR】{059/054}[XY11紫],状態減額大,059/054,UR,"¥22,000","¥11,000","¥4,400","¥2,200",¥650,,"¥25,000",https://files.cardrush.media/pokemon/ocha_products/1402.webp,22000
サトシゲッコウガEX 【P】{218/XY-P}[その他],状態減額大,218/XY-P,P,"¥22,000","¥11,000","¥4,400","¥2,200",¥650,,"¥25,000",https://files.cardrush.media/pokemon/ocha_products/4306.webp,22000
ゲンガーEX 【RR】{033/088}[XY4],EX,033/088,RR,"¥22,000","¥11,000","¥4,400","¥2,200",¥650,,"¥25,000",https://files.cardrush.media/pokemon/ocha_products/1816.webp,22000
ゲンガーEX 【-】{048/131}[CP4],EX,048/131,-,"¥22,000","¥11,000","¥4,400","¥2,200",¥650,,"¥25,000",https://files.cardrush.media/pokemon/ocha_products/567.webp,22000
レックウザex 【-】{008/015}[その他],,008/015,-,"¥22,000","¥11,000","¥4,400","¥2,200",¥650,,"¥25,000",https://files.cardrush.media/pokemon/ocha_products/71968.webp,22000
レックウザex 【-】{003/012}[その他],,003/012,-,"¥22,000","¥11,000","¥4,400","¥2,200",¥650,,"¥25,000",https://files.cardrush.media/pokemon/ocha_products/71969.webp,22000
フシギバナex 【-】{004/052}[その他],,004/052,-,"¥22,000","¥11,000","¥4,400","¥2,200",¥650,,"¥25,000",https://files.cardrush.media/pokemon/ocha_products/71970.webp,22000
カメックスex 【-】{020/052}[その他],,020/052,-,"¥22,000","¥11,000","¥4,400","¥2,200",¥650,,"¥25,000",https://files.cardrush.media/pokemon/ocha_products/71976.webp,22000
ミュウツーGX 【SSR】{219/150}[sm8b],A,219/150,SSR,"¥22,000","¥14,000","¥9,900","¥4,400","¥1,100",,"¥22,000",https://files.cardrush.media/pokemon/ocha_products/2426.webp,22000
ダークライGX 【HR】{063/049}[sm2+],A,063/049,HR,"¥22,000","¥14,000","¥9,900","¥4,400","¥1,100",,"¥22,000",https://files.cardrush.media/pokemon/ocha_products/816.webp,22000
ジムバッジ エリカ キラ仕様【P】{XY-P}[その他],P,XY-P,P,"¥22,000","¥11,000","¥4,400","¥2,200",¥650,,"¥22,000",https://files.cardrush.media/pokemon/ocha_products/672.webp,22000
ひかるジラーチ 【H】{043/072}[sm3+],A,043/072,H,"¥22,000","¥14,000","¥9,900","¥4,400","¥1,100",,"¥22,000",https://files.cardrush.media/pokemon/ocha_products/1174.webp,22000
ひかるアルセウス 【H】{059/072}[sm3+],A,059/072,H,"¥22,000","¥14,000","¥9,900","¥4,400","¥1,100",,"¥22,000",https://files.cardrush.media/pokemon/ocha_products/1172.webp,22000
あばれる君 【P】{320/SM-P}[その他],C,320/SM-P,P,"¥22,000","¥14,000","¥9,900","¥4,400","¥1,100",,"¥22,000",https://files.cardrush.media/pokemon/ocha_products/3749.webp,22000
サザンドラEX 【SR】{084/078}[その他],状態減額大,084/078,SR,"¥21,000","¥12,000","¥4,800","¥1,200",¥200,,"¥24,000",https://files.cardrush.media/pokemon/ocha_products/3902.webp,21000
スターミー LV.31 【★】{旧裏}[その他],,旧裏,★,"¥21,000","¥4,200","¥1,600",¥800,¥250,,"¥24,000",https://files.cardrush.media/pokemon/ocha_products/76896.webp,21000
リザードン 【★】{071/128}[e1],状態減額大,071/128,★,"¥21,000","¥10,000","¥4,200","¥2,100",¥600,,"¥24,000",https://files.cardrush.media/pokemon/ocha_products/20973.webp,21000
ラティアスδ-デルタ種 【★】{010/052}[その他],EX,010/052,★,"¥21,000","¥10,000","¥4,200","¥2,100",¥600,,"¥24,000",https://files.cardrush.media/pokemon/ocha_products/56688.webp,21000
おいわいファンファーレ 2023【P】{110/SV-P}[その他],,110/SV-P,P,"¥21,000","¥10,000","¥4,200","¥2,100",¥600,,"¥24,000",https://files.cardrush.media/pokemon/ocha_products/48321.webp,21000
ふしぎなアメ 【UR】{066/051}[sm1+],I,066/051,UR,"¥21,000","¥13,000","¥9,400","¥4,200","¥1,000",,"¥21,000",https://files.cardrush.media/pokemon/ocha_products/1245.webp,21000
ナタネ 【SR】{070/066}[sm5s],B,070/066,SR,"¥20,000","¥14,000","¥9,900","¥4,400",¥650,,"¥22,000",https://files.cardrush.media/pokemon/ocha_products/971.webp,20000
おじょうさま 【SR】{100/094}[sm6],F,100/094,SR,"¥20,000","¥14,000","¥10,000","¥5,000","¥1,000",,"¥20,000",https://files.cardrush.media/pokemon/ocha_products/296.webp,20000
リザードンex 【SAR】{349/190}[SV4a],G,349/190,SAR,"¥20,000","¥14,000","¥10,000","¥5,000","¥1,000",,"¥20,000",https://files.cardrush.media/pokemon/ocha_products/51078.webp,20000
ピカチュウex 【SAR】{234/193}[M2a],H,234/193,SAR,"¥20,000","¥14,000","¥10,000","¥5,000","¥1,000",,"¥20,000",https://files.cardrush.media/pokemon/ocha_products/73731.webp,20000
メガレックウザex 【SAR】{110/076}[M6],J,110/076,SAR,"¥20,000","¥14,000","¥10,000","¥5,000","¥1,000",,"¥20,000",https://files.cardrush.media/pokemon/ocha_products/83045.webp,20000
ゲッコウガ＆ゾロアークGX SA【SR】{059/055}[SM9a],C,059/055,SR,"¥20,000","¥14,000","¥10,000","¥5,000","¥1,000",,"¥20,000",https://files.cardrush.media/pokemon/ocha_products/2926.webp,20000
ブラッキー＆ダークライGX 【SR】{181/173}[sm12a],C,181/173,SR,"¥20,000","¥14,000","¥10,000","¥4,600",¥650,,"¥23,000",https://files.cardrush.media/pokemon/ocha_products/6021.webp,20000
リザードンV SA【SR】{103/100}[S9],F,103/100,SR,"¥20,000","¥14,000","¥10,000","¥5,000","¥1,000",,"¥20,000",https://files.cardrush.media/pokemon/ocha_products/24415.webp,20000
ピカチュウ 【CHR】{054/049}[sm11b],PIKA,054/049,CHR,"¥20,000","¥10,000","¥4,000","¥1,000",¥200,,"¥20,000",https://files.cardrush.media/pokemon/ocha_products/5188.webp,20000
キュウコンex 【R】{018/083}[その他],HOF,018/083,R,"¥20,000","¥10,000","¥4,000","¥2,000",¥600,,"¥23,000",https://files.cardrush.media/pokemon/ocha_products/4065.webp,20000
勝利のメダル 銀/メガニウム【P】{041/L-P}[その他],状態減額大,041/L-P,P,"¥20,000","¥10,000","¥4,000","¥2,000",¥600,,"¥23,000",https://files.cardrush.media/pokemon/ocha_products/18799.webp,20000
フシギバナ 【★】{097/128}[e1],状態減額大,097/128,★,"¥20,000","¥10,000","¥4,000","¥2,000",¥600,,"¥23,000",https://files.cardrush.media/pokemon/ocha_products/20999.webp,20000
イーブイ＆カビゴンGX SA【P】{297/SM-P}[sm9],C,297/SM-P,P,"¥20,000","¥13,000","¥9,000","¥4,000","¥1,000",,"¥20,000",https://files.cardrush.media/pokemon/ocha_products/2716.webp,20000
リーリエのピッピex SAR仕様【-】{765/742}[MC],I,765/742,-,"¥20,000","¥13,000","¥9,000","¥4,000","¥1,000",,"¥20,000",https://files.cardrush.media/pokemon/ocha_products/75876.webp,20000
ミュウ 25th【UR】{030/028}[S8a],E,030/028,UR,"¥20,000","¥13,000","¥9,000","¥4,000","¥1,000",,"¥20,000",https://files.cardrush.media/pokemon/ocha_products/22423.webp,20000
カビゴン 【UR】{093/070}[S5a],D,093/070,UR,"¥20,000","¥13,000","¥9,000","¥4,000","¥1,000",,"¥20,000",https://files.cardrush.media/pokemon/ocha_products/19010.webp,20000
ゲッコウガGX 【SSR】{216/150}[sm8b],B,216/150,SSR,"¥20,000","¥13,000","¥9,000","¥4,000","¥1,000",,"¥20,000",https://files.cardrush.media/pokemon/ocha_products/2247.webp,20000
エーフィGX 【SSR】{220/150}[sm8b],A,220/150,SSR,"¥20,000","¥13,000","¥9,000","¥4,000","¥1,000",,"¥20,000",https://files.cardrush.media/pokemon/ocha_products/2190.webp,20000
ニンフィアGX 【SSR】{238/150}[sm8b],A,238/150,SSR,"¥20,000","¥13,000","¥9,000","¥4,000","¥1,000",,"¥20,000",https://files.cardrush.media/pokemon/ocha_products/2334.webp,20000
ゼクロムGX 【P】{238/SM-P}[その他],B,238/SM-P,P,"¥20,000","¥13,000","¥9,000","¥4,000","¥1,000",,"¥20,000",https://files.cardrush.media/pokemon/ocha_products/772.webp,20000
カイリューGX 【HR】{062/053}[sm6a],B,062/053,HR,"¥20,000","¥13,000","¥9,000","¥4,000","¥1,000",,"¥20,000",https://files.cardrush.media/pokemon/ocha_products/324.webp,20000
ジムバッジ カスミ キラ仕様【P】{XY-P}[その他],P,XY-P,P,"¥20,000","¥10,000","¥4,000","¥2,000",¥600,,"¥20,000",https://files.cardrush.media/pokemon/ocha_products/674.webp,20000
レシラム＆リザードンGX 【HR】{108/095}[sm10],C,108/095,HR,"¥20,000","¥13,000","¥9,000","¥4,000","¥1,000",,"¥20,000",https://files.cardrush.media/pokemon/ocha_products/3403.webp,20000
殿堂の書 【P】{SM-P}[その他],A,SM-P,P,"¥20,000","¥13,000","¥9,000","¥4,000","¥1,000",,"¥20,000",https://files.cardrush.media/pokemon/ocha_products/940.webp,20000
シロナ 【SR】{153/150}[sm8b],B,153/150,SR,"¥19,000","¥13,000","¥9,000","¥4,000",¥600,,"¥20,000",https://files.cardrush.media/pokemon/ocha_products/2282.webp,19000
ボスの指令/サカキ 【SR】{106/096}[S2],I,106/096,SR,"¥19,000","¥13,000","¥9,000","¥4,000",¥600,,"¥20,000",https://files.cardrush.media/pokemon/ocha_products/7552.webp,19000
ダークライGX 【SR】{055/049}[sm2+],A,055/049,SR,"¥19,000","¥14,000","¥9,900","¥4,400",¥650,,"¥22,000",https://files.cardrush.media/pokemon/ocha_products/819.webp,19000
ミュウツーGX 【SR】{075/072}[sm3+],A,075/072,SR,"¥19,000","¥14,000","¥9,900","¥4,400",¥650,,"¥22,000",https://files.cardrush.media/pokemon/ocha_products/1506.webp,19000
ライコウEX 【SR】{071/069}[BW4],状態減額大,071/069,SR,"¥19,000","¥11,000","¥4,400","¥1,100",¥200,,"¥22,000",https://files.cardrush.media/pokemon/ocha_products/18920.webp,19000
ビクティニEX 【SR】{071/070}[BW7],状態減額大,071/070,SR,"¥19,000","¥11,000","¥4,400","¥1,100",¥200,,"¥22,000",https://files.cardrush.media/pokemon/ocha_products/18921.webp,19000
ボルトロスEX 【SR】{052/051}[BW8],状態減額大,052/051,SR,"¥19,000","¥11,000","¥4,400","¥1,100",¥200,,"¥22,000",https://files.cardrush.media/pokemon/ocha_products/18944.webp,19000
マナフィEX 【SR】{083/080}[XY9],状態減額大,083/080,SR,"¥19,000","¥11,000","¥4,400","¥1,100",¥200,,"¥22,000",https://files.cardrush.media/pokemon/ocha_products/1467.webp,19000
レアコイル LV.35 【★】{旧裏}[その他],,旧裏,★,"¥19,000","¥3,800","¥1,500",¥750,¥200,,"¥22,000",https://files.cardrush.media/pokemon/ocha_products/76798.webp,19000
サワムラー LV.30 【★】{旧裏}[その他],,旧裏,★,"¥19,000","¥3,800","¥1,500",¥750,¥200,,"¥22,000",https://files.cardrush.media/pokemon/ocha_products/76804.webp,19000
カブトプス LV.30 【★】{旧裏}[その他],,旧裏,★,"¥19,000","¥3,800","¥1,500",¥750,¥200,,"¥22,000",https://files.cardrush.media/pokemon/ocha_products/76805.webp,19000
エリカのラフレシア LV.34 【★】{旧裏}[その他],,旧裏,★,"¥19,000","¥3,800","¥1,500",¥750,¥200,,"¥22,000",https://files.cardrush.media/pokemon/ocha_products/76823.webp,19000
カスミのゴルダック LV.32 【★】{旧裏}[その他],,旧裏,★,"¥19,000","¥3,800","¥1,500",¥750,¥200,,"¥22,000",https://files.cardrush.media/pokemon/ocha_products/76827.webp,19000
カスミのドククラゲ LV.30 【★】{旧裏}[その他],,旧裏,★,"¥19,000","¥3,800","¥1,500",¥750,¥200,,"¥22,000",https://files.cardrush.media/pokemon/ocha_products/76828.webp,19000
マチスのオニドリル LV.30 【★】{旧裏}[その他],,旧裏,★,"¥19,000","¥3,800","¥1,500",¥750,¥200,,"¥22,000",https://files.cardrush.media/pokemon/ocha_products/76835.webp,19000
キングドラ LV.50 【★】{旧裏}[その他],,旧裏,★,"¥19,000","¥3,800","¥1,500",¥750,¥200,,"¥22,000",https://files.cardrush.media/pokemon/ocha_products/76860.webp,19000
ハガネール LV.64 【★】{旧裏}[その他],,旧裏,★,"¥19,000","¥3,800","¥1,500",¥750,¥200,,"¥22,000",https://files.cardrush.media/pokemon/ocha_products/76864.webp,19000
トゲチック LV.31 【★】{旧裏}[その他],,旧裏,★,"¥19,000","¥3,800","¥1,500",¥750,¥200,,"¥22,000",https://files.cardrush.media/pokemon/ocha_products/76866.webp,19000
バタフリー LV.38 【★】{旧裏}[その他],,旧裏,★,"¥19,000","¥3,800","¥1,500",¥750,¥200,,"¥22,000",https://files.cardrush.media/pokemon/ocha_products/76868.webp,19000
スピアー LV.36 【★】{旧裏}[その他],,旧裏,★,"¥19,000","¥3,800","¥1,500",¥750,¥200,,"¥22,000",https://files.cardrush.media/pokemon/ocha_products/76869.webp,19000
デルビル LV.22 【★】{旧裏}[その他],,旧裏,★,"¥19,000","¥3,800","¥1,500",¥750,¥200,,"¥22,000",https://files.cardrush.media/pokemon/ocha_products/76871.webp,19000
ヘルガー LV.37 【★】{旧裏}[その他],,旧裏,★,"¥19,000","¥3,800","¥1,500",¥750,¥200,,"¥22,000",https://files.cardrush.media/pokemon/ocha_products/76881.webp,19000
コイル LV.16 【★】{旧裏}[その他],,旧裏,★,"¥19,000","¥3,800","¥1,500",¥750,¥200,,"¥22,000",https://files.cardrush.media/pokemon/ocha_products/76883.webp,19000
ハッサム LV.43 【★】{旧裏}[その他],,旧裏,★,"¥19,000","¥3,800","¥1,500",¥750,¥200,,"¥22,000",https://files.cardrush.media/pokemon/ocha_products/76885.webp,19000
デリバード LV.34 【★】{旧裏}[その他],,旧裏,★,"¥19,000","¥3,800","¥1,500",¥750,¥200,,"¥22,000",https://files.cardrush.media/pokemon/ocha_products/76902.webp,19000
ポリゴン2 LV.33 【★】{旧裏}[その他],,旧裏,★,"¥19,000","¥3,800","¥1,500",¥750,¥200,,"¥22,000",https://files.cardrush.media/pokemon/ocha_products/76903.webp,19000
やさしいマリルリ LV.37 【★】{旧裏}[その他],,旧裏,★,"¥19,000","¥3,800","¥1,500",¥750,¥200,,"¥22,000",https://files.cardrush.media/pokemon/ocha_products/76910.webp,19000
わるいハッサム LV.35 【★】{旧裏}[その他],,旧裏,★,"¥19,000","¥3,800","¥1,500",¥750,¥200,,"¥22,000",https://files.cardrush.media/pokemon/ocha_products/76916.webp,19000
わるいポリゴン2 LV.28 【★】{旧裏}[その他],,旧裏,★,"¥19,000","¥3,800","¥1,500",¥750,¥200,,"¥22,000",https://files.cardrush.media/pokemon/ocha_products/76919.webp,19000
メタモン 【P】{077/XY-P}[その他],状態減額大,077/XY-P,P,"¥19,000","¥9,500","¥3,800","¥1,900",¥550,,"¥22,000",https://files.cardrush.media/pokemon/ocha_products/20877.webp,19000
マナフィ 【-】{012/036}[CP5],EX,012/036,-,"¥19,000","¥9,500","¥3,800","¥1,900",¥550,,"¥22,000",https://files.cardrush.media/pokemon/ocha_products/18485.webp,19000
カイリューex δ-デルタ種 【★】{004/068}[その他],EX,004/068,★,"¥19,000","¥9,500","¥3,800","¥1,900",¥550,,"¥22,000",https://files.cardrush.media/pokemon/ocha_products/56592.webp,19000
ピチュー兄弟 カードe【P】{028/P}[e],状態減額大,028/P,P,"¥19,000","¥9,500","¥3,800","¥1,900",¥550,,"¥22,000",https://files.cardrush.media/pokemon/ocha_products/14441.webp,19000
MリザードンEX Y【RR】{013/087}[CP6],状態減額大,013/087,RR,"¥19,000","¥9,500","¥3,800","¥1,900",¥550,,"¥22,000",https://files.cardrush.media/pokemon/ocha_products/105.webp,19000
サンダースEX SR仕様【-】{173/171}[XY],状態減額大,173/171,-,"¥19,000","¥9,500","¥3,800","¥1,900",¥550,,"¥22,000",https://files.cardrush.media/pokemon/ocha_products/644.webp,19000
ピカチュウex FUR仕様/30th【-】{132/M-P}[M6a],J,132/M-P,-,"¥19,000","¥12,000","¥8,500","¥3,800",¥950,,"¥19,000",https://files.cardrush.media/pokemon/ocha_products/85341.webp,19000
グラジオ 【SR】{055/050}[sm4S],A,055/050,SR,"¥18,000","¥12,000","¥9,000","¥4,500",¥900,,"¥18,000",https://files.cardrush.media/pokemon/ocha_products/531.webp,18000
ムサシとコジロウ 【SR】{062/054}[sm10b],C,062/054,SR,"¥18,000","¥13,000","¥9,000","¥4,000",¥600,,"¥20,000",https://files.cardrush.media/pokemon/ocha_products/4376.webp,18000
リーリエの全力 【SR】{068/049}[sm11b],C,068/049,SR,"¥18,000","¥13,000","¥9,000","¥4,000",¥600,,"¥20,000",https://files.cardrush.media/pokemon/ocha_products/5202.webp,18000
バトルレポーター 【SR】{103/096}[XY3],EX,103/096,SR,"¥18,000","¥10,000","¥4,000","¥1,000",¥200,,"¥20,000",https://files.cardrush.media/pokemon/ocha_products/1091.webp,18000
エーフィGX 【SR】{062/060}[sm1S],A,062/060,SR,"¥18,000","¥12,000","¥9,000","¥4,500",¥900,,"¥18,000",https://files.cardrush.media/pokemon/ocha_products/240.webp,18000
セレビィ＆フシギバナGX SA【SR】{097/095}[sm9],C,097/095,SR,"¥18,000","¥12,000","¥9,000","¥4,500",¥900,,"¥18,000",https://files.cardrush.media/pokemon/ocha_products/2694.webp,18000
ピカチュウ＆ゼクロムGX 【SR】{100/095}[sm9],C,100/095,SR,"¥18,000","¥13,000","¥9,000","¥4,000",¥600,,"¥20,000",https://files.cardrush.media/pokemon/ocha_products/2697.webp,18000
セレビィEX 【SR】{060/059}[BW6],状態減額大,060/059,SR,"¥18,000","¥10,000","¥4,000","¥1,000",¥200,,"¥20,000",https://files.cardrush.media/pokemon/ocha_products/18924.webp,18000
ピジョットEX 【SR】{096/087}[CP6],状態減額大,096/087,SR,"¥18,000","¥10,000","¥4,000","¥1,000",¥200,,"¥20,000",https://files.cardrush.media/pokemon/ocha_products/18912.webp,18000
キングドラEX 【SR】{085/078}[XY10],状態減額大,085/078,SR,"¥18,000","¥10,000","¥4,000","¥1,000",¥200,,"¥20,000",https://files.cardrush.media/pokemon/ocha_products/18945.webp,18000
ゼクロム 【R】{009/027}[CP2],EX,009/027,R,"¥18,000","¥9,000","¥3,600","¥1,800",¥500,,"¥21,000",https://files.cardrush.media/pokemon/ocha_products/18514.webp,18000
おいわいファンファーレ 2022【P】{306/S-P}[その他],,306/S-P,P,"¥18,000","¥9,000","¥3,600","¥1,800",¥500,,"¥21,000",https://files.cardrush.media/pokemon/ocha_products/37381.webp,18000
キングドラex SAR仕様/英語版【P】{131}[SVPEN],,131,P,"¥18,000","¥9,000","¥3,600","¥1,800",¥500,,"¥21,000",https://files.cardrush.media/pokemon/ocha_products/72907.webp,18000
スリーパー LV.36 【★】{旧裏}[その他],,旧裏,★,"¥18,000","¥3,600","¥1,400",¥700,¥200,,"¥20,000",https://files.cardrush.media/pokemon/ocha_products/76802.webp,18000
わるいアーボック LV.25 【★】{旧裏}[その他],,旧裏,★,"¥18,000","¥3,600","¥1,400",¥700,¥200,,"¥20,000",https://files.cardrush.media/pokemon/ocha_products/76809.webp,18000
わるいゴルバット LV.25 【★】{旧裏}[その他],,旧裏,★,"¥18,000","¥3,600","¥1,400",¥700,¥200,,"¥20,000",https://files.cardrush.media/pokemon/ocha_products/76810.webp,18000
わるいレアコイル LV.26 【★】{旧裏}[その他],,旧裏,★,"¥18,000","¥3,600","¥1,400",¥700,¥200,,"¥20,000",https://files.cardrush.media/pokemon/ocha_products/76816.webp,18000
わるいスリーパー LV.26 【★】{旧裏}[その他],,旧裏,★,"¥18,000","¥3,600","¥1,400",¥700,¥200,,"¥20,000",https://files.cardrush.media/pokemon/ocha_products/76819.webp,18000
わるいカイリキー LV.30 【★】{旧裏}[その他],,旧裏,★,"¥18,000","¥3,600","¥1,400",¥700,¥200,,"¥20,000",https://files.cardrush.media/pokemon/ocha_products/76821.webp,18000
R団のエビワラー LV.29 【★】{旧裏}[その他],,旧裏,★,"¥18,000","¥3,600","¥1,400",¥700,¥200,,"¥20,000",https://files.cardrush.media/pokemon/ocha_products/76833.webp,18000
タケシのサイドン LV.38 【★】{旧裏}[その他],,旧裏,★,"¥18,000","¥3,600","¥1,400",¥700,¥200,,"¥20,000",https://files.cardrush.media/pokemon/ocha_products/76834.webp,18000
キョウのスピアー LV.34 【★】{旧裏}[その他],,旧裏,★,"¥18,000","¥3,600","¥1,400",¥700,¥200,,"¥20,000",https://files.cardrush.media/pokemon/ocha_products/76839.webp,18000
メガニウム LV.57 【★】{旧裏}[その他],,旧裏,★,"¥18,000","¥3,600","¥1,400",¥700,¥200,,"¥20,000",https://files.cardrush.media/pokemon/ocha_products/76853.webp,18000
ワタッコ LV.35 【★】{旧裏}[その他],,旧裏,★,"¥18,000","¥3,600","¥1,400",¥700,¥200,,"¥20,000",https://files.cardrush.media/pokemon/ocha_products/76855.webp,18000
デンリュウ LV.40 【★】{旧裏}[その他],,旧裏,★,"¥18,000","¥3,600","¥1,400",¥700,¥200,,"¥20,000",https://files.cardrush.media/pokemon/ocha_products/76862.webp,18000
エアームド LV.30 【★】{旧裏}[その他],,旧裏,★,"¥18,000","¥3,600","¥1,400",¥700,¥200,,"¥20,000",https://files.cardrush.media/pokemon/ocha_products/76865.webp,18000
ヤンヤンマ LV.32 【★】{旧裏}[その他],,旧裏,★,"¥18,000","¥3,600","¥1,400",¥700,¥200,,"¥20,000",https://files.cardrush.media/pokemon/ocha_products/76870.webp,18000
アンノーンA LV.15 【★】{旧裏}[その他],,旧裏,★,"¥18,000","¥3,600","¥1,400",¥700,¥200,,"¥20,000",https://files.cardrush.media/pokemon/ocha_products/76876.webp,18000
ニョロボン LV.45 【★】{旧裏}[その他],,旧裏,★,"¥18,000","¥3,600","¥1,400",¥700,¥200,,"¥20,000",https://files.cardrush.media/pokemon/ocha_products/76878.webp,18000
カポエラー LV.31 【★】{旧裏}[その他],,旧裏,★,"¥18,000","¥3,600","¥1,400",¥700,¥200,,"¥20,000",https://files.cardrush.media/pokemon/ocha_products/76879.webp,18000
フォレトス LV.40 【★】{旧裏}[その他],,旧裏,★,"¥18,000","¥3,600","¥1,400",¥700,¥200,,"¥20,000",https://files.cardrush.media/pokemon/ocha_products/76884.webp,18000
リングマ LV.42 【★】{旧裏}[その他],,旧裏,★,"¥18,000","¥3,600","¥1,400",¥700,¥200,,"¥20,000",https://files.cardrush.media/pokemon/ocha_products/76886.webp,18000
ドーブル LV.27 【★】{旧裏}[その他],,旧裏,★,"¥18,000","¥3,600","¥1,400",¥700,¥200,,"¥20,000",https://files.cardrush.media/pokemon/ocha_products/76887.webp,18000
クロバット LV.51 【★】{旧裏}[その他],,旧裏,★,"¥18,000","¥3,600","¥1,400",¥700,¥200,,"¥20,000",https://files.cardrush.media/pokemon/ocha_products/76888.webp,18000
ワタッコ LV.37 【★】{旧裏}[その他],,旧裏,★,"¥18,000","¥3,600","¥1,400",¥700,¥200,,"¥20,000",https://files.cardrush.media/pokemon/ocha_products/76889.webp,18000
レアコイル LV.37 【★】{旧裏}[その他],,旧裏,★,"¥18,000","¥3,600","¥1,400",¥700,¥200,,"¥20,000",https://files.cardrush.media/pokemon/ocha_products/76901.webp,18000
わるいドンファン LV.29 【★】{旧裏}[その他],,旧裏,★,"¥18,000","¥3,600","¥1,400",¥700,¥200,,"¥20,000",https://files.cardrush.media/pokemon/ocha_products/76914.webp,18000
イーブイ LV.14 【-】{旧裏}[その他],,旧裏,-,"¥18,000","¥3,600","¥1,400",¥700,¥200,,"¥20,000",https://files.cardrush.media/pokemon/ocha_products/76939.webp,18000
ブラッキー☆ 25th【P】{012/025}[S8a-P],その他,012/025,P,"¥18,000","¥9,000","¥3,600","¥1,800",¥500,,"¥20,000",https://files.cardrush.media/pokemon/ocha_products/22390.webp,18000
ゲッコウガEX 【P】{021/XY-P}[XY],PROMO,021/XY-P,P,"¥18,000","¥9,000","¥3,600","¥1,800",¥500,,"¥20,000",https://files.cardrush.media/pokemon/ocha_products/72304.webp,18000
センパイとコウハイ 20thアニバーサリー【P】{XY-P}[その他],EX,XY-P,P,"¥18,000","¥9,000","¥3,600","¥1,800",¥500,,"¥20,000",https://files.cardrush.media/pokemon/ocha_products/787.webp,18000
コバルオン 【P】{037/BW-P}[BW-P],PROMO,037/BW-P,P,"¥18,000","¥9,000","¥3,600","¥1,800",¥500,,"¥20,000",https://files.cardrush.media/pokemon/ocha_products/71181.webp,18000
テラキオン 【P】{038/BW-P}[BW-P],PROMO,038/BW-P,P,"¥18,000","¥9,000","¥3,600","¥1,800",¥500,,"¥20,000",https://files.cardrush.media/pokemon/ocha_products/71182.webp,18000
ビリジオン 【P】{039/BW-P}[BW-P],PROMO,039/BW-P,P,"¥18,000","¥9,000","¥3,600","¥1,800",¥500,,"¥20,000",https://files.cardrush.media/pokemon/ocha_products/71183.webp,18000
水の都のラティアス 【-】{-}[10th],EX,-,-,"¥18,000","¥9,000","¥3,600","¥1,800",¥500,,"¥20,000",https://files.cardrush.media/pokemon/ocha_products/47589.webp,18000
アルフの石版 L1赤【-】{071/070}[L1],状態減額大,071/070,-,"¥18,000","¥9,000","¥3,600","¥1,800",¥500,,"¥20,000",https://files.cardrush.media/pokemon/ocha_products/20896.webp,18000
レジェンドボックス 【P】{051/L-P}[その他],HOF,051/L-P,P,"¥18,000","¥9,000","¥3,600","¥1,800",¥500,,"¥20,000",https://files.cardrush.media/pokemon/ocha_products/3730.webp,18000
チコリータ 【P】{005/L-P}[その他],状態減額大,005/L-P,P,"¥18,000","¥9,000","¥3,600","¥1,800",¥500,,"¥20,000",https://files.cardrush.media/pokemon/ocha_products/20903.webp,18000
アブソル グレート【-】{027/040}[その他],,027/040,-,"¥18,000","¥9,000","¥3,600","¥1,800",¥500,,"¥20,000",https://files.cardrush.media/pokemon/ocha_products/45660.webp,18000
ピチュー兄弟 【P】{078/PCG-P}[その他],PROMO,078/PCG-P,P,"¥18,000","¥9,000","¥3,600","¥1,800",¥500,,"¥20,000",https://files.cardrush.media/pokemon/ocha_products/18809.webp,18000
タッチ交換 バトルロードサマー★2006ロゴ【P】{130/PCG-P}[その他],PROMO,130/PCG-P,P,"¥18,000","¥9,000","¥3,600","¥1,800",¥500,,"¥20,000",https://files.cardrush.media/pokemon/ocha_products/21694.webp,18000
メタモン バリヤード【P】{108/PCG-P}[その他],-,108/PCG-P,P,"¥18,000","¥9,000","¥3,600","¥1,800",¥500,,"¥20,000",https://files.cardrush.media/pokemon/ocha_products/81196.webp,18000
名探偵ピカチュウ 【P】{098/SV-P}[その他],,098/SV-P,P,"¥18,000","¥9,000","¥3,600","¥1,800",¥500,,"¥20,000",https://files.cardrush.media/pokemon/ocha_products/48375.webp,18000
ピカチュウ 【C】{033/087}[その他],PIKA,033/087,C,"¥18,000","¥9,000","¥3,600","¥1,800",¥500,,"¥20,000",https://files.cardrush.media/pokemon/ocha_products/1130.webp,18000
ピカチュウ 【P】{001/XY-P}[その他],PIKA,001/XY-P,P,"¥18,000","¥9,000","¥3,600","¥1,800",¥500,,"¥20,000",https://files.cardrush.media/pokemon/ocha_products/1131.webp,18000
ピカチュウ 【P】{276/SM-P}[その他],PIKA,276/SM-P,P,"¥18,000","¥9,000","¥3,600","¥1,800",¥500,,"¥20,000",https://files.cardrush.media/pokemon/ocha_products/2575.webp,18000
カナザワのピカチュウ 【P】{144/S-P}[その他],PIKA,144/S-P,P,"¥18,000","¥9,000","¥3,600","¥1,800",¥500,,"¥20,000",https://files.cardrush.media/pokemon/ocha_products/17494.webp,18000
ピカチュウ 【P】{108/BW-P}[その他],状態減額大,108/BW-P,P,"¥18,000","¥9,000","¥3,600","¥1,800",¥500,,"¥20,000",https://files.cardrush.media/pokemon/ocha_products/18853.webp,18000
カビゴンδ-デルタ種 【★】{001/068}[その他],EX,001/068,★,"¥18,000","¥9,000","¥3,600","¥1,800",¥500,,"¥20,000",https://files.cardrush.media/pokemon/ocha_products/56585.webp,18000
ミュウツーδ-デルタ種 明治【P】{107/PCG-P}[その他],EX,107/PCG-P,P,"¥18,000","¥9,000","¥3,600","¥1,800",¥500,,"¥20,000",https://files.cardrush.media/pokemon/ocha_products/56594.webp,18000
ラティオスδ-デルタ種 【★】{014/052}[その他],EX,014/052,★,"¥18,000","¥9,000","¥3,600","¥1,800",¥500,,"¥20,000",https://files.cardrush.media/pokemon/ocha_products/56693.webp,18000
デオキシスδ-デルタ種 【★】{037/052}[その他],EX,037/052,★,"¥18,000","¥9,000","¥3,600","¥1,800",¥500,,"¥20,000",https://files.cardrush.media/pokemon/ocha_products/56702.webp,18000
ジラーチex 【☆】{041/075}[P8],その他,041/075,☆,"¥18,000","¥9,000","¥3,600","¥1,800",¥500,,"¥20,000",https://files.cardrush.media/pokemon/ocha_products/65685.webp,18000
ギラティナLV.X 【★】{052/096}[その他],HOF,052/096,★,"¥18,000","¥9,000","¥3,600","¥1,800",¥500,,"¥20,000",https://files.cardrush.media/pokemon/ocha_products/3713.webp,18000
エンテイ 【-】{001/009}[その他],EX,001/009,-,"¥18,000","¥9,000","¥3,600","¥1,800",¥500,,"¥20,000",https://files.cardrush.media/pokemon/ocha_products/59123.webp,18000
スイクン 【-】{003/009}[その他],EX,003/009,-,"¥18,000","¥9,000","¥3,600","¥1,800",¥500,,"¥20,000",https://files.cardrush.media/pokemon/ocha_products/59125.webp,18000
ライコウ 【-】{005/009}[その他],EX,005/009,-,"¥18,000","¥9,000","¥3,600","¥1,800",¥500,,"¥20,000",https://files.cardrush.media/pokemon/ocha_products/59127.webp,18000
ポケパークのセレビィ 【P】{044/PCG-P}[その他],EX,044/PCG-P,P,"¥18,000","¥9,000","¥3,600","¥1,800",¥500,,"¥20,000",https://files.cardrush.media/pokemon/ocha_products/59099.webp,18000
ポケパークのラティオス 【P】{045/PCG-P}[その他],EX,045/PCG-P,P,"¥18,000","¥9,000","¥3,600","¥1,800",¥500,,"¥20,000",https://files.cardrush.media/pokemon/ocha_products/59101.webp,18000
グラードン 【P】{042/PCG-P}[その他],EX,042/PCG-P,P,"¥18,000","¥9,000","¥3,600","¥1,800",¥500,,"¥20,000",https://files.cardrush.media/pokemon/ocha_products/59097.webp,18000
レジロックex 【P】{002/PLAY}[その他],状態減額大,002/PLAY,P,"¥18,000","¥9,000","¥3,600","¥1,800",¥500,,"¥20,000",https://files.cardrush.media/pokemon/ocha_products/18848.webp,18000
レジアイスex 【P】{001/PLAY}[その他],状態減額大,001/PLAY,P,"¥18,000","¥9,000","¥3,600","¥1,800",¥500,,"¥20,000",https://files.cardrush.media/pokemon/ocha_products/18847.webp,18000
レジスチルex 【P】{003/PLAY}[その他],状態減額大,003/PLAY,P,"¥18,000","¥9,000","¥3,600","¥1,800",¥500,,"¥20,000",https://files.cardrush.media/pokemon/ocha_products/18849.webp,18000
ルギア 【P】{047/P}[その他],状態減額大,047/P,P,"¥18,000","¥9,000","¥3,600","¥1,800",¥500,,"¥20,000",https://files.cardrush.media/pokemon/ocha_products/20988.webp,18000
勝利のメダル 銀/金箔押しジムチャレンジ2006【P】{-}[その他],状態減額大,-,P,"¥18,000","¥9,000","¥3,600","¥1,800",¥500,,"¥20,000",https://files.cardrush.media/pokemon/ocha_products/2957.webp,18000
サンダー 【★】{038/092}[e5],状態減額大,038/092,★,"¥18,000","¥9,000","¥3,600","¥1,800",¥500,,"¥20,000",https://files.cardrush.media/pokemon/ocha_products/20998.webp,18000
リザードン Classicキラ【-】{003/032}[CLL],-,003/032,-,"¥18,000","¥9,000","¥3,600","¥1,800",¥500,,"¥20,000",https://files.cardrush.media/pokemon/ocha_products/49015.webp,18000
MガルーラEX 【UR】{090/080}[XY2],状態減額大,090/080,UR,"¥18,000","¥9,000","¥3,600","¥1,800",¥500,,"¥20,000",https://files.cardrush.media/pokemon/ocha_products/20875.webp,18000
MミュウツーEX X【-】{051/131}[その他],状態減額大,051/131,-,"¥18,000","¥9,000","¥3,600","¥1,800",¥500,,"¥20,000",https://files.cardrush.media/pokemon/ocha_products/3875.webp,18000
MレックウザEX 【-】{006/018}[XYb緑],EX,006/018,-,"¥18,000","¥9,000","¥3,600","¥1,800",¥500,,"¥20,000",https://files.cardrush.media/pokemon/ocha_products/110.webp,18000
MレックウザEX 【RR】{062/078}[XY6],EX,062/078,RR,"¥18,000","¥9,000","¥3,600","¥1,800",¥500,,"¥20,000",https://files.cardrush.media/pokemon/ocha_products/112.webp,18000
ゲンガーEX 【-】{010/049}[その他],,010/049,-,"¥18,000","¥9,000","¥3,600","¥1,800",¥500,,"¥20,000",https://files.cardrush.media/pokemon/ocha_products/69645.webp,18000
ガブリアス＆ギラティナGX 【UR】{225/173}[sm12a],C,225/173,UR,"¥18,000","¥11,000","¥8,100","¥3,600",¥900,,"¥18,000",https://files.cardrush.media/pokemon/ocha_products/6065.webp,18000
ギラティナVSTAR 【UR】{261/172}[S12a],F,261/172,UR,"¥18,000","¥11,000","¥8,100","¥3,600",¥900,,"¥18,000",https://files.cardrush.media/pokemon/ocha_products/38441.webp,18000
ダークライGX 【SSR】{230/150}[sm8b],A,230/150,SSR,"¥18,000","¥11,000","¥8,100","¥3,600",¥900,,"¥18,000",https://files.cardrush.media/pokemon/ocha_products/2300.webp,18000
エネルギーつけかえ 【UR】{090/078}[XY6],I,090/078,UR,"¥18,000","¥11,000","¥8,100","¥3,600",¥900,,"¥18,000",https://files.cardrush.media/pokemon/ocha_products/265.webp,18000
ニャースVMAX 【P】{029/S-P}[その他],D,029/S-P,P,"¥18,000","¥11,000","¥8,100","¥3,600",¥900,,"¥18,000",https://files.cardrush.media/pokemon/ocha_products/7084.webp,18000
ジムバッジ ナツメ│キラ仕様【P】{XY-P}[その他],P,XY-P,P,"¥18,000","¥9,000","¥3,600","¥1,800",¥500,,"¥18,000",https://files.cardrush.media/pokemon/ocha_products/687.webp,18000
ザルードV 当選通知書付き【P】{108/S-P}[その他],D,108/S-P,P,"¥18,000","¥11,000","¥8,100","¥3,600",¥900,,"¥18,000",https://files.cardrush.media/pokemon/ocha_products/14702.webp,18000
リザードン 【U】{005/032}[CP3],状態減額大,005/032,U,"¥17,000","¥8,500","¥3,400","¥1,700",¥500,,"¥19,000",https://files.cardrush.media/pokemon/ocha_products/18537.webp,17000
ルギア 30th/復刻版/クリスタルタイプ【-】{142/103}[M6a],J,142/103,-,"¥17,000","¥11,000","¥7,600","¥3,400",¥850,,"¥17,000",https://files.cardrush.media/pokemon/ocha_products/85117.webp,17000
ルカリオGX 【HR】{059/050}[sm5+],B,059/050,HR,"¥17,000","¥11,000","¥7,600","¥3,400",¥850,,"¥17,000",https://files.cardrush.media/pokemon/ocha_products/1610.webp,17000
ファイヤー＆サンダー＆フリーザーGX 【HR】{066/054}[sm10b],C,066/054,HR,"¥17,000","¥11,000","¥7,600","¥3,400",¥850,,"¥17,000",https://files.cardrush.media/pokemon/ocha_products/4417.webp,17000
ポケモンブリーダー 【SR】{077/072}[sm3+],A,077/072,SR,"¥16,000","¥11,000","¥8,100","¥3,600",¥500,,"¥18,000",https://files.cardrush.media/pokemon/ocha_products/1381.webp,16000
モノマネむすめ 【SR】{077/066}[sm6b],E,077/066,SR,"¥16,000","¥11,000","¥8,100","¥3,600",¥500,,"¥18,000",https://files.cardrush.media/pokemon/ocha_products/1533.webp,16000
カスミのおねがい 【SR】{104/094}[sm11],C,104/094,SR,"¥16,000","¥11,000","¥8,100","¥3,600",¥500,,"¥18,000",https://files.cardrush.media/pokemon/ocha_products/4687.webp,16000
アクロマ 【SR】{075/070}[BW7青],状態減額大,075/070,SR,"¥16,000","¥9,000","¥3,600",¥900,¥150,,"¥18,000",https://files.cardrush.media/pokemon/ocha_products/144.webp,16000
チルタリスEX 【SR】{086/078}[XY10],状態減額大,086/078,SR,"¥16,000","¥9,000","¥3,600",¥900,¥150,,"¥18,000",https://files.cardrush.media/pokemon/ocha_products/18934.webp,16000
デンリュウEX 【SR】{085/081}[その他],状態減額大,085/081,SR,"¥16,000","¥9,000","¥3,600",¥900,¥150,,"¥18,000",https://files.cardrush.media/pokemon/ocha_products/3879.webp,16000
メガカイリューex 【MUR】{250/193}[M2a],I,250/193,MUR,"¥16,000","¥11,000","¥8,100","¥3,600",¥500,,"¥18,000",https://files.cardrush.media/pokemon/ocha_products/73747.webp,16000
わるいクロバット LV.39 【★】{旧裏}[その他],,旧裏,★,"¥16,000","¥3,200","¥1,200",¥600,¥150,,"¥18,000",https://files.cardrush.media/pokemon/ocha_products/76905.webp,16000
エンテイ LV.37 【-】{旧裏}[その他],,旧裏,-,"¥16,000","¥3,200","¥1,200",¥600,¥150,,"¥18,000",https://files.cardrush.media/pokemon/ocha_products/76942.webp,16000
スイクン LV.25 【-】{旧裏}[その他],,旧裏,-,"¥16,000","¥3,200","¥1,200",¥600,¥150,,"¥18,000",https://files.cardrush.media/pokemon/ocha_products/76949.webp,16000
ランドロス SR仕様【P】{112/BW-P}[その他],状態減額大,112/BW-P,P,"¥16,000","¥8,000","¥3,200","¥1,600",¥450,,"¥18,000",https://files.cardrush.media/pokemon/ocha_products/18957.webp,16000
ハマナのリサーチ キラ【P】{-}[その他],PROMO,-,P,"¥16,000","¥8,000","¥3,200","¥1,600",¥450,,"¥18,000",https://files.cardrush.media/pokemon/ocha_products/18816.webp,16000
ピカチュウ 【P】{068/XY-P}[その他],PIKA,068/XY-P,P,"¥16,000","¥8,000","¥3,200","¥1,600",¥450,,"¥18,000",https://files.cardrush.media/pokemon/ocha_products/1133.webp,16000
ピカチュウ 【P】{069/XY-P}[その他],PIKA,069/XY-P,P,"¥16,000","¥8,000","¥3,200","¥1,600",¥450,,"¥18,000",https://files.cardrush.media/pokemon/ocha_products/1134.webp,16000
ピカチュウ 【P】{070/XY-P}[その他],PIKA,070/XY-P,P,"¥16,000","¥8,000","¥3,200","¥1,600",¥450,,"¥18,000",https://files.cardrush.media/pokemon/ocha_products/1135.webp,16000
カメックスδ-デルタ種 【★】{049/075}[その他],EX,049/075,★,"¥16,000","¥8,000","¥3,200","¥1,600",¥450,,"¥18,000",https://files.cardrush.media/pokemon/ocha_products/56524.webp,16000
カイリューδ-デルタ種 【★】{039/086}[その他],EX,039/086,★,"¥16,000","¥8,000","¥3,200","¥1,600",¥450,,"¥18,000",https://files.cardrush.media/pokemon/ocha_products/56593.webp,16000
ボーマンダex δ-デルタ種 【★】{022/068}[その他],EX,022/068,★,"¥16,000","¥8,000","¥3,200","¥1,600",¥450,,"¥18,000",https://files.cardrush.media/pokemon/ocha_products/56682.webp,16000
ボーマンダ δ-デルタ種 【★】{021/086}[その他],EX,021/086,★,"¥16,000","¥8,000","¥3,200","¥1,600",¥450,,"¥18,000",https://files.cardrush.media/pokemon/ocha_products/56683.webp,16000
勝利のメダル 銀/オーダイル【P】{043/L-P}[その他],状態減額大,043/L-P,P,"¥16,000","¥8,000","¥3,200","¥1,600",¥450,,"¥18,000",https://files.cardrush.media/pokemon/ocha_products/18800.webp,16000
ピカチュウ ジャンボカード【P】{XY-P}[その他],,XY-P,P,"¥16,000","¥8,000","¥3,200","¥1,600",¥450,,"¥18,000",https://files.cardrush.media/pokemon/ocha_products/69667.webp,16000
ゲッコウガex SAR仕様/英語版【P】{132}[SVPEN],,132,P,"¥16,000","¥8,000","¥3,200","¥1,600",¥450,,"¥18,000",https://files.cardrush.media/pokemon/ocha_products/72906.webp,16000
MリザードンEX Y【-】{002/021}[その他],状態減額大,002/021,-,"¥16,000","¥8,000","¥3,200","¥1,600",¥450,,"¥18,000",https://files.cardrush.media/pokemon/ocha_products/1809.webp,16000
MミュウツーEX X【RR】{026/059}[その他],状態減額大,026/059,RR,"¥16,000","¥8,000","¥3,200","¥1,600",¥450,,"¥18,000",https://files.cardrush.media/pokemon/ocha_products/3871.webp,16000
ミュウツーEX 【RR】{050/087}[その他],状態減額大,050/087,RR,"¥16,000","¥8,000","¥3,200","¥1,600",¥450,,"¥18,000",https://files.cardrush.media/pokemon/ocha_products/3862.webp,16000
ピカチュウLV.13 【P】{025/DP-P}[その他],,025/DP-P,P,"¥16,000","¥8,000","¥3,200","¥1,600",¥450,,"¥18,000",https://files.cardrush.media/pokemon/ocha_products/71485.webp,16000
リザードン LV.76 30th/復刻版【-】{137/103}[M6a],J,137/103,-,"¥16,000","¥10,000","¥7,200","¥3,200",¥800,,"¥16,000",https://files.cardrush.media/pokemon/ocha_products/85112.webp,16000
エネルギーリサイクル 【UR】{061/050}[sm5+],I,061/050,UR,"¥16,000","¥10,000","¥7,200","¥3,200",¥800,,"¥16,000",https://files.cardrush.media/pokemon/ocha_products/266.webp,16000
フリーザーGX 【HR】{078/066}[sm6b],B,078/066,HR,"¥16,000","¥10,000","¥7,200","¥3,200",¥800,,"¥16,000",https://files.cardrush.media/pokemon/ocha_products/1286.webp,16000
ディアルガGX 【HR】{060/050}[sm5+],B,060/050,HR,"¥16,000","¥10,000","¥7,200","¥3,200",¥800,,"¥16,000",https://files.cardrush.media/pokemon/ocha_products/920.webp,16000
ミミッキュGX 【HR】{060/050}[sm7b],B,060/050,HR,"¥16,000","¥10,000","¥7,200","¥3,200",¥800,,"¥16,000",https://files.cardrush.media/pokemon/ocha_products/1749.webp,16000
サーナイトex 【SAR】{101/078}[SV1S],G,101/078,SAR,"¥15,000","¥10,000","¥7,500","¥3,700",¥750,,"¥15,000",https://files.cardrush.media/pokemon/ocha_products/39522.webp,15000
ルカリオ＆メルメタルGX SA【SR】{059/054}[SM9b],C,059/054,SR,"¥15,000","¥10,000","¥7,500","¥3,700",¥750,,"¥15,000",https://files.cardrush.media/pokemon/ocha_products/3121.webp,15000
マーシャドー＆カイリキーGX SA【SR】{101/095}[sm10],C,101/095,SR,"¥15,000","¥10,000","¥7,500","¥3,700",¥750,,"¥15,000",https://files.cardrush.media/pokemon/ocha_products/3396.webp,15000
ヤドン＆コダックGX 【SR】{095/094}[sm11],C,095/094,SR,"¥15,000","¥10,000","¥7,500","¥3,700",¥750,,"¥15,000",https://files.cardrush.media/pokemon/ocha_products/4670.webp,15000
フシギバナ＆ツタージャGX SA【SR】{066/064}[sm11a],C,066/064,SR,"¥15,000","¥10,000","¥7,500","¥3,700",¥750,,"¥15,000",https://files.cardrush.media/pokemon/ocha_products/5030.webp,15000
ピカチュウV 【SR】{104/100}[s4],D,104/100,SR,"¥15,000","¥10,000","¥7,500","¥3,700",¥750,,"¥15,000",https://files.cardrush.media/pokemon/ocha_products/14592.webp,15000
エーフィV SA【SR】{081/069}[S6a],E,081/069,SR,"¥15,000","¥10,000","¥7,500","¥3,700",¥750,,"¥15,000",https://files.cardrush.media/pokemon/ocha_products/20747.webp,15000
ミュウV SA【SR】{106/100}[S8],E,106/100,SR,"¥15,000","¥10,000","¥7,500","¥3,700",¥750,,"¥15,000",https://files.cardrush.media/pokemon/ocha_products/22191.webp,15000
シェイミEX 【SR】{053/052}[BW3],EX,053/052,SR,"¥15,000","¥8,500","¥3,400",¥850,¥150,,"¥17,000",https://files.cardrush.media/pokemon/ocha_products/18947.webp,15000
ヒードランEX 【SR】{052/051}[BW8],状態減額大,052/051,SR,"¥15,000","¥8,500","¥3,400",¥850,¥150,,"¥17,000",https://files.cardrush.media/pokemon/ocha_products/18948.webp,15000
ジュカインEX 【SR】{082/081}[その他],EX,082/081,SR,"¥15,000","¥8,500","¥3,400",¥850,¥150,,"¥17,000",https://files.cardrush.media/pokemon/ocha_products/4034.webp,15000
ヘルガーEX 【SR】{060/059}[その他],状態減額大,060/059,SR,"¥15,000","¥8,500","¥3,400",¥850,¥150,,"¥17,000",https://files.cardrush.media/pokemon/ocha_products/4061.webp,15000
ホウオウ 【P】{224/XY-P}[その他],状態減額大,224/XY-P,P,"¥15,000","¥7,500","¥3,000","¥1,500",¥450,,"¥17,000",https://files.cardrush.media/pokemon/ocha_products/20878.webp,15000
ルギア 【P】{228/XY-P}[その他],状態減額大,228/XY-P,P,"¥15,000","¥7,500","¥3,000","¥1,500",¥450,,"¥17,000",https://files.cardrush.media/pokemon/ocha_products/20876.webp,15000
ちからのハチマキ バトルフェスタ【P】{XY-P}[その他],EX,XY-P,P,"¥15,000","¥7,500","¥3,000","¥1,500",¥450,,"¥17,000",https://files.cardrush.media/pokemon/ocha_products/895.webp,15000
レシラム 【R】{002/027}[CP2],EX,002/027,R,"¥15,000","¥7,500","¥3,000","¥1,500",¥450,,"¥17,000",https://files.cardrush.media/pokemon/ocha_products/18508.webp,15000
ディアルガ 【R】{017/027}[CP2],EX,017/027,R,"¥15,000","¥7,500","¥3,000","¥1,500",¥450,,"¥17,000",https://files.cardrush.media/pokemon/ocha_products/18522.webp,15000
メロエッタ 【-】{019/036}[CP5],EX,019/036,-,"¥15,000","¥7,500","¥3,000","¥1,500",¥450,,"¥17,000",https://files.cardrush.media/pokemon/ocha_products/18492.webp,15000
アルセウス 【-】{036/036}[CP5],EX,036/036,-,"¥15,000","¥7,500","¥3,000","¥1,500",¥450,,"¥17,000",https://files.cardrush.media/pokemon/ocha_products/18505.webp,15000
セレビィ グレート【-】{007/080}[その他],,007/080,-,"¥15,000","¥7,500","¥3,000","¥1,500",¥450,,"¥17,000",https://files.cardrush.media/pokemon/ocha_products/45643.webp,15000
名探偵ピカチュウ 【P】{099/S-P}[その他],PIKA,099/S-P,P,"¥15,000","¥7,500","¥3,000","¥1,500",¥450,,"¥17,000",https://files.cardrush.media/pokemon/ocha_products/13984.webp,15000
ライチュウδ-デルタ種 【★】{042/052}[その他],EX,042/052,★,"¥15,000","¥7,500","¥3,000","¥1,500",¥450,,"¥17,000",https://files.cardrush.media/pokemon/ocha_products/56534.webp,15000
キュウコンδ-デルタ種 【★】{030/068}[その他],EX,030/068,★,"¥15,000","¥7,500","¥3,000","¥1,500",¥450,,"¥17,000",https://files.cardrush.media/pokemon/ocha_products/56543.webp,15000
フライゴンex 【☆】{075/108}[PWCP],その他,075/108,☆,"¥15,000","¥7,500","¥3,000","¥1,500",¥450,,"¥17,000",https://files.cardrush.media/pokemon/ocha_products/65697.webp,15000
ライチュウLV.X 【★】{026/092}[その他],EX,026/092,★,"¥15,000","¥7,500","¥3,000","¥1,500",¥450,,"¥17,000",https://files.cardrush.media/pokemon/ocha_products/58610.webp,15000
アブソルGLV.X 【★】{065/100}[その他],EX,065/100,★,"¥15,000","¥7,500","¥3,000","¥1,500",¥450,,"¥17,000",https://files.cardrush.media/pokemon/ocha_products/58630.webp,15000
MヘラクロスEX 【UR】{104/096}[XY3],EX,104/096,UR,"¥15,000","¥7,500","¥3,000","¥1,500",¥450,,"¥17,000",https://files.cardrush.media/pokemon/ocha_products/18987.webp,15000
ルギアEX RR仕様【-】{086/093}[EBB],,086/093,-,"¥15,000","¥7,500","¥3,000","¥1,500",¥450,,"¥17,000",https://files.cardrush.media/pokemon/ocha_products/80664.webp,15000
ピカチュウVMAX 【UR】{279/184}[S8b],D,279/184,UR,"¥15,000","¥9,700","¥6,700","¥3,000",¥750,,"¥15,000",https://files.cardrush.media/pokemon/ocha_products/23055.webp,15000
ゲッコウガGX 【HR】{103/094}[sm6],B,103/094,HR,"¥15,000","¥9,700","¥6,700","¥3,000",¥750,,"¥15,000",https://files.cardrush.media/pokemon/ocha_products/560.webp,15000
サーナイトGX 【HR】{061/051}[sm3N],A,061/051,HR,"¥15,000","¥9,700","¥6,700","¥3,000",¥750,,"¥15,000",https://files.cardrush.media/pokemon/ocha_products/617.webp,15000
あなぬけのヒモ 【UR】{062/051}[sm3H],E,062/051,UR,"¥15,000","¥9,700","¥6,700","¥3,000",¥750,,"¥15,000",https://files.cardrush.media/pokemon/ocha_products/167.webp,15000
リザードン＆テールナーGX 【HR】{075/064}[sm11a],C,075/064,HR,"¥15,000","¥9,700","¥6,700","¥3,000",¥750,,"¥15,000",https://files.cardrush.media/pokemon/ocha_products/5039.webp,15000
サーナイト＆ニンフィアGX 【HR】{067/055}[SM9a],C,067/055,HR,"¥15,000","¥9,700","¥6,700","¥3,000",¥750,,"¥15,000",https://files.cardrush.media/pokemon/ocha_products/2934.webp,15000
ミュウツー 【P】{405/SM-P}[その他],C,405/SM-P,P,"¥15,000","¥9,700","¥6,700","¥3,000",¥750,,"¥15,000",https://files.cardrush.media/pokemon/ocha_products/5625.webp,15000
レベルボール バトルカーニバル2011【P】{BW-P}[その他],E,BW-P,P,"¥15,000","¥9,700","¥6,700","¥3,000",¥750,,"¥15,000",https://files.cardrush.media/pokemon/ocha_products/7702.webp,15000
ゼクロムex 【SAR】{169/086}[SV11B],I,169/086,SAR,"¥14,000","¥9,800","¥7,000","¥3,500",¥700,,"¥14,000",https://files.cardrush.media/pokemon/ocha_products/67338.webp,14000
ガラルヤドキングV SA【SR】{080/070}[S5a],E,080/070,SR,"¥14,000","¥9,800","¥7,000","¥3,500",¥700,,"¥14,000",https://files.cardrush.media/pokemon/ocha_products/18997.webp,14000
ニンフィアV SA【SR】{083/069}[S6a],E,083/069,SR,"¥14,000","¥9,700","¥6,700","¥3,000",¥450,,"¥15,000",https://files.cardrush.media/pokemon/ocha_products/20749.webp,14000
レジギガスEX 【SR】{055/052}[BW3],状態減額大,055/052,SR,"¥14,000","¥8,000","¥3,200",¥800,¥150,,"¥16,000",https://files.cardrush.media/pokemon/ocha_products/18966.webp,14000
ケルディオEX 【SR】{061/059}[BW6],状態減額大,061/059,SR,"¥14,000","¥8,000","¥3,200",¥800,¥150,,"¥16,000",https://files.cardrush.media/pokemon/ocha_products/18953.webp,14000
メガジガルデex 【MUR】{117/080}[M3],J,117/080,MUR,"¥14,000","¥9,700","¥6,700","¥3,000",¥450,,"¥15,000",https://files.cardrush.media/pokemon/ocha_products/78744.webp,14000
ラティオス 【P】{174/XY-P}[その他],状態減額大,174/XY-P,P,"¥14,000","¥7,000","¥2,800","¥1,400",¥400,,"¥16,000",https://files.cardrush.media/pokemon/ocha_products/21980.webp,14000
アルセウス 【R】{024/027}[CP2],EX,024/027,R,"¥14,000","¥7,000","¥2,800","¥1,400",¥400,,"¥16,000",https://files.cardrush.media/pokemon/ocha_products/18529.webp,14000
ギャラドス 【P】{004/L-P}[その他],状態減額大,004/L-P,P,"¥14,000","¥7,000","¥2,800","¥1,400",¥400,,"¥16,000",https://files.cardrush.media/pokemon/ocha_products/20914.webp,14000
ピカチュウ マクドナルド【P】{064/XY-P}[その他],PIKA,064/XY-P,P,"¥14,000","¥7,000","¥2,800","¥1,400",¥400,,"¥16,000",https://files.cardrush.media/pokemon/ocha_products/1166.webp,14000
リザードン 【★】{DPBP#006}[DP3],状態減額大,DPBP#006,★,"¥14,000","¥7,000","¥2,800","¥1,400",¥400,,"¥16,000",https://files.cardrush.media/pokemon/ocha_products/18863.webp,14000
ミロカロスδ-デルタ種 【★】{013/068}[その他],EX,013/068,★,"¥14,000","¥7,000","¥2,800","¥1,400",¥400,,"¥16,000",https://files.cardrush.media/pokemon/ocha_products/56672.webp,14000
サーナイトex 【☆】{028/053}[AD2],その他,028/053,☆,"¥14,000","¥7,000","¥2,800","¥1,400",¥400,,"¥16,000",https://files.cardrush.media/pokemon/ocha_products/65642.webp,14000
グレイシアLV.X 【★】{-}[その他],EX,-,★,"¥14,000","¥7,000","¥2,800","¥1,400",¥400,,"¥16,000",https://files.cardrush.media/pokemon/ocha_products/58597.webp,14000
ブラッキーEX 【RR】{042/078}[XY10],XY,042/078,RR,"¥14,000","¥7,000","¥2,800","¥1,400",¥400,,"¥16,000",https://files.cardrush.media/pokemon/ocha_products/21951.webp,14000
ルカリオGX 【SSR】{224/150}[sm8b],B,224/150,SSR,"¥14,000","¥9,100","¥6,300","¥2,800",¥700,,"¥14,000",https://files.cardrush.media/pokemon/ocha_products/2472.webp,14000
ボスの指令/サカキ 【HR】{112/096}[S2],I,112/096,HR,"¥14,000","¥9,100","¥6,300","¥2,800",¥700,,"¥14,000",https://files.cardrush.media/pokemon/ocha_products/7558.webp,14000
ミライドン AR仕様【P】{048/SV-P}[その他],G,048/SV-P,P,"¥14,000","¥9,100","¥6,300","¥2,800",¥700,,"¥14,000",https://files.cardrush.media/pokemon/ocha_products/40606.webp,14000
エーフィ＆デオキシスGX 【HR】{212/173}[sm12a],C,212/173,HR,"¥14,000","¥9,100","¥6,300","¥2,800",¥700,,"¥14,000",https://files.cardrush.media/pokemon/ocha_products/6052.webp,14000
ポケモンカードジムメダル 【P】{XY-P}[その他],P,XY-P,P,"¥14,000","¥7,000","¥2,800","¥1,400",¥400,,"¥14,000",https://files.cardrush.media/pokemon/ocha_products/1348.webp,14000
アカネ 【SR】{101/095}[sm8],B,101/095,SR,"¥13,000","¥9,100","¥6,500","¥3,200",¥650,,"¥13,000",https://files.cardrush.media/pokemon/ocha_products/1894.webp,13000
ブルーの探索 【SR】{061/054}[SM9b],C,061/054,SR,"¥13,000","¥9,700","¥6,700","¥3,000",¥450,,"¥15,000",https://files.cardrush.media/pokemon/ocha_products/3123.webp,13000
シロナ＆カトレア 【SR】{106/095}[sm12],C,106/095,SR,"¥13,000","¥9,100","¥6,500","¥3,200",¥650,,"¥13,000",https://files.cardrush.media/pokemon/ocha_products/5487.webp,13000
ソニア 【SR】{077/070}[s1a],D,077/070,SR,"¥13,000","¥9,100","¥6,500","¥3,200",¥650,,"¥13,000",https://files.cardrush.media/pokemon/ocha_products/7361.webp,13000
ミツル 【SR】{089/078}[XY6],EX,089/078,SR,"¥13,000","¥7,500","¥3,000",¥750,¥150,,"¥15,000",https://files.cardrush.media/pokemon/ocha_products/1495.webp,13000
チェレン 【SR】{063/059}[その他],状態減額大,063/059,SR,"¥13,000","¥7,500","¥3,000",¥750,¥150,,"¥15,000",https://files.cardrush.media/pokemon/ocha_products/4282.webp,13000
ラティアスex 【SAR】{087/064}[SV7a],H,087/064,SAR,"¥13,000","¥9,700","¥6,700","¥3,000",¥450,,"¥15,000",https://files.cardrush.media/pokemon/ocha_products/59575.webp,13000
レシラムex 【SAR】{168/086}[SV11W],I,168/086,SAR,"¥13,000","¥9,100","¥6,500","¥3,200",¥650,,"¥13,000",https://files.cardrush.media/pokemon/ocha_products/67577.webp,13000
メガカイリューex 【SAR】{246/193}[M2a],I,246/193,SAR,"¥13,000","¥9,100","¥6,500","¥3,200",¥650,,"¥13,000",https://files.cardrush.media/pokemon/ocha_products/73743.webp,13000
メガダークライex 【SAR】{114/081}[M5],J,114/081,SAR,"¥13,000","¥9,100","¥6,500","¥3,200",¥650,,"¥13,000",https://files.cardrush.media/pokemon/ocha_products/81471.webp,13000
レシラム＆リザードンGX 【SR】{096/095}[sm10],C,096/095,SR,"¥13,000","¥9,100","¥6,500","¥3,200",¥650,,"¥13,000",https://files.cardrush.media/pokemon/ocha_products/3391.webp,13000
ファイヤー＆サンダー＆フリーザーGX 【SR】{059/054}[sm10b],C,059/054,SR,"¥13,000","¥9,100","¥6,500","¥3,200",¥650,,"¥13,000",https://files.cardrush.media/pokemon/ocha_products/4411.webp,13000
シャワーズV SA【SR】{075/069}[S6a],E,075/069,SR,"¥13,000","¥9,100","¥6,500","¥3,200",¥650,,"¥13,000",https://files.cardrush.media/pokemon/ocha_products/20741.webp,13000
ブースターV SA【SR】{073/069}[S6a],E,073/069,SR,"¥13,000","¥9,100","¥6,500","¥3,200",¥650,,"¥13,000",https://files.cardrush.media/pokemon/ocha_products/20739.webp,13000
リーフィアV SA【SR】{071/069}[S6a],E,071/069,SR,"¥13,000","¥9,700","¥6,700","¥3,000",¥450,,"¥15,000",https://files.cardrush.media/pokemon/ocha_products/20737.webp,13000
イベルタルEX 【SR】{063/060}[XY1],状態減額大,063/060,SR,"¥13,000","¥7,500","¥3,000",¥750,¥150,,"¥15,000",https://files.cardrush.media/pokemon/ocha_products/18959.webp,13000
ビリジオン 【SR】{067/066}[BW2],EX,067/066,SR,"¥13,000","¥7,500","¥3,000",¥750,¥150,,"¥15,000",https://files.cardrush.media/pokemon/ocha_products/18937.webp,13000
ハッサムEX 【SR】{086/080}[XY9],状態減額大,086/080,SR,"¥13,000","¥7,500","¥3,000",¥750,¥150,,"¥15,000",https://files.cardrush.media/pokemon/ocha_products/1072.webp,13000
メガカイリューex ※表面加工エラー【MA】{232/193}[M2a],I,232/193,MA,"¥13,000","¥9,700","¥6,700","¥3,000",¥450,,"¥15,000",https://files.cardrush.media/pokemon/ocha_products/74768.webp,13000
わるいラフレシア LV.29 【★】{旧裏}[その他],,旧裏,★,"¥13,000","¥2,600","¥1,000",¥500,¥150,,"¥15,000",https://files.cardrush.media/pokemon/ocha_products/76811.webp,13000
キレイハナ LV.36 【★】{旧裏}[その他],,旧裏,★,"¥13,000","¥2,600","¥1,000",¥500,¥150,,"¥15,000",https://files.cardrush.media/pokemon/ocha_products/76854.webp,13000
オーダイル LV.69 【-】{旧裏}[その他],,旧裏,-,"¥13,000","¥2,600","¥1,000",¥500,¥150,,"¥15,000",https://files.cardrush.media/pokemon/ocha_products/76928.webp,13000
バクフーン LV.57 【-】{旧裏}[その他],,旧裏,-,"¥13,000","¥2,600","¥1,000",¥500,¥150,,"¥15,000",https://files.cardrush.media/pokemon/ocha_products/76934.webp,13000
ライコウ LV.26 【-】{旧裏}[その他],,旧裏,-,"¥13,000","¥2,600","¥1,000",¥500,¥150,,"¥15,000",https://files.cardrush.media/pokemon/ocha_products/76947.webp,13000
セレビィ 【P】{142/XY-P}[その他],PROMO,142/XY-P,P,"¥13,000","¥6,500","¥2,600","¥1,300",¥350,,"¥15,000",https://files.cardrush.media/pokemon/ocha_products/18868.webp,13000
ズルッグ 【P】{049/BW-P}[BW-P],PROMO,049/BW-P,P,"¥13,000","¥6,500","¥2,600","¥1,300",¥350,,"¥15,000",https://files.cardrush.media/pokemon/ocha_products/71195.webp,13000
ゲンガー 【R】{024/059}[XY8],EX,024/059,R,"¥13,000","¥6,500","¥2,600","¥1,300",¥350,,"¥15,000",https://files.cardrush.media/pokemon/ocha_products/55397.webp,13000
パルキア 【R】{005/027}[CP2],EX,005/027,R,"¥13,000","¥6,500","¥2,600","¥1,300",¥350,,"¥15,000",https://files.cardrush.media/pokemon/ocha_products/18511.webp,13000
エンテイ 【P】{059/L-P}[その他],PROMO,059/L-P,P,"¥13,000","¥6,500","¥2,600","¥1,300",¥350,,"¥15,000",https://files.cardrush.media/pokemon/ocha_products/18878.webp,13000
ライコウ 【P】{061/L-P}[その他],PROMO,061/L-P,P,"¥13,000","¥6,500","¥2,600","¥1,300",¥350,,"¥15,000",https://files.cardrush.media/pokemon/ocha_products/18879.webp,13000
スイクン 【P】{060/L-P}[その他],PROMO,060/L-P,P,"¥13,000","¥6,500","¥2,600","¥1,300",¥350,,"¥15,000",https://files.cardrush.media/pokemon/ocha_products/18877.webp,13000
ワニノコ 【P】{007/L-P}[その他],状態減額大,007/L-P,P,"¥13,000","¥6,500","¥2,600","¥1,300",¥350,,"¥15,000",https://files.cardrush.media/pokemon/ocha_products/20901.webp,13000
ヒノアラシ 【P】{006/L-P}[その他],状態減額大,006/L-P,P,"¥13,000","¥6,500","¥2,600","¥1,300",¥350,,"¥15,000",https://files.cardrush.media/pokemon/ocha_products/20902.webp,13000
ヘルガー グレート【-】{008/019}[その他],,008/019,-,"¥13,000","¥6,500","¥2,600","¥1,300",¥350,,"¥15,000",https://files.cardrush.media/pokemon/ocha_products/45647.webp,13000
バンギラス グレート【-】{044/080}[その他],,044/080,-,"¥13,000","¥6,500","¥2,600","¥1,300",¥350,,"¥15,000",https://files.cardrush.media/pokemon/ocha_products/45669.webp,13000
メタモン バリヤード【★】{046/086}[その他],-,046/086,★,"¥13,000","¥6,500","¥2,600","¥1,300",¥350,,"¥15,000",https://files.cardrush.media/pokemon/ocha_products/81188.webp,13000
メタモン イシツブテ【★】{053/086}[その他],-,053/086,★,"¥13,000","¥6,500","¥2,600","¥1,300",¥350,,"¥15,000",https://files.cardrush.media/pokemon/ocha_products/81200.webp,13000
ピカチュウ 【P】{259/XY-P}[その他],PIKA,259/XY-P,P,"¥13,000","¥6,500","¥2,600","¥1,300",¥350,,"¥15,000",https://files.cardrush.media/pokemon/ocha_products/1165.webp,13000
サーナイトex δ-デルタ種 【-】{005/024}[その他],EX,005/024,-,"¥13,000","¥6,500","¥2,600","¥1,300",¥350,,"¥15,000",https://files.cardrush.media/pokemon/ocha_products/56650.webp,13000
デオキシスδ-デルタ種 【★】{022/052}[その他],EX,022/052,★,"¥13,000","¥6,500","¥2,600","¥1,300",¥350,,"¥15,000",https://files.cardrush.media/pokemon/ocha_products/56699.webp,13000
レジアイスex 【☆】{038/083}[AD4],その他,038/083,☆,"¥13,000","¥6,500","¥2,600","¥1,300",¥350,,"¥15,000",https://files.cardrush.media/pokemon/ocha_products/65655.webp,13000
グラードンex 【P】{012/ADV-P}[AD-P],その他,012/ADV-P,P,"¥13,000","¥6,500","¥2,600","¥1,300",¥350,,"¥15,000",https://files.cardrush.media/pokemon/ocha_products/65707.webp,13000
ボーマンダex 【☆】{081/108}[PWCP],その他,081/108,☆,"¥13,000","¥6,500","¥2,600","¥1,300",¥350,,"¥15,000",https://files.cardrush.media/pokemon/ocha_products/65698.webp,13000
リーフィアLV.X 【★】{-}[その他],EX,-,★,"¥13,000","¥6,500","¥2,600","¥1,300",¥350,,"¥15,000",https://files.cardrush.media/pokemon/ocha_products/58596.webp,13000
ポケパークのゴニョニョ 【-】{007/009}[その他],EX,007/009,-,"¥13,000","¥6,500","¥2,600","¥1,300",¥350,,"¥15,000",https://files.cardrush.media/pokemon/ocha_products/59120.webp,13000
ケンタロス 【-】{008/009}[その他],EX,008/009,-,"¥13,000","¥6,500","¥2,600","¥1,300",¥350,,"¥15,000",https://files.cardrush.media/pokemon/ocha_products/59130.webp,13000
ミュウツー 【P】{046/P}[その他],状態減額大,046/P,P,"¥13,000","¥6,500","¥2,600","¥1,300",¥350,,"¥15,000",https://files.cardrush.media/pokemon/ocha_products/20986.webp,13000
ピチュー 【P】{045/P}[その他],状態減額大,045/P,P,"¥13,000","¥6,500","¥2,600","¥1,300",¥350,,"¥15,000",https://files.cardrush.media/pokemon/ocha_products/1183.webp,13000
勝利のメダル 金/バクフーン【P】{027/L-P}[その他],状態減額大,027/L-P,P,"¥13,000","¥6,500","¥2,600","¥1,300",¥350,,"¥15,000",https://files.cardrush.media/pokemon/ocha_products/18807.webp,13000
アカギの策略 キラ【P】{007/DPt-P}[その他],HOF,007/DPt-P,P,"¥13,000","¥6,500","¥2,600","¥1,300",¥350,,"¥15,000",https://files.cardrush.media/pokemon/ocha_products/6205.webp,13000
MバクーダEX SR仕様【-】{172/171}[その他],EX,172/171,-,"¥13,000","¥6,500","¥2,600","¥1,300",¥350,,"¥15,000",https://files.cardrush.media/pokemon/ocha_products/4059.webp,13000
MライボルトEX 【UR】{096/088}[その他],状態減額大,096/088,UR,"¥13,000","¥6,500","¥2,600","¥1,300",¥350,,"¥15,000",https://files.cardrush.media/pokemon/ocha_products/3915.webp,13000
MミュウツーEX Y【-】{043/171}[XY],状態減額大,043/171,-,"¥13,000","¥6,500","¥2,600","¥1,300",¥350,,"¥15,000",https://files.cardrush.media/pokemon/ocha_products/3873.webp,13000
MミュウツーEX Y【-】{052/131}[その他],状態減額大,052/131,-,"¥13,000","¥6,500","¥2,600","¥1,300",¥350,,"¥15,000",https://files.cardrush.media/pokemon/ocha_products/3876.webp,13000
MミュウツーEX Y【RR】{028/059}[その他],状態減額大,028/059,RR,"¥13,000","¥6,500","¥2,600","¥1,300",¥350,,"¥15,000",https://files.cardrush.media/pokemon/ocha_products/3872.webp,13000
リザードンEX 【P】{030/XY-P}[その他],状態減額大,030/XY-P,P,"¥13,000","¥6,500","¥2,600","¥1,300",¥350,,"¥15,000",https://files.cardrush.media/pokemon/ocha_products/3847.webp,13000
レックウザEX 【RR】{061/078}[XY6],EX,061/078,RR,"¥13,000","¥6,500","¥2,600","¥1,300",¥350,,"¥15,000",https://files.cardrush.media/pokemon/ocha_products/1665.webp,13000
デオキシスex  【-】{006/015}[その他],,006/015,-,"¥13,000","¥6,500","¥2,600","¥1,300",¥350,,"¥15,000",https://files.cardrush.media/pokemon/ocha_products/71977.webp,13000
レシラム＆ゼクロムGX SA【HR】{071/049}[sm11b],C,071/049,HR,"¥13,000","¥8,400","¥5,800","¥2,600",¥650,,"¥13,000",https://files.cardrush.media/pokemon/ocha_products/5205.webp,13000
ジュラルドンVMAX SA【HR】{083/067}[S7D],E,083/067,HR,"¥13,000","¥8,400","¥5,800","¥2,600",¥650,,"¥13,000",https://files.cardrush.media/pokemon/ocha_products/21460.webp,13000
エネルギー回収 【UR】{096/081}[XY7],I,096/081,UR,"¥13,000","¥8,400","¥5,800","¥2,600",¥650,,"¥13,000",https://files.cardrush.media/pokemon/ocha_products/255.webp,13000
ヤドン＆コダックGX 【HR】{107/094}[sm11],C,107/094,HR,"¥13,000","¥8,400","¥5,800","¥2,600",¥650,,"¥13,000",https://files.cardrush.media/pokemon/ocha_products/4672.webp,13000
ゲンガー＆ミミッキュGX 【RR】{038/095}[sm9],C,038/095,RR,"¥13,000","¥8,400","¥5,800","¥2,600",¥650,,"¥13,000",https://files.cardrush.media/pokemon/ocha_products/2635.webp,13000
ひかるセレビィ 【H】{004/072}[sm3+],A,004/072,H,"¥13,000","¥8,400","¥5,800","¥2,600",¥650,,"¥13,000",https://files.cardrush.media/pokemon/ocha_products/1175.webp,13000
地底探険隊 【SR】{073/066}[sm6b],B,073/066,SR,"¥12,000","¥8,400","¥5,800","¥2,600",¥350,,"¥13,000",https://files.cardrush.media/pokemon/ocha_products/898.webp,12000
カメックスex 【SAR】{202/165}[SV2a],G,202/165,SAR,"¥12,000","¥8,400","¥6,000","¥3,000",¥600,,"¥12,000",https://files.cardrush.media/pokemon/ocha_products/43861.webp,12000
リーリエのピッピex 【SAR】{126/100}[SV9],I,126/100,SAR,"¥12,000","¥8,400","¥5,800","¥2,600",¥350,,"¥13,000",https://files.cardrush.media/pokemon/ocha_products/63635.webp,12000
トゲピー＆ピィ＆ププリンGX 【SR】{185/173}[sm12a],C,185/173,SR,"¥12,000","¥8,400","¥6,000","¥3,000",¥600,,"¥12,000",https://files.cardrush.media/pokemon/ocha_products/6025.webp,12000
サンダースV SA【SR】{079/069}[S6a],E,079/069,SR,"¥12,000","¥8,400","¥6,000","¥3,000",¥600,,"¥12,000",https://files.cardrush.media/pokemon/ocha_products/20745.webp,12000
テラキオン 【SR】{068/066}[BW2],状態減額大,068/066,SR,"¥12,000","¥7,000","¥2,800",¥700,¥100,,"¥14,000",https://files.cardrush.media/pokemon/ocha_products/18952.webp,12000
メガニウム LV.54 【-】{旧裏}[その他],,旧裏,-,"¥12,000","¥2,400",¥950,¥450,¥100,,"¥14,000",https://files.cardrush.media/pokemon/ocha_products/76931.webp,12000
プラスパワー サマーカーニバル【P】{082/BW-P}[その他],EX,082/BW-P,P,"¥12,000","¥6,000","¥2,400","¥1,200",¥350,,"¥14,000",https://files.cardrush.media/pokemon/ocha_products/7700.webp,12000
エモンガ 【P】{081/BW-P}[BW-P],PROMO,081/BW-P,P,"¥12,000","¥6,000","¥2,400","¥1,200",¥350,,"¥14,000",https://files.cardrush.media/pokemon/ocha_products/71240.webp,12000
ハッサム グレート【-】{008/019}[その他],,008/019,-,"¥12,000","¥6,000","¥2,400","¥1,200",¥350,,"¥14,000",https://files.cardrush.media/pokemon/ocha_products/45648.webp,12000
ジラーチ 【-】{006/019}[その他],-,006/019,-,"¥12,000","¥6,000","¥2,400","¥1,200",¥350,,"¥14,000",https://files.cardrush.media/pokemon/ocha_products/84671.webp,12000
ピカチュウ 【-】{004/004}[その他],PIKA,004/004,-,"¥12,000","¥6,000","¥2,400","¥1,200",¥350,,"¥14,000",https://files.cardrush.media/pokemon/ocha_products/1123.webp,12000
ピカチュウ 【P】{200/SM-P}[その他],PIKA,200/SM-P,P,"¥12,000","¥6,000","¥2,400","¥1,200",¥350,,"¥14,000",https://files.cardrush.media/pokemon/ocha_products/1142.webp,12000
ピカチュウ 【P】{095/DP-P}[その他],PIKA,095/DP-P,P,"¥12,000","¥6,000","¥2,400","¥1,200",¥350,,"¥14,000",https://files.cardrush.media/pokemon/ocha_products/18869.webp,12000
フライゴンex δ-デルタ種 【★】{037/068}[その他],EX,037/068,★,"¥12,000","¥6,000","¥2,400","¥1,200",¥350,,"¥14,000",https://files.cardrush.media/pokemon/ocha_products/56661.webp,12000
デオキシスδ-デルタ種 【★】{035/052}[その他],EX,035/052,★,"¥12,000","¥6,000","¥2,400","¥1,200",¥350,,"¥14,000",https://files.cardrush.media/pokemon/ocha_products/56700.webp,12000
バシャーモex 【☆】{018/080}[ADEX],その他,018/080,☆,"¥12,000","¥6,000","¥2,400","¥1,200",¥350,,"¥14,000",https://files.cardrush.media/pokemon/ocha_products/65650.webp,12000
カイオーガex 【P】{011/ADV-P}[AD-P],その他,011/ADV-P,P,"¥12,000","¥6,000","¥2,400","¥1,200",¥350,,"¥14,000",https://files.cardrush.media/pokemon/ocha_products/65708.webp,12000
カイオーガex 【☆】{039/083}[AD4],その他,039/083,☆,"¥12,000","¥6,000","¥2,400","¥1,200",¥350,,"¥14,000",https://files.cardrush.media/pokemon/ocha_products/65656.webp,12000
ライチュウex 【☆】{023/053}[AD2],その他,023/053,☆,"¥12,000","¥6,000","¥2,400","¥1,200",¥350,,"¥14,000",https://files.cardrush.media/pokemon/ocha_products/65641.webp,12000
グラードンex 【-】{056/083}[その他],HOF,056/083,-,"¥12,000","¥6,000","¥2,400","¥1,200",¥350,,"¥14,000",https://files.cardrush.media/pokemon/ocha_products/530.webp,12000
ハッサムex 【☆】{096/106}[P4],その他,096/106,☆,"¥12,000","¥6,000","¥2,400","¥1,200",¥350,,"¥14,000",https://files.cardrush.media/pokemon/ocha_products/65677.webp,12000
メタグロスex 【☆】{071/083}[AD4],その他,071/083,☆,"¥12,000","¥6,000","¥2,400","¥1,200",¥350,,"¥14,000",https://files.cardrush.media/pokemon/ocha_products/65659.webp,12000
ボーマンダex 【☆】{064/082}[P2],その他,064/082,☆,"¥12,000","¥6,000","¥2,400","¥1,200",¥350,,"¥14,000",https://files.cardrush.media/pokemon/ocha_products/65672.webp,12000
サーナイトLV.X 【★】{-}[その他],EX,-,★,"¥12,000","¥6,000","¥2,400","¥1,200",¥350,,"¥14,000",https://files.cardrush.media/pokemon/ocha_products/58598.webp,12000
おいわいファンファーレ 2025【P】{033/M-P}[その他],,033/M-P,P,"¥12,000","¥6,000","¥2,400","¥1,200",¥350,,"¥14,000",https://files.cardrush.media/pokemon/ocha_products/72049.webp,12000
エンテイ 【P】{043/P}[その他],状態減額大,043/P,P,"¥12,000","¥6,000","¥2,400","¥1,200",¥350,,"¥14,000",https://files.cardrush.media/pokemon/ocha_products/20982.webp,12000
時空のゆがみ 【P】{-}[その他],PROMO,-,P,"¥12,000","¥6,000","¥2,400","¥1,200",¥350,,"¥14,000",https://files.cardrush.media/pokemon/ocha_products/18776.webp,12000
MライボルトEX SR仕様【-】{174/171}[その他],状態減額大,174/171,-,"¥12,000","¥6,000","¥2,400","¥1,200",¥350,,"¥14,000",https://files.cardrush.media/pokemon/ocha_products/3912.webp,12000
ルギアEX 【R】{059/070}[BW7],,059/070,R,"¥12,000","¥6,000","¥2,400","¥1,200",¥350,,"¥14,000",https://files.cardrush.media/pokemon/ocha_products/80663.webp,12000
フシギバナEX 【P】{074/XY-P}[その他],状態減額大,074/XY-P,P,"¥12,000","¥6,000","¥2,400","¥1,200",¥350,,"¥14,000",https://files.cardrush.media/pokemon/ocha_products/20886.webp,12000
ゲッコウガ＆ゾロアークGX 【UR】{223/173}[sm12a],C,223/173,UR,"¥12,000","¥7,800","¥5,400","¥2,400",¥600,,"¥12,000",https://files.cardrush.media/pokemon/ocha_products/6063.webp,12000
ピカチュウex 【UR】{136/106}[SV8],H,136/106,UR,"¥12,000","¥7,800","¥5,400","¥2,400",¥600,,"¥12,000",https://files.cardrush.media/pokemon/ocha_products/60261.webp,12000
ミュウVMAX 【UR】{280/184}[S8b],E,280/184,UR,"¥12,000","¥7,800","¥5,400","¥2,400",¥600,,"¥12,000",https://files.cardrush.media/pokemon/ocha_products/23056.webp,12000
リザードンVMAX 【SSR】{308/190}[s4a],D,308/190,SSR,"¥12,000","¥7,800","¥5,400","¥2,400",¥600,,"¥12,000",https://files.cardrush.media/pokemon/ocha_products/17457.webp,12000
レシラムGX 【SSR】{211/150}[sm8b],B,211/150,SSR,"¥12,000","¥7,800","¥5,400","¥2,400",¥600,,"¥12,000",https://files.cardrush.media/pokemon/ocha_products/2493.webp,12000
クラッシュハンマー 【UR】{076/066}[sm5m],I,076/066,UR,"¥12,000","¥7,800","¥5,400","¥2,400",¥600,,"¥12,000",https://files.cardrush.media/pokemon/ocha_products/540.webp,12000
ミュウVMAX 【HR】{118/100}[S8],E,118/100,HR,"¥12,000","¥7,800","¥5,400","¥2,400",¥600,,"¥12,000",https://files.cardrush.media/pokemon/ocha_products/22203.webp,12000
レシラムGX 【HR】{060/053}[sm6a],B,060/053,HR,"¥12,000","¥7,800","¥5,400","¥2,400",¥600,,"¥12,000",https://files.cardrush.media/pokemon/ocha_products/1651.webp,12000
ライチ SR仕様【P】{053/SM-P}[その他],A,053/SM-P,P,"¥12,000","¥7,800","¥5,400","¥2,400",¥600,,"¥12,000",https://files.cardrush.media/pokemon/ocha_products/1554.webp,12000
トゲピー＆ピィ＆ププリンGX 【HR】{218/173}[sm12a],C,218/173,HR,"¥12,000","¥7,800","¥5,400","¥2,400",¥600,,"¥12,000",https://files.cardrush.media/pokemon/ocha_products/6058.webp,12000
イーブイ＆カビゴンGX 【HR】{115/095}[sm9],C,115/095,HR,"¥12,000","¥7,800","¥5,400","¥2,400",¥600,,"¥12,000",https://files.cardrush.media/pokemon/ocha_products/2712.webp,12000
リザードンVMAX sC初版SR加工【-】{002/021}[sC],D,002/021,-,"¥12,000","¥7,800","¥5,400","¥2,400",¥600,,"¥12,000",https://files.cardrush.media/pokemon/ocha_products/20864.webp,12000
ルギアV RR仕様【P】{322/S-P}[その他],F,322/S-P,P,"¥12,000","¥7,800","¥5,400","¥2,400",¥600,,"¥12,000",https://files.cardrush.media/pokemon/ocha_products/37733.webp,12000
ミュウ 古代文字2020韓国【P】{-}[その他],C,-,P,"¥12,000","¥7,800","¥5,400","¥2,400",¥600,,"¥12,000",https://files.cardrush.media/pokemon/ocha_products/18640.webp,12000
波導のルカリオex 【-】{006/012}[その他],P,006/012,-,"¥12,000","¥6,000","¥2,400","¥1,200",¥350,,"¥12,000",https://files.cardrush.media/pokemon/ocha_products/4224.webp,12000
伝承のルカリオex 【-】{006/015}[その他],P,006/015,-,"¥12,000","¥6,000","¥2,400","¥1,200",¥350,,"¥12,000",https://files.cardrush.media/pokemon/ocha_products/4225.webp,12000
マーズ 【SR】{072/066}[sm5s],B,072/066,SR,"¥11,000","¥8,400","¥5,800","¥2,600",¥350,,"¥13,000",https://files.cardrush.media/pokemon/ocha_products/1435.webp,11000
TVレポーター 【SR】{074/066}[sm6b],B,074/066,SR,"¥11,000","¥7,800","¥5,400","¥2,400",¥350,,"¥12,000",https://files.cardrush.media/pokemon/ocha_products/123.webp,11000
ミカン 【SR】{058/052}[sm8a],B,058/052,SR,"¥11,000","¥7,800","¥5,400","¥2,400",¥350,,"¥12,000",https://files.cardrush.media/pokemon/ocha_products/2020.webp,11000
クセロシキ 【SR】{094/088}[XY4],EX,094/088,SR,"¥11,000","¥6,500","¥2,600",¥650,¥100,,"¥13,000",https://files.cardrush.media/pokemon/ocha_products/525.webp,11000
タケシのガッツ 【SR】{100/087}[CP6],C,100/087,SR,"¥11,000","¥8,400","¥5,800","¥2,600",¥350,,"¥13,000",https://files.cardrush.media/pokemon/ocha_products/852.webp,11000
ポケモンレンジャー 【SR】{058/054}[XY11青],EX,058/054,SR,"¥11,000","¥6,500","¥2,600",¥650,¥100,,"¥13,000",https://files.cardrush.media/pokemon/ocha_products/1385.webp,11000
ロケット団のファイヤーex 【SAR】{124/098}[SV10],I,124/098,SAR,"¥11,000","¥8,400","¥5,800","¥2,600",¥350,,"¥13,000",https://files.cardrush.media/pokemon/ocha_products/65284.webp,11000
リザードン＆テールナーGX 【SR】{067/064}[sm11a],C,067/064,SR,"¥11,000","¥7,700","¥5,500","¥2,700",¥550,,"¥11,000",https://files.cardrush.media/pokemon/ocha_products/5031.webp,11000
ガルーラEX 【SR】{084/080}[XY2],状態減額大,084/080,SR,"¥11,000","¥6,500","¥2,600",¥650,¥100,,"¥13,000",https://files.cardrush.media/pokemon/ocha_products/18954.webp,11000
シェイミEX 【SR】{087/078}[XY6],状態減額大,087/078,SR,"¥11,000","¥6,500","¥2,600",¥650,¥100,,"¥13,000",https://files.cardrush.media/pokemon/ocha_products/653.webp,11000
キュレムEX 【SR】{084/081}[XY7],状態減額大,084/081,SR,"¥11,000","¥6,500","¥2,600",¥650,¥100,,"¥13,000",https://files.cardrush.media/pokemon/ocha_products/18936.webp,11000
コイキング 【AR】{080/073}[SV1a],G,080/073,AR,"¥11,000","¥8,400","¥5,800","¥2,600",¥350,,"¥13,000",https://files.cardrush.media/pokemon/ocha_products/40582.webp,11000
ピカチュウVMAX 【CSR】{223/184}[S8b],D,223/184,CSR,"¥11,000","¥8,400","¥5,800","¥2,600",¥350,,"¥13,000",https://files.cardrush.media/pokemon/ocha_products/23002.webp,11000
レックウザVMAX 【CSR】{252/184}[S8b],E,252/184,CSR,"¥11,000","¥7,800","¥5,400","¥2,400",¥350,,"¥12,000",https://files.cardrush.media/pokemon/ocha_products/23028.webp,11000
エンテイ LV.24 【-】{旧裏}[その他],,旧裏,-,"¥11,000","¥2,200",¥850,¥400,¥100,,"¥13,000",https://files.cardrush.media/pokemon/ocha_products/76948.webp,11000
名探偵ピカチュウ 【P】{339/SM-P}[smP2],PIKA,339/SM-P,P,"¥11,000","¥5,500","¥2,200","¥1,100",¥300,,"¥13,000",https://files.cardrush.media/pokemon/ocha_products/4390.webp,11000
レジロックex 【☆】{055/083}[AD4],その他,055/083,☆,"¥11,000","¥5,500","¥2,200","¥1,100",¥300,,"¥13,000",https://files.cardrush.media/pokemon/ocha_products/65657.webp,11000
ハガネールex 【☆】{095/106}[P4],その他,095/106,☆,"¥11,000","¥5,500","¥2,200","¥1,100",¥300,,"¥13,000",https://files.cardrush.media/pokemon/ocha_products/65676.webp,11000
レジスチルex 【☆】{072/083}[AD4],その他,072/083,☆,"¥11,000","¥5,500","¥2,200","¥1,100",¥300,,"¥13,000",https://files.cardrush.media/pokemon/ocha_products/65660.webp,11000
ミュウツーLV.X 【-】{006/012}[その他],EX,006/012,-,"¥11,000","¥5,500","¥2,200","¥1,100",¥300,,"¥13,000",https://files.cardrush.media/pokemon/ocha_products/58608.webp,11000
エンペルトBREAK 【P】{XY-P}[その他],EX,XY-P,P,"¥11,000","¥5,500","¥2,200","¥1,100",¥300,,"¥13,000",https://files.cardrush.media/pokemon/ocha_products/21956.webp,11000
ライチュウBREAK 【-】{003/010}[その他],EX,003/010,-,"¥11,000","¥5,500","¥2,200","¥1,100",¥300,,"¥13,000",https://files.cardrush.media/pokemon/ocha_products/3928.webp,11000
勝利のメダル 銀/ギラティナ【P】{031/DPt-P}[その他],状態減額大,031/DPt-P,P,"¥11,000","¥5,500","¥2,200","¥1,100",¥300,,"¥13,000",https://files.cardrush.media/pokemon/ocha_products/18811.webp,11000
イベルタルEX SR仕様【-】{006/023}[XYc],状態減額大,006/023,-,"¥11,000","¥5,500","¥2,200","¥1,100",¥300,,"¥13,000",https://files.cardrush.media/pokemon/ocha_products/7658.webp,11000
ポケモンいれかえ 【UR】{079/070}[XY5黄],I,079/070,UR,"¥11,000","¥7,100","¥4,900","¥2,200",¥550,,"¥11,000",https://files.cardrush.media/pokemon/ocha_products/1341.webp,11000
モルペコ 【P】{032/S-P}[その他],D,032/S-P,P,"¥11,000","¥7,100","¥4,900","¥2,200",¥550,,"¥11,000",https://files.cardrush.media/pokemon/ocha_products/7087.webp,11000
エンニュートGX 【HR】{059/049}[sm2+],A,059/049,HR,"¥11,000","¥7,100","¥4,900","¥2,200",¥550,,"¥11,000",https://files.cardrush.media/pokemon/ocha_products/277.webp,11000
ラプラスGX 【HR】{067/060}[sm1S],A,067/060,HR,"¥11,000","¥7,100","¥4,900","¥2,200",¥550,,"¥11,000",https://files.cardrush.media/pokemon/ocha_products/1561.webp,11000
ジラーチGX 【HR】{214/173}[sm12a],C,214/173,HR,"¥11,000","¥7,100","¥4,900","¥2,200",¥550,,"¥11,000",https://files.cardrush.media/pokemon/ocha_products/6054.webp,11000
ゾロアークGX 【HR】{081/072}[sm3+],A,081/072,HR,"¥11,000","¥7,100","¥4,900","¥2,200",¥550,,"¥11,000",https://files.cardrush.media/pokemon/ocha_products/808.webp,11000
カメックス＆ポッチャマGX 【HR】{076/064}[sm11a],C,076/064,HR,"¥11,000","¥7,100","¥4,900","¥2,200",¥550,,"¥11,000",https://files.cardrush.media/pokemon/ocha_products/5040.webp,11000
ラティアス＆ラティオスGX 【HR】{114/095}[sm9],C,114/095,HR,"¥11,000","¥7,100","¥4,900","¥2,200",¥550,,"¥11,000",https://files.cardrush.media/pokemon/ocha_products/2711.webp,11000
ゼイユ 【SAR】{130/101}[SV6],H,130/101,SAR,"¥10,000","¥7,800","¥5,400","¥2,400",¥350,,"¥12,000",https://files.cardrush.media/pokemon/ocha_products/55727.webp,10000
ルチアのアピール 【SAR】{091/064}[SV7a],H,091/064,SAR,"¥10,000","¥7,800","¥5,400","¥2,400",¥350,,"¥12,000",https://files.cardrush.media/pokemon/ocha_products/59579.webp,10000
ユリーカ 【SR】{102/094}[sm6],B,102/094,SR,"¥10,000","¥7,000","¥5,000","¥2,500",¥500,,"¥10,000",https://files.cardrush.media/pokemon/ocha_products/1549.webp,10000
エリカのおもてなし 【SR】{107/095}[sm9],C,107/095,SR,"¥10,000","¥7,800","¥5,400","¥2,400",¥350,,"¥12,000",https://files.cardrush.media/pokemon/ocha_products/2704.webp,10000
マオ＆スイレン 【SR】{107/095}[sm12],C,107/095,SR,"¥10,000","¥7,000","¥5,000","¥2,500",¥500,,"¥10,000",https://files.cardrush.media/pokemon/ocha_products/5488.webp,10000
フシギバナex 【SAR】{200/165}[SV2a],G,200/165,SAR,"¥10,000","¥7,800","¥5,400","¥2,400",¥350,,"¥12,000",https://files.cardrush.media/pokemon/ocha_products/43859.webp,10000
メガゲッコウガex 【SAR】{114/083}[M4],J,114/083,SAR,"¥10,000","¥7,000","¥5,000","¥2,500",¥500,,"¥10,000",https://files.cardrush.media/pokemon/ocha_products/79899.webp,10000
ライチュウGX 【SR】{074/072}[sm3+],A,074/072,SR,"¥10,000","¥7,800","¥5,400","¥2,400",¥350,,"¥12,000",https://files.cardrush.media/pokemon/ocha_products/1558.webp,10000
モクロー＆アローラナッシーGX SA【SR】{056/054}[sm10b],C,056/054,SR,"¥10,000","¥7,000","¥5,000","¥2,500",¥500,,"¥10,000",https://files.cardrush.media/pokemon/ocha_products/4408.webp,10000
デデンネGX SA【SR】{175/173}[sm12a],C,175/173,SR,"¥10,000","¥7,000","¥5,000","¥2,500",¥500,,"¥10,000",https://files.cardrush.media/pokemon/ocha_products/6015.webp,10000
エンペルトV SA【SR】{074/070}[S5R],E,074/070,SR,"¥10,000","¥7,000","¥5,000","¥2,500",¥500,,"¥10,000",https://files.cardrush.media/pokemon/ocha_products/18256.webp,10000
グレイシアV SA【SR】{077/069}[S6a],E,077/069,SR,"¥10,000","¥7,000","¥5,000","¥2,500",¥500,,"¥10,000",https://files.cardrush.media/pokemon/ocha_products/20743.webp,10000
ミュウツーV SA【SR】{074/071}[S10b],F,074/071,SR,"¥10,000","¥7,000","¥5,000","¥2,500",¥500,,"¥10,000",https://files.cardrush.media/pokemon/ocha_products/35810.webp,10000
プテラV SA【SR】{106/100}[S11],F,106/100,SR,"¥10,000","¥7,000","¥5,000","¥2,500",¥500,,"¥10,000",https://files.cardrush.media/pokemon/ocha_products/36373.webp,10000
トルネロス 【SR】{054/053}[BW1],状態減額大,054/053,SR,"¥10,000","¥6,000","¥2,400",¥600,¥100,,"¥12,000",https://files.cardrush.media/pokemon/ocha_products/18965.webp,10000
コバルオン 【SR】{069/066}[BW2],状態減額大,069/066,SR,"¥10,000","¥6,000","¥2,400",¥600,¥100,,"¥12,000",https://files.cardrush.media/pokemon/ocha_products/18938.webp,10000
ゼルネアスEX 【SR】{063/060}[XY4],状態減額大,063/060,SR,"¥10,000","¥6,000","¥2,400",¥600,¥100,,"¥12,000",https://files.cardrush.media/pokemon/ocha_products/6202.webp,10000
ボスゴドラEX 【SR】{075/070}[XY5],状態減額大,075/070,SR,"¥10,000","¥6,000","¥2,400",¥600,¥100,,"¥12,000",https://files.cardrush.media/pokemon/ocha_products/18961.webp,10000
MオニゴーリEX 【SR】{061/059}[XY8],状態減額大,061/059,SR,"¥10,000","¥6,000","¥2,400",¥600,¥100,,"¥12,000",https://files.cardrush.media/pokemon/ocha_products/18963.webp,10000
エルレイドEX 【SR】{080/078}[その他],状態減額大,080/078,SR,"¥10,000","¥6,000","¥2,400",¥600,¥100,,"¥12,000",https://files.cardrush.media/pokemon/ocha_products/4072.webp,10000
サメハダーEX 【SR】{074/070}[その他],状態減額大,074/070,SR,"¥10,000","¥5,500","¥2,200",¥550,¥100,,"¥11,000",https://files.cardrush.media/pokemon/ocha_products/4022.webp,10000
ホエルオーEX 【SR】{071/070}[XY5緑],状態減額大,071/070,SR,"¥10,000","¥6,000","¥2,400",¥600,¥100,,"¥12,000",https://files.cardrush.media/pokemon/ocha_products/1308.webp,10000
ピカチュウV 【CSR】{222/184}[S8b],D,222/184,CSR,"¥10,000","¥7,000","¥5,000","¥2,500",¥500,,"¥10,000",https://files.cardrush.media/pokemon/ocha_products/23001.webp,10000
ゲンガーソウルリンク キラ仕様/Ｖジャンプ【P】{055/XY-P}[その他],,055/XY-P,P,"¥10,000","¥5,000","¥2,000","¥1,000",¥300,,"¥12,000",https://files.cardrush.media/pokemon/ocha_products/73132.webp,10000
バトルシティ 【P】{107/BW-P}[その他],PROMO,107/BW-P,P,"¥10,000","¥5,000","¥2,000","¥1,000",¥300,,"¥12,000",https://files.cardrush.media/pokemon/ocha_products/18893.webp,10000
ポッチャマ 【U】{006/020}[SC],,006/020,U,"¥10,000","¥5,000","¥2,000","¥1,000",¥300,,"¥12,000",https://files.cardrush.media/pokemon/ocha_products/47108.webp,10000
時を超えたセレビィ 【-】{-}[10th],EX,-,-,"¥10,000","¥5,000","¥2,000","¥1,000",¥300,,"¥12,000",https://files.cardrush.media/pokemon/ocha_products/47581.webp,10000
裂空の訪問者デオキシス 【-】{-}[10th],EX,-,-,"¥10,000","¥5,000","¥2,000","¥1,000",¥300,,"¥12,000",https://files.cardrush.media/pokemon/ocha_products/47585.webp,10000
ピカチュウ 【-】{001/010}[SNP橙],PIKA,001/010,-,"¥10,000","¥5,000","¥2,000","¥1,000",¥300,,"¥12,000",https://files.cardrush.media/pokemon/ocha_products/1121.webp,10000
ピカチュウ 【P】{057/ADV-P}[その他],状態減額大,057/ADV-P,P,"¥10,000","¥5,000","¥2,000","¥1,000",¥300,,"¥12,000",https://files.cardrush.media/pokemon/ocha_products/18851.webp,10000
ニンフィア 【P】{091/XY-P}[その他],状態減額大,091/XY-P,P,"¥10,000","¥5,000","¥2,000","¥1,000",¥300,,"¥12,000",https://files.cardrush.media/pokemon/ocha_products/18842.webp,10000
キングドラex δ-デルタ種 【★】{046/068}[その他],EX,046/068,★,"¥10,000","¥5,000","¥2,000","¥1,000",¥300,,"¥12,000",https://files.cardrush.media/pokemon/ocha_products/56626.webp,10000
バンギラスexδ-デルタ種 【-】{004/024}[その他],EX,004/024,-,"¥10,000","¥5,000","¥2,000","¥1,000",¥300,,"¥12,000",https://files.cardrush.media/pokemon/ocha_products/56635.webp,10000
デオキシスex 【☆】{045/082}[P2],その他,045/082,☆,"¥10,000","¥5,000","¥2,000","¥1,000",¥300,,"¥12,000",https://files.cardrush.media/pokemon/ocha_products/65669.webp,10000
エアームドex 【☆】{061/108}[PWCP],その他,061/108,☆,"¥10,000","¥5,000","¥2,000","¥1,000",¥300,,"¥12,000",https://files.cardrush.media/pokemon/ocha_products/65695.webp,10000
メタグロスex 【☆】{068/108}[PWCP],その他,068/108,☆,"¥10,000","¥5,000","¥2,000","¥1,000",¥300,,"¥12,000",https://files.cardrush.media/pokemon/ocha_products/65696.webp,10000
ゴウカザルLV.X 【P】{071/DP-P}[その他],EX,071/DP-P,P,"¥10,000","¥5,000","¥2,000","¥1,000",¥300,,"¥12,000",https://files.cardrush.media/pokemon/ocha_products/58578.webp,10000
ミュウツーLV.X 【-】{-}[その他],EX,-,-,"¥10,000","¥5,000","¥2,000","¥1,000",¥300,,"¥12,000",https://files.cardrush.media/pokemon/ocha_products/58607.webp,10000
フーディン四LV.X 【★】{042/090}[その他],EX,042/090,★,"¥10,000","¥5,000","¥2,000","¥1,000",¥300,,"¥12,000",https://files.cardrush.media/pokemon/ocha_products/58623.webp,10000
ルカリオLV.X 【P】{004/DP-P}[その他],EX,004/DP-P,P,"¥10,000","¥5,000","¥2,000","¥1,000",¥300,,"¥12,000",https://files.cardrush.media/pokemon/ocha_products/58583.webp,10000
セレビィ 【P】{042/P}[その他],状態減額大,042/P,P,"¥10,000","¥5,000","¥2,000","¥1,000",¥300,,"¥12,000",https://files.cardrush.media/pokemon/ocha_products/20980.webp,10000
MギャラドスEX 【RR】{019/080}[その他],状態減額大,019/080,RR,"¥10,000","¥5,000","¥2,000","¥1,000",¥300,,"¥12,000",https://files.cardrush.media/pokemon/ocha_products/4048.webp,10000
MヤドランEX 【P】{263/XY-P}[その他],EX,263/XY-P,P,"¥10,000","¥5,000","¥2,000","¥1,000",¥300,,"¥12,000",https://files.cardrush.media/pokemon/ocha_products/4046.webp,10000
リザードンEX 金枠【RR】{012/087}[CP6],状態減額大,012/087,RR,"¥10,000","¥5,000","¥2,000","¥1,000",¥300,,"¥12,000",https://files.cardrush.media/pokemon/ocha_products/3844.webp,10000
アブソルEX 【P】{XY-P}[その他],EX,XY-P,P,"¥10,000","¥5,000","¥2,000","¥1,000",¥300,,"¥12,000",https://files.cardrush.media/pokemon/ocha_products/5621.webp,10000
セレビィV SA【P】{175/S-P}[S-P],E,175/S-P,P,"¥10,000","¥6,500","¥4,500","¥2,000",¥500,,"¥10,000",https://files.cardrush.media/pokemon/ocha_products/20165.webp,10000
アルセウスVSTAR 【UR】{262/172}[S12a],F,262/172,UR,"¥10,000","¥6,500","¥4,500","¥2,000",¥500,,"¥10,000",https://files.cardrush.media/pokemon/ocha_products/38442.webp,10000
リーフィアGX 【SSR】{206/150}[sm8b],B,206/150,SSR,"¥10,000","¥6,500","¥4,500","¥2,000",¥500,,"¥10,000",https://files.cardrush.media/pokemon/ocha_products/2463.webp,10000
ヒトカゲ AR仕様【-】{051/049}[SVG],G,051/049,-,"¥10,000","¥6,500","¥4,500","¥2,000",¥500,,"¥10,000",https://files.cardrush.media/pokemon/ocha_products/50209.webp,10000
イーブイ AR仕様【-】{755/742}[MC],H,755/742,-,"¥10,000","¥6,500","¥4,500","¥2,000",¥500,,"¥10,000",https://files.cardrush.media/pokemon/ocha_products/75866.webp,10000
ブラッキーex SAR仕様/30th【-】{044/040}[MF],J,044/040,-,"¥10,000","¥6,500","¥4,500","¥2,000",¥500,,"¥10,000",https://files.cardrush.media/pokemon/ocha_products/85203.webp,10000
イーブイ 【S】{201/150}[sm8b],A,201/150,S,"¥10,000","¥6,500","¥4,500","¥2,000",¥500,,"¥10,000",https://files.cardrush.media/pokemon/ocha_products/2168.webp,10000
レックウザ 【A】{056/076}[s3a],D,056/076,A,"¥10,000","¥6,500","¥4,500","¥2,000",¥500,,"¥10,000",https://files.cardrush.media/pokemon/ocha_products/14091.webp,10000
ポケモンセンターのお姉さん SR仕様【P】{069/S-P}[その他],D,069/S-P,P,"¥10,000","¥6,500","¥4,500","¥2,000",¥500,,"¥10,000",https://files.cardrush.media/pokemon/ocha_products/13936.webp,10000
ピカチュウV SR仕様【-】{415/414}[SI],F,415/414,-,"¥10,000","¥6,500","¥4,500","¥2,000",¥500,,"¥10,000",https://files.cardrush.media/pokemon/ocha_products/23756.webp,10000
エンテイGX 【HR】{078/072}[sm3+],A,078/072,HR,"¥10,000","¥6,500","¥4,500","¥2,000",¥500,,"¥10,000",https://files.cardrush.media/pokemon/ocha_products/274.webp,10000
カプ・テテフGX 【HR】{057/050}[sm2L],A,057/050,HR,"¥10,000","¥6,500","¥4,500","¥2,000",¥500,,"¥10,000",https://files.cardrush.media/pokemon/ocha_products/378.webp,10000
クイックボール 【UR】{074/060}[s1H],D,074/060,UR,"¥10,000","¥6,500","¥4,500","¥2,000",¥500,,"¥10,000",https://files.cardrush.media/pokemon/ocha_products/7046.webp,10000
フィールドブロアー 【UR】{060/050}[sm2K],A,060/050,UR,"¥10,000","¥6,500","¥4,500","¥2,000",¥500,,"¥10,000",https://files.cardrush.media/pokemon/ocha_products/1197.webp,10000
ブラッキー YU NAGABA【P】{067/SV-P}[その他],G,067/SV-P,P,"¥10,000","¥6,500","¥4,500","¥2,000",¥500,,"¥10,000",https://files.cardrush.media/pokemon/ocha_products/43153.webp,10000
リーフィアGX 【HR】{073/066}[sm5s],B,073/066,HR,"¥10,000","¥6,500","¥4,500","¥2,000",¥500,,"¥10,000",https://files.cardrush.media/pokemon/ocha_products/1575.webp,10000
ミュウ 【P】{342/SM-P}[sm11],C,342/SM-P,P,"¥10,000","¥6,500","¥4,500","¥2,000",¥500,,"¥10,000",https://files.cardrush.media/pokemon/ocha_products/4609.webp,10000
ザルードV 【P】{108/S-P}[その他],D,108/S-P,P,"¥10,000","¥6,500","¥4,500","¥2,000",¥500,,"¥10,000",https://files.cardrush.media/pokemon/ocha_products/14124.webp,10000
アオギリの切り札 【SR】{077/070}[XY5緑],EX,077/070,SR,"¥9,900","¥5,500","¥2,200",¥550,¥100,,"¥11,000",https://files.cardrush.media/pokemon/ocha_products/127.webp,9900
エモンガEX 【SR】{062/060}[XY1],状態減額大,062/060,SR,"¥9,900","¥5,500","¥2,200",¥550,¥100,,"¥11,000",https://files.cardrush.media/pokemon/ocha_products/18960.webp,9900
ボルトロス 【SR】{054/053}[BW1],状態減額大,054/053,SR,"¥9,900","¥5,500","¥2,200",¥550,¥100,,"¥11,000",https://files.cardrush.media/pokemon/ocha_products/20873.webp,9900
ヘラクロスEX 【SR】{097/096}[XY3],EX,097/096,SR,"¥9,900","¥5,500","¥2,200",¥550,¥100,,"¥11,000",https://files.cardrush.media/pokemon/ocha_products/18946.webp,9900
レジスチルEX 【SR】{052/050}[BW5],状態減額大,052/050,SR,"¥9,900","¥5,500","¥2,200",¥550,¥100,,"¥11,000",https://files.cardrush.media/pokemon/ocha_products/18931.webp,9900
ランドロスEX 【SR】{061/059}[BW6],状態減額大,061/059,SR,"¥9,900","¥5,500","¥2,200",¥550,¥100,,"¥11,000",https://files.cardrush.media/pokemon/ocha_products/18942.webp,9900
コバルオンEX 【SR】{073/070}[BW7],状態減額大,073/070,SR,"¥9,900","¥5,500","¥2,200",¥550,¥100,,"¥11,000",https://files.cardrush.media/pokemon/ocha_products/18964.webp,9900
ビリジオンEX 【SR】{077/076}[BW9],EX,077/076,SR,"¥9,900","¥5,500","¥2,200",¥550,¥100,,"¥11,000",https://files.cardrush.media/pokemon/ocha_products/18958.webp,9900
ハガネールEX 【SR】{056/054}[XY11],状態減額大,056/054,SR,"¥9,900","¥5,500","¥2,200",¥550,¥100,,"¥11,000",https://files.cardrush.media/pokemon/ocha_products/18969.webp,9900
ダイブボール 【UR】{080/070}[XY5緑],EX,080/070,UR,"¥9,900","¥4,900","¥1,900",¥950,¥250,,"¥11,000",https://files.cardrush.media/pokemon/ocha_products/846.webp,9900
トレーナーズポスト 【UR】{097/081}[XY7],EX,097/081,UR,"¥9,900","¥4,900","¥1,900",¥950,¥250,,"¥11,000",https://files.cardrush.media/pokemon/ocha_products/968.webp,9900
マギアナ 【-】{031/036}[CP5],EX,031/036,-,"¥9,900","¥4,900","¥1,900",¥950,¥250,,"¥11,000",https://files.cardrush.media/pokemon/ocha_products/18502.webp,9900
ゴージャスボール キラ【P】{-}[その他],HOF,-,P,"¥9,900","¥4,900","¥1,900",¥950,¥250,,"¥11,000",https://files.cardrush.media/pokemon/ocha_products/3734.webp,9900
キングドラ δ-デルタ種 【★】{011/052}[その他],EX,011/052,★,"¥9,900","¥4,900","¥1,900",¥950,¥250,,"¥11,000",https://files.cardrush.media/pokemon/ocha_products/56627.webp,9900
ダーテングex 【☆】{056/108}[PWCP],その他,056/108,☆,"¥9,900","¥4,900","¥1,900",¥950,¥250,,"¥11,000",https://files.cardrush.media/pokemon/ocha_products/65693.webp,9900
ルカリオLV.X 【★】{-}[その他],EX,-,★,"¥9,900","¥4,900","¥1,900",¥950,¥250,,"¥11,000",https://files.cardrush.media/pokemon/ocha_products/58584.webp,9900
タッチ世代交代！ 【P】{027/P}[その他],OLD,027/P,P,"¥9,900","¥4,900","¥1,900",¥950,¥250,,"¥11,000",https://files.cardrush.media/pokemon/ocha_products/45804.webp,9900
MラグラージEX 【P】{XY-P}[その他],EX,XY-P,P,"¥9,900","¥4,900","¥1,900",¥950,¥250,,"¥11,000",https://files.cardrush.media/pokemon/ocha_products/4127.webp,9900
ゼルネアスEX SR仕様【-】{012/023}[XYc],状態減額大,012/023,-,"¥9,900","¥4,900","¥1,900",¥950,¥250,,"¥11,000",https://files.cardrush.media/pokemon/ocha_products/18923.webp,9900
グズマ 【SR】{056/051}[sm3N],A,056/051,SR,"¥9,500","¥6,600","¥4,700","¥2,300",¥450,,"¥9,500",https://files.cardrush.media/pokemon/ocha_products/520.webp,9500
マツブサの隠し玉 【SR】{078/070}[XY5黄],HOF,078/070,SR,"¥9,500","¥4,700","¥1,900",¥450,¥90,,"¥9,500",https://files.cardrush.media/pokemon/ocha_products/1463.webp,9500
ゼラオラV SA【SR】{074/070}[S6K],E,074/070,SR,"¥9,500","¥6,500","¥4,500","¥2,000",¥300,,"¥10,000",https://files.cardrush.media/pokemon/ocha_products/20171.webp,9500
スターミーV 【CSR】{083/067}[S9a],F,083/067,CSR,"¥9,500","¥6,500","¥4,500","¥2,000",¥300,,"¥10,000",https://files.cardrush.media/pokemon/ocha_products/33707.webp,9500
ビクティニV ひろがるほのお【P】{243/S-P}[その他],E,243/S-P,P,"¥9,500","¥6,100","¥4,200","¥1,900",¥450,,"¥9,500",https://files.cardrush.media/pokemon/ocha_products/23774.webp,9500
ジムバッジ サカキ キラ仕様【P】{XY-P}[その他],P,XY-P,P,"¥9,500","¥4,700","¥1,900",¥950,¥250,,"¥9,500",https://files.cardrush.media/pokemon/ocha_products/8.webp,9500
グレイシアGX 【HR】{073/066}[sm5m],B,073/066,HR,"¥9,500","¥6,100","¥4,200","¥1,900",¥450,,"¥9,500",https://files.cardrush.media/pokemon/ocha_products/544.webp,9500
ウツギ博士のレクチャー 【SR】{102/095}[sm8],B,102/095,SR,"¥9,000","¥6,300","¥4,500","¥2,200",¥450,,"¥9,000",https://files.cardrush.media/pokemon/ocha_products/1896.webp,9000
サンダーex 【SAR】{204/165}[SV2a],G,204/165,SAR,"¥9,000","¥6,500","¥4,500","¥2,000",¥300,,"¥10,000",https://files.cardrush.media/pokemon/ocha_products/43863.webp,9000
ラティアス＆ラティオスGX 【SR】{104/095}[sm9],C,104/095,SR,"¥9,000","¥6,300","¥4,500","¥2,200",¥450,,"¥9,000",https://files.cardrush.media/pokemon/ocha_products/2701.webp,9000
レックウザV 【SR】{075/067}[S7R],E,075/067,SR,"¥9,000","¥6,300","¥4,500","¥2,200",¥450,,"¥9,000",https://files.cardrush.media/pokemon/ocha_products/21475.webp,9000
エアームドEX 【SR】{062/060}[XY1],状態減額大,062/060,SR,"¥9,000","¥4,500","¥1,800",¥450,¥90,,"¥9,000",https://files.cardrush.media/pokemon/ocha_products/18968.webp,9000
ドクロッグEX 【SR】{083/080}[XY2],状態減額大,083/080,SR,"¥9,000","¥5,000","¥2,000",¥500,¥100,,"¥10,000",https://files.cardrush.media/pokemon/ocha_products/18971.webp,9000
テラキオンEX 【SR】{052/050}[BW5],状態減額大,052/050,SR,"¥9,000","¥5,000","¥2,000",¥500,¥100,,"¥10,000",https://files.cardrush.media/pokemon/ocha_products/18967.webp,9000
カイリキーEX 【SR】{088/081}[XY7],状態減額大,088/081,SR,"¥9,000","¥5,000","¥2,000",¥500,¥100,,"¥10,000",https://files.cardrush.media/pokemon/ocha_products/18972.webp,9000
フーパEX 【SR】{087/081}[XY7],状態減額大,087/081,SR,"¥9,000","¥5,000","¥2,000",¥500,¥100,,"¥10,000",https://files.cardrush.media/pokemon/ocha_products/1206.webp,9000
ゲノセクトEX 【SR】{078/076}[その他],状態減額大,078/076,SR,"¥9,000","¥5,000","¥2,000",¥500,¥100,,"¥10,000",https://files.cardrush.media/pokemon/ocha_products/3886.webp,9000
ボルケニオンEX 【SR】{055/054}[XY11紫],状態減額大,055/054,SR,"¥9,000","¥5,000","¥2,000",¥500,¥100,,"¥10,000",https://files.cardrush.media/pokemon/ocha_products/1401.webp,9000
ブラッキーVMAX 【CSR】{245/184}[S8b],E,245/184,CSR,"¥9,000","¥6,500","¥4,500","¥2,000",¥300,,"¥10,000",https://files.cardrush.media/pokemon/ocha_products/23021.webp,9000
メガルカリオex ※表面加工エラー【MA】{228/193}[M2a],I,228/193,MA,"¥9,000","¥6,500","¥4,500","¥2,000",¥300,,"¥10,000",https://files.cardrush.media/pokemon/ocha_products/74764.webp,9000
ホウオウGX 【SSR】{210/150}[sm8b],A,210/150,SSR,"¥9,000","¥5,800","¥4,000","¥1,800",¥450,,"¥10,000",https://files.cardrush.media/pokemon/ocha_products/2398.webp,9000
ランダムレシーバー 【UR】{079/070}[その他],EX,079/070,UR,"¥9,000","¥4,500","¥1,800",¥900,¥250,,"¥10,000",https://files.cardrush.media/pokemon/ocha_products/6229.webp,9000
ビクティニ 【P】{248/XY-P}[XY],PROMO,248/XY-P,P,"¥9,000","¥4,500","¥1,800",¥900,¥250,,"¥10,000",https://files.cardrush.media/pokemon/ocha_products/72413.webp,9000
カビゴン 【P】{261/XY-P}[XY],PROMO,261/XY-P,P,"¥9,000","¥4,500","¥1,800",¥900,¥250,,"¥10,000",https://files.cardrush.media/pokemon/ocha_products/72422.webp,9000
チラーミィ 【P】{022/BW-P}[BW-P],PROMO,022/BW-P,P,"¥9,000","¥4,500","¥1,800",¥900,¥250,,"¥10,000",https://files.cardrush.media/pokemon/ocha_products/71172.webp,9000
ビクティニ 【P】{234/BW-P}[BW-P],PROMO,234/BW-P,P,"¥9,000","¥4,500","¥1,800",¥900,¥250,,"¥10,000",https://files.cardrush.media/pokemon/ocha_products/71336.webp,9000
ブラックキュレム 【R】{020/027}[CP2],EX,020/027,R,"¥9,000","¥4,500","¥1,800",¥900,¥250,,"¥10,000",https://files.cardrush.media/pokemon/ocha_products/18525.webp,9000
ガーディ 【U】{004/020}[SC],,004/020,U,"¥9,000","¥4,500","¥1,800",¥900,¥250,,"¥10,000",https://files.cardrush.media/pokemon/ocha_products/47106.webp,9000
ケルディオ 【-】{014/036}[CP5],EX,014/036,-,"¥9,000","¥4,500","¥1,800",¥900,¥250,,"¥10,000",https://files.cardrush.media/pokemon/ocha_products/18487.webp,9000
ダークライ 【-】{023/036}[CP5],EX,023/036,-,"¥9,000","¥4,500","¥1,800",¥900,¥250,,"¥10,000",https://files.cardrush.media/pokemon/ocha_products/18494.webp,9000
反転世界のギラティナ 【-】{005/009}[その他],EX,005/009,-,"¥9,000","¥4,500","¥1,800",¥900,¥250,,"¥10,000",https://files.cardrush.media/pokemon/ocha_products/83850.webp,9000
波導の勇者ルカリオ 【-】{-}[10th],EX,-,-,"¥9,000","¥4,500","¥1,800",¥900,¥250,,"¥10,000",https://files.cardrush.media/pokemon/ocha_products/47587.webp,9000
七夜のジラーチ 【-】{-}[10th],EX,-,-,"¥9,000","¥4,500","¥1,800",¥900,¥250,,"¥10,000",https://files.cardrush.media/pokemon/ocha_products/47591.webp,9000
メリープ 【P】{008/L-P}[その他],状態減額大,008/L-P,P,"¥9,000","¥4,500","¥1,800",¥900,¥250,,"¥10,000",https://files.cardrush.media/pokemon/ocha_products/20904.webp,9000
ヒメグマ 【P】{010/L-P}[その他],状態減額大,010/L-P,P,"¥9,000","¥4,500","¥1,800",¥900,¥250,,"¥10,000",https://files.cardrush.media/pokemon/ocha_products/20906.webp,9000
メガニウム グレート【-】{009/070}[その他],,009/070,-,"¥9,000","¥4,500","¥1,800",¥900,¥250,,"¥10,000",https://files.cardrush.media/pokemon/ocha_products/45650.webp,9000
バクフーン グレート【-】{017/070}[その他],,017/070,-,"¥9,000","¥4,500","¥1,800",¥900,¥250,,"¥10,000",https://files.cardrush.media/pokemon/ocha_products/45654.webp,9000
デンリュウ グレート【-】{034/070}[その他],,034/070,-,"¥9,000","¥4,500","¥1,800",¥900,¥250,,"¥10,000",https://files.cardrush.media/pokemon/ocha_products/45665.webp,9000
ピカチュウ YU NAGABA【P】{208/S-P}[その他],PIKA,208/S-P,P,"¥9,000","¥4,500","¥1,800",¥900,¥250,,"¥10,000",https://files.cardrush.media/pokemon/ocha_products/21543.webp,9000
ピカチュウ 【P】{108/SM-P}[その他],PIKA,108/SM-P,P,"¥9,000","¥4,500","¥1,800",¥900,¥250,,"¥10,000",https://files.cardrush.media/pokemon/ocha_products/1137.webp,9000
ピカチュウ 【P】{179/SM-P}[その他],PIKA,179/SM-P,P,"¥9,000","¥4,500","¥1,800",¥900,¥250,,"¥10,000",https://files.cardrush.media/pokemon/ocha_products/1140.webp,9000
ピカチュウ 【P】{207/SM-P}[その他],PIKA,207/SM-P,P,"¥9,000","¥4,500","¥1,800",¥900,¥250,,"¥10,000",https://files.cardrush.media/pokemon/ocha_products/1144.webp,9000
ピカチュウLV.11 キラ/かじる【-】{004/015}[その他],PIKA,004/015,-,"¥9,000","¥4,500","¥1,800",¥900,¥250,,"¥10,000",https://files.cardrush.media/pokemon/ocha_products/64.webp,9000
ピカチュウ トイザらス【P】{262/SM-P}[その他],PIKA,262/SM-P,P,"¥9,000","¥4,500","¥1,800",¥900,¥250,,"¥10,000",https://files.cardrush.media/pokemon/ocha_products/5241.webp,9000
ピカチュウ 【P】{132/S-P}[その他],PIKA,132/S-P,P,"¥9,000","¥4,500","¥1,800",¥900,¥250,,"¥10,000",https://files.cardrush.media/pokemon/ocha_products/14577.webp,9000
ヒロシマのピカチュウ 【P】{261/SV-P}[その他],,261/SV-P,P,"¥9,000","¥4,500","¥1,800",¥900,¥250,,"¥10,000",https://files.cardrush.media/pokemon/ocha_products/70610.webp,9000
ブラッキー 【P】{115/BW-P}[その他],状態減額大,115/BW-P,P,"¥9,000","¥4,500","¥1,800",¥900,¥250,,"¥10,000",https://files.cardrush.media/pokemon/ocha_products/18871.webp,9000
リザードン 【-】{008/108}[WCP],状態減額大,008/108,-,"¥9,000","¥4,500","¥1,800",¥900,¥250,,"¥10,000",https://files.cardrush.media/pokemon/ocha_products/20974.webp,9000
ジュカインexδ-デルタ種 【★】{034/075}[その他],EX,034/075,★,"¥9,000","¥4,500","¥1,800",¥900,¥250,,"¥10,000",https://files.cardrush.media/pokemon/ocha_products/56640.webp,9000
フライゴン δ-デルタ種 【★】{003/052}[その他],EX,003/052,★,"¥9,000","¥4,500","¥1,800",¥900,¥250,,"¥10,000",https://files.cardrush.media/pokemon/ocha_products/56660.webp,9000
メタグロスδ-デルタ種 【★】{040/086}[その他],EX,040/086,★,"¥9,000","¥4,500","¥1,800",¥900,¥250,,"¥10,000",https://files.cardrush.media/pokemon/ocha_products/56686.webp,9000
ラグラージex 【R】{023/075}[その他],HOF,023/075,R,"¥9,000","¥4,500","¥1,800",¥900,¥250,,"¥10,000",https://files.cardrush.media/pokemon/ocha_products/4129.webp,9000
デオキシスex 【-】{019/019}[その他],状態減額大,019/019,-,"¥9,000","¥4,500","¥1,800",¥900,¥250,,"¥10,000",https://files.cardrush.media/pokemon/ocha_products/20929.webp,9000
プテラex 【☆】{055/080}[ADEX],その他,055/080,☆,"¥9,000","¥4,500","¥1,800",¥900,¥250,,"¥10,000",https://files.cardrush.media/pokemon/ocha_products/65653.webp,9000
フライゴンLV.X 【★】{073/090}[その他],EX,073/090,★,"¥9,000","¥4,500","¥1,800",¥900,¥250,,"¥10,000",https://files.cardrush.media/pokemon/ocha_products/58625.webp,9000
アルセウスLV.X 右向【-】{011/017}[その他],EX,011/017,-,"¥9,000","¥4,500","¥1,800",¥900,¥250,,"¥10,000",https://files.cardrush.media/pokemon/ocha_products/58638.webp,9000
アルセウスLV.X 左向【-】{011/017}[その他],EX,011/017,-,"¥9,000","¥4,500","¥1,800",¥900,¥250,,"¥10,000",https://files.cardrush.media/pokemon/ocha_products/58639.webp,9000
スイクン 【P】{039/PCG-P}[その他],EX,039/PCG-P,P,"¥9,000","¥4,500","¥1,800",¥900,¥250,,"¥10,000",https://files.cardrush.media/pokemon/ocha_products/59091.webp,9000
ポケパークのゴンベ 【P】{040/PCG-P}[その他],EX,040/PCG-P,P,"¥9,000","¥4,500","¥1,800",¥900,¥250,,"¥10,000",https://files.cardrush.media/pokemon/ocha_products/59093.webp,9000
波導のルカリオ 【P】{093/PCG-P}[その他],EX,093/PCG-P,P,"¥9,000","¥4,500","¥1,800",¥900,¥250,,"¥10,000",https://files.cardrush.media/pokemon/ocha_products/59113.webp,9000
ハッサム マクドナルド【P】{037/P}[e],状態減額大,037/P,P,"¥9,000","¥4,500","¥1,800",¥900,¥250,,"¥10,000",https://files.cardrush.media/pokemon/ocha_products/48154.webp,9000
MメタグロスEX 【P】{102/XY-P}[その他],EX,102/XY-P,P,"¥9,000","¥4,500","¥1,800",¥900,¥250,,"¥10,000",https://files.cardrush.media/pokemon/ocha_products/21977.webp,9000
MクチートEX 【P】{186/XY-P}[その他],EX,186/XY-P,P,"¥9,000","¥4,500","¥1,800",¥900,¥250,,"¥10,000",https://files.cardrush.media/pokemon/ocha_products/21957.webp,9000
MレックウザEX ノーマル仕様【-】{020/048}[EXB01],EX,020/048,-,"¥9,000","¥4,500","¥1,800",¥900,¥250,,"¥10,000",https://files.cardrush.media/pokemon/ocha_products/6110.webp,9000
レックウザEX 【-】{104/171}[XY],EX,104/171,-,"¥9,000","¥4,500","¥1,800",¥900,¥250,,"¥10,000",https://files.cardrush.media/pokemon/ocha_products/1664.webp,9000
グラードンex 【-】{008/016}[その他],,008/016,-,"¥9,000","¥4,500","¥1,800",¥900,¥250,,"¥10,000",https://files.cardrush.media/pokemon/ocha_products/71971.webp,9000
カイオーガex 【-】{006/016}[その他],,006/016,-,"¥9,000","¥4,500","¥1,800",¥900,¥250,,"¥10,000",https://files.cardrush.media/pokemon/ocha_products/71972.webp,9000
リザードンV 【SSR】{307/190}[s4a],D,307/190,SSR,"¥9,000","¥5,800","¥4,000","¥1,800",¥450,,"¥9,000",https://files.cardrush.media/pokemon/ocha_products/17456.webp,9000
ゼニガメ AR仕様【-】{052/049}[SVG],G,052/049,-,"¥9,000","¥5,800","¥4,000","¥1,800",¥450,,"¥9,000",https://files.cardrush.media/pokemon/ocha_products/50210.webp,9000
イーブイ 【P】{033/SV-P}[その他],G,033/SV-P,P,"¥9,000","¥5,800","¥4,000","¥1,800",¥450,,"¥9,000",https://files.cardrush.media/pokemon/ocha_products/40346.webp,9000
ミロカロス 【P】{145/S-P}[その他],D,145/S-P,P,"¥9,000","¥5,800","¥4,000","¥1,800",¥450,,"¥9,000",https://files.cardrush.media/pokemon/ocha_products/17483.webp,9000
イエッサンV 【P】{059/S-P}[その他],D,059/S-P,P,"¥9,000","¥5,800","¥4,000","¥1,800",¥450,,"¥9,000",https://files.cardrush.media/pokemon/ocha_products/14658.webp,9000
リザードンVSTAR 【HR】{118/100}[S9],F,118/100,HR,"¥9,000","¥5,800","¥4,000","¥1,800",¥450,,"¥9,000",https://files.cardrush.media/pokemon/ocha_products/24430.webp,9000
ブラッキーVMAX 【HR】{094/069}[S6a],E,094/069,HR,"¥9,000","¥5,800","¥4,000","¥1,800",¥450,,"¥9,000",https://files.cardrush.media/pokemon/ocha_products/20760.webp,9000
スイクンGX 【HR】{106/095}[sm8],B,106/095,HR,"¥9,000","¥5,800","¥4,000","¥1,800",¥450,,"¥9,000",https://files.cardrush.media/pokemon/ocha_products/1859.webp,9000
マリィのプライド SR仕様【-】{419/414}[SI],F,419/414,-,"¥9,000","¥5,800","¥4,000","¥1,800",¥450,,"¥9,000",https://files.cardrush.media/pokemon/ocha_products/23760.webp,9000
ジムバッジ タケシ キラ仕様【P】{XY-P}[その他],P,XY-P,P,"¥9,000","¥4,500","¥1,800",¥900,¥250,,"¥9,000",https://files.cardrush.media/pokemon/ocha_products/681.webp,9000
ジムバッジ マチス│キラ仕様【P】{XY-P}[その他],P,XY-P,P,"¥9,000","¥4,500","¥1,800",¥900,¥250,,"¥9,000",https://files.cardrush.media/pokemon/ocha_products/690.webp,9000
とりかえっこプリーズ! 【P】{282/XY-P}[その他],P,282/XY-P,P,"¥9,000","¥4,500","¥1,800",¥900,¥250,,"¥9,000",https://files.cardrush.media/pokemon/ocha_products/963.webp,9000
アルセウス＆ディアルガ＆パルキアGX 【HR】{112/095}[sm12],C,112/095,HR,"¥9,000","¥5,800","¥4,000","¥1,800",¥450,,"¥9,000",https://files.cardrush.media/pokemon/ocha_products/5493.webp,9000
リザードン 【P】{366/SM-P}[その他],C,366/SM-P,P,"¥9,000","¥5,800","¥4,000","¥1,800",¥450,,"¥9,000",https://files.cardrush.media/pokemon/ocha_products/5048.webp,9000
げんきのハチマキ 【P】{136/S-P}[P],D,136/S-P,P,"¥9,000","¥5,800","¥4,000","¥1,800",¥450,,"¥9,000",https://files.cardrush.media/pokemon/ocha_products/14660.webp,9000
カルネ 【SR】{101/094}[sm6],B,101/094,SR,"¥8,500","¥5,800","¥4,000","¥1,800",¥250,,"¥9,000",https://files.cardrush.media/pokemon/ocha_products/412.webp,8500
レッド＆グリーン 【SR】{108/095}[sm12],C,108/095,SR,"¥8,500","¥5,900","¥4,200","¥2,100",¥400,,"¥8,500",https://files.cardrush.media/pokemon/ocha_products/5489.webp,8500
エレブー 【P】{069/L-P}[その他],状態減額大,069/L-P,P,"¥8,500","¥4,200","¥1,700",¥850,¥250,,"¥9,500",https://files.cardrush.media/pokemon/ocha_products/20907.webp,8500
ルカリオ＆メルメタルGX 【UR】{224/173}[sm12a],C,224/173,UR,"¥8,500","¥5,500","¥3,800","¥1,700",¥400,,"¥8,500",https://files.cardrush.media/pokemon/ocha_products/6064.webp,8500
サルノリ 【P】{007/S-P}[その他],D,007/S-P,P,"¥8,500","¥5,500","¥3,800","¥1,700",¥400,,"¥8,500",https://files.cardrush.media/pokemon/ocha_products/6836.webp,8500
メッソン 【P】{008/S-P}[その他],D,008/S-P,P,"¥8,500","¥5,500","¥3,800","¥1,700",¥400,,"¥8,500",https://files.cardrush.media/pokemon/ocha_products/6839.webp,8500
ニャビー 【P】{059/SM-P}[その他],A,059/SM-P,P,"¥8,500","¥5,500","¥3,800","¥1,700",¥400,,"¥8,500",https://files.cardrush.media/pokemon/ocha_products/4041.webp,8500
ニャース 【P】{375/SM-P}[その他],C,375/SM-P,P,"¥8,500","¥5,500","¥3,800","¥1,700",¥400,,"¥8,500",https://files.cardrush.media/pokemon/ocha_products/5113.webp,8500
ライチュウ＆アローラライチュウGX 【HR】{064/054}[sm10a],C,064/054,HR,"¥8,500","¥5,500","¥3,800","¥1,700",¥400,,"¥8,500",https://files.cardrush.media/pokemon/ocha_products/4006.webp,8500
カプ・テテフGX 【SR】{052/050}[sm2L],A,052/050,SR,"¥8,100","¥5,800","¥4,000","¥1,800",¥250,,"¥9,000",https://files.cardrush.media/pokemon/ocha_products/381.webp,8100
ホウオウGX 【SR】{053/051}[sm3H],A,053/051,SR,"¥8,100","¥5,800","¥4,000","¥1,800",¥250,,"¥9,000",https://files.cardrush.media/pokemon/ocha_products/1306.webp,8100
トルネロスEX 【SR】{073/069}[BW4],状態減額大,073/069,SR,"¥8,100","¥4,500","¥1,800",¥450,¥90,,"¥9,000",https://files.cardrush.media/pokemon/ocha_products/18940.webp,8100
トルネロスEX 【SR】{054/051}[BW8],状態減額大,054/051,SR,"¥8,100","¥4,500","¥1,800",¥450,¥90,,"¥9,000",https://files.cardrush.media/pokemon/ocha_products/20874.webp,8100
ゲノセクトEX 【SR】{083/078}[XY10],状態減額大,083/078,SR,"¥8,100","¥4,500","¥1,800",¥450,¥90,,"¥9,000",https://files.cardrush.media/pokemon/ocha_products/563.webp,8100
ふうせん 【UR】{075/060}[s1W],D,075/060,UR,"¥8,100","¥5,200","¥3,600","¥1,600",¥400,,"¥9,000",https://files.cardrush.media/pokemon/ocha_products/7031.webp,8100
MレックウザEX 25th【P】{024/025}[S8a-P],その他,024/025,P,"¥8,100","¥4,000","¥1,600",¥800,¥200,,"¥9,000",https://files.cardrush.media/pokemon/ocha_products/22402.webp,8100
プラターヌ博士 SR仕様【P】{246/XY-P}[その他],EX,246/XY-P,P,"¥8,100","¥4,000","¥1,600",¥800,¥200,,"¥9,000",https://files.cardrush.media/pokemon/ocha_products/1265.webp,8100
ライチュウ 【P】{002/XY-P}[その他],,002/XY-P,P,"¥8,100","¥4,000","¥1,600",¥800,¥200,,"¥9,000",https://files.cardrush.media/pokemon/ocha_products/65236.webp,8100
カビゴン 【P】{207/BW-P}[その他],EX,207/BW-P,P,"¥8,100","¥4,000","¥1,600",¥800,¥200,,"¥9,000",https://files.cardrush.media/pokemon/ocha_products/34376.webp,8100
ルカリオ 【P】{106/BW-P}[BW-P],PROMO,106/BW-P,P,"¥8,100","¥4,000","¥1,600",¥800,¥200,,"¥9,000",https://files.cardrush.media/pokemon/ocha_products/71251.webp,8100
コダック 【P】{167/BW-P}[BW-P],PROMO,167/BW-P,P,"¥8,100","¥4,000","¥1,600",¥800,¥200,,"¥9,000",https://files.cardrush.media/pokemon/ocha_products/71290.webp,8100
ホワイトキュレム 【R】{021/027}[CP2],EX,021/027,R,"¥8,100","¥4,000","¥1,600",¥800,¥200,,"¥9,000",https://files.cardrush.media/pokemon/ocha_products/18526.webp,8100
ファイヤー 【-】{005/036}[CP5],EX,005/036,-,"¥8,100","¥4,000","¥1,600",¥800,¥200,,"¥9,000",https://files.cardrush.media/pokemon/ocha_products/18478.webp,8100
ディアルガ 【-】{008/009}[その他],EX,008/009,-,"¥8,100","¥4,000","¥1,600",¥800,¥200,,"¥9,000",https://files.cardrush.media/pokemon/ocha_products/83853.webp,8100
ストライク 【P】{049/L-P}[その他],,049/L-P,P,"¥8,100","¥4,000","¥1,600",¥800,¥200,,"¥9,000",https://files.cardrush.media/pokemon/ocha_products/45895.webp,8100
デルビル 【P】{050/L-P}[その他],,050/L-P,P,"¥8,100","¥4,000","¥1,600",¥800,¥200,,"¥9,000",https://files.cardrush.media/pokemon/ocha_products/45896.webp,8100
オーダイル グレート【-】{025/070}[その他],,025/070,-,"¥8,100","¥4,000","¥1,600",¥800,¥200,,"¥9,000",https://files.cardrush.media/pokemon/ocha_products/45656.webp,8100
アブソル 【P】{035/ADV-P}[その他],状態減額大,035/ADV-P,P,"¥8,100","¥4,000","¥1,600",¥800,¥200,,"¥9,000",https://files.cardrush.media/pokemon/ocha_products/20935.webp,8100
ピカチュウ 【P】{367/SM-P}[その他],PIKA,367/SM-P,P,"¥8,100","¥4,000","¥1,600",¥800,¥200,,"¥9,000",https://files.cardrush.media/pokemon/ocha_products/5051.webp,8100
ピカチュウ 【P】{048/DP-P}[その他],状態減額大,048/DP-P,P,"¥8,100","¥4,000","¥1,600",¥800,¥200,,"¥9,000",https://files.cardrush.media/pokemon/ocha_products/20941.webp,8100
ピカチュウ 【P】{024/ADV-P}[その他],状態減額大,024/ADV-P,P,"¥8,100","¥4,000","¥1,600",¥800,¥200,,"¥9,000",https://files.cardrush.media/pokemon/ocha_products/20945.webp,8100
フクオカのピカチュウ 【P】{289/SV-P}[その他],,289/SV-P,P,"¥8,100","¥4,000","¥1,600",¥800,¥200,,"¥9,000",https://files.cardrush.media/pokemon/ocha_products/70612.webp,8100
リザードン 【R】{012/059}[BW6],状態減額大,012/059,R,"¥8,100","¥4,000","¥1,600",¥800,¥200,,"¥9,000",https://files.cardrush.media/pokemon/ocha_products/18855.webp,8100
ピジョットδ-デルタ種 【★】{023/052}[その他],EX,023/052,★,"¥8,100","¥4,000","¥1,600",¥800,¥200,,"¥9,000",https://files.cardrush.media/pokemon/ocha_products/56528.webp,8100
チルタリスexδ-デルタ種 【★】{019/068}[その他],EX,019/068,★,"¥8,100","¥4,000","¥1,600",¥800,¥200,,"¥9,000",https://files.cardrush.media/pokemon/ocha_products/56664.webp,8100
ラティアスδ-デルタ種 【P】{120/PCG-P}[その他],EX,120/PCG-P,P,"¥8,100","¥4,000","¥1,600",¥800,¥200,,"¥9,000",https://files.cardrush.media/pokemon/ocha_products/56689.webp,8100
バシャーモex 【☆】{045/075}[P8],その他,045/075,☆,"¥8,100","¥4,000","¥1,600",¥800,¥200,,"¥9,000",https://files.cardrush.media/pokemon/ocha_products/65686.webp,8100
マルマインex 【☆】{042/082}[P1],その他,042/082,☆,"¥8,100","¥4,000","¥1,600",¥800,¥200,,"¥9,000",https://files.cardrush.media/pokemon/ocha_products/65663.webp,8100
バシャーモFBLV.X 【★】{020/100}[その他],EX,020/100,★,"¥8,100","¥4,000","¥1,600",¥800,¥200,,"¥9,000",https://files.cardrush.media/pokemon/ocha_products/58628.webp,8100
エレキブルFBLV.X 【★】{039/100}[その他],EX,039/100,★,"¥8,100","¥4,000","¥1,600",¥800,¥200,,"¥9,000",https://files.cardrush.media/pokemon/ocha_products/58629.webp,8100
アルセウスLV.X 【★】{077/090}[その他],EX,077/090,★,"¥8,100","¥4,000","¥1,600",¥800,¥200,,"¥9,000",https://files.cardrush.media/pokemon/ocha_products/58637.webp,8100
ピチュー マクドナルド【P】{032/P}[e],状態減額大,032/P,P,"¥8,100","¥4,000","¥1,600",¥800,¥200,,"¥9,000",https://files.cardrush.media/pokemon/ocha_products/48155.webp,8100
タッチ世代交代！ 【P】{旧裏}[その他],OLD,旧裏,P,"¥8,100","¥3,200","¥1,200",¥600,¥150,,"¥9,000",https://files.cardrush.media/pokemon/ocha_products/45805.webp,8100
ピカチュウ Classicキラ【-】{008/032}[CLL],-,008/032,-,"¥8,100","¥4,000","¥1,600",¥800,¥200,,"¥9,000",https://files.cardrush.media/pokemon/ocha_products/49020.webp,8100
ピカチュウ 台北オープン記念【P】{057/SV-P}[海外版],-,057/SV-P,P,"¥8,100","¥4,000","¥1,600",¥800,¥200,,"¥9,000",https://files.cardrush.media/pokemon/ocha_products/51894.webp,8100
レジロックEX SR仕様【-】{175/171}[XY],EX,175/171,-,"¥8,100","¥4,000","¥1,600",¥800,¥200,,"¥9,000",https://files.cardrush.media/pokemon/ocha_products/1831.webp,8100
カメックスEX 【P】{076/XY-P}[その他],EX,076/XY-P,P,"¥8,100","¥4,000","¥1,600",¥800,¥200,,"¥9,000",https://files.cardrush.media/pokemon/ocha_products/21958.webp,8100
シャワーズEX 【P】{194/XY-P}[その他],EX,194/XY-P,P,"¥8,100","¥4,000","¥1,600",¥800,¥200,,"¥9,000",https://files.cardrush.media/pokemon/ocha_products/21964.webp,8100
ミュウEX 【R】{022/050}[その他],状態減額大,022/050,R,"¥8,100","¥4,000","¥1,600",¥800,¥200,,"¥9,000",https://files.cardrush.media/pokemon/ocha_products/3706.webp,8100
ゲンシグラードンEX 【-】{073/131}[CP4],EX,073/131,-,"¥8,100","¥4,000","¥1,600",¥800,¥200,,"¥9,000",https://files.cardrush.media/pokemon/ocha_products/6363.webp,8100
カイリューEX 【RR】{070/087}[CP6],EX,070/087,RR,"¥8,100","¥4,000","¥1,600",¥800,¥200,,"¥9,000",https://files.cardrush.media/pokemon/ocha_products/322.webp,8100
サーナイトex 【SAR】{348/190}[SV4a],G,348/190,SAR,"¥8,000","¥5,600","¥4,000","¥2,000",¥400,,"¥8,000",https://files.cardrush.media/pokemon/ocha_products/51077.webp,8000
メガサーナイトex 【SAR】{087/063}[M1S],I,087/063,SAR,"¥8,000","¥5,600","¥4,000","¥2,000",¥400,,"¥8,000",https://files.cardrush.media/pokemon/ocha_products/70075.webp,8000
ロケット団のミュウツーex 【SAR】{237/193}[M2a],I,237/193,SAR,"¥8,000","¥5,600","¥4,000","¥2,000",¥400,,"¥8,000",https://files.cardrush.media/pokemon/ocha_products/73734.webp,8000
アーゴヨン＆アクジキングGX SA【SR】{102/095}[sm12],C,102/095,SR,"¥8,000","¥5,600","¥4,000","¥2,000",¥400,,"¥8,000",https://files.cardrush.media/pokemon/ocha_products/5483.webp,8000
オーロット＆ヨノワールGX SA【SR】{179/173}[sm12a],C,179/173,SR,"¥8,000","¥5,600","¥4,000","¥2,000",¥400,,"¥8,000",https://files.cardrush.media/pokemon/ocha_products/6019.webp,8000
バクーダEX 【SR】{072/070}[その他],状態減額大,072/070,SR,"¥8,000","¥4,000","¥1,600",¥400,¥80,,"¥8,000",https://files.cardrush.media/pokemon/ocha_products/4055.webp,8000
リザードンex 【UR】{139/108}[SV3],G,139/108,UR,"¥8,000","¥5,200","¥3,600","¥1,600",¥400,,"¥8,000",https://files.cardrush.media/pokemon/ocha_products/45930.webp,8000
レックウザVMAX 【UR】{284/184}[S8b],E,284/184,UR,"¥8,000","¥5,200","¥3,600","¥1,600",¥400,,"¥8,000",https://files.cardrush.media/pokemon/ocha_products/23060.webp,8000
チコリータ 【P】{373/SM-P}[その他],C,373/SM-P,P,"¥8,000","¥5,200","¥3,600","¥1,600",¥400,,"¥8,000",https://files.cardrush.media/pokemon/ocha_products/5115.webp,8000
ウルトラネクロズマ 【P】{236/SM-P}[その他],B,236/SM-P,P,"¥8,000","¥5,200","¥3,600","¥1,600",¥400,,"¥8,000",https://files.cardrush.media/pokemon/ocha_products/226.webp,8000
カプ・ブルルGX 【HR】{058/049}[sm2+],A,058/049,HR,"¥8,000","¥5,200","¥3,600","¥1,600",¥400,,"¥8,000",https://files.cardrush.media/pokemon/ocha_products/383.webp,8000
ガオガエンGX 【HR】{060/051}[sm1+],A,060/051,HR,"¥8,000","¥5,200","¥3,600","¥1,600",¥400,,"¥8,000",https://files.cardrush.media/pokemon/ocha_products/333.webp,8000
ハッサムGX 【HR】{082/066}[sm6b],B,082/066,HR,"¥8,000","¥5,200","¥3,600","¥1,600",¥400,,"¥8,000",https://files.cardrush.media/pokemon/ocha_products/1073.webp,8000
マリィ 【HR】{072/060}[s1H],D,072/060,HR,"¥8,000","¥5,200","¥3,600","¥1,600",¥400,,"¥8,000",https://files.cardrush.media/pokemon/ocha_products/7044.webp,8000
カウンターキャッチャー 【UR】{060/050}[sm4S],G,060/050,UR,"¥8,000","¥5,200","¥3,600","¥1,600",¥400,,"¥8,000",https://files.cardrush.media/pokemon/ocha_products/330.webp,8000
ネストボール 【UR】{071/060}[sm1M],G,071/060,UR,"¥8,000","¥5,200","¥3,600","¥1,600",¥400,,"¥8,000",https://files.cardrush.media/pokemon/ocha_products/1011.webp,8000
ゴツゴツメット 【UR】{065/059}[BW6],G,065/059,UR,"¥8,000","¥5,200","¥3,600","¥1,600",¥400,,"¥8,000",https://files.cardrush.media/pokemon/ocha_products/20870.webp,8000
コイキング＆ホエルオーGX 【HR】{111/095}[sm9],C,111/095,HR,"¥8,000","¥5,200","¥3,600","¥1,600",¥400,,"¥8,000",https://files.cardrush.media/pokemon/ocha_products/2708.webp,8000
イーブイ 【P】{247/SM-P}[その他],A,247/SM-P,P,"¥8,000","¥5,200","¥3,600","¥1,600",¥400,,"¥8,000",https://files.cardrush.media/pokemon/ocha_products/4278.webp,8000
プルメリ 【SR】{057/051}[sm3H],A,057/051,SR,"¥7,600","¥5,200","¥3,600","¥1,600",¥200,,"¥8,000",https://files.cardrush.media/pokemon/ocha_products/1289.webp,7600
メガヤンマ グレート【-】{006/080}[その他],,006/080,-,"¥7,600","¥3,800","¥1,500",¥750,¥200,,"¥8,500",https://files.cardrush.media/pokemon/ocha_products/45645.webp,7600
ピカチュウ 【P】{044/SM-P}[その他],PIKA,044/SM-P,P,"¥7,600","¥3,800","¥1,500",¥750,¥200,,"¥8,500",https://files.cardrush.media/pokemon/ocha_products/1152.webp,7600
ピカチュウ 【P】{249/SM-P}[その他],PIKA,249/SM-P,P,"¥7,600","¥3,800","¥1,500",¥750,¥200,,"¥8,500",https://files.cardrush.media/pokemon/ocha_products/3412.webp,7600
リザードン 【★】{017/090}[DPt4],状態減額大,017/090,★,"¥7,600","¥3,800","¥1,500",¥750,¥200,,"¥8,500",https://files.cardrush.media/pokemon/ocha_products/18873.webp,7600
ミュウツー 【R】{049/087}[CP6],状態減額大,049/087,R,"¥7,600","¥3,800","¥1,500",¥750,¥200,,"¥8,500",https://files.cardrush.media/pokemon/ocha_products/1501.webp,7600
オーダイルδ-デルタ種 【★】{026/068}[その他],EX,026/068,★,"¥7,600","¥3,800","¥1,500",¥750,¥200,,"¥8,500",https://files.cardrush.media/pokemon/ocha_products/56605.webp,7600
ミュウツーEX 【P】{191/XY-P}[その他],状態減額大,191/XY-P,P,"¥7,600","¥3,800","¥1,500",¥750,¥200,,"¥8,500",https://files.cardrush.media/pokemon/ocha_products/3868.webp,7600
ギラティナEX 【-】{091/131}[その他],EX,091/131,-,"¥7,600","¥3,800","¥1,500",¥750,¥200,,"¥8,500",https://files.cardrush.media/pokemon/ocha_products/3906.webp,7600
マスカーニャex 【SAR】{096/073}[SV1a],G,096/073,SAR,"¥7,500","¥5,200","¥3,700","¥1,800",¥350,,"¥7,500",https://files.cardrush.media/pokemon/ocha_products/40598.webp,7500
ラフレシアGX SA【SR】{062/049}[sm11b],C,062/049,SR,"¥7,500","¥5,200","¥3,700","¥1,800",¥350,,"¥7,500",https://files.cardrush.media/pokemon/ocha_products/5196.webp,7500
ルナアーラGX 【UR】{124/114}[sm4+],A,124/114,UR,"¥7,500","¥4,800","¥3,300","¥1,500",¥350,,"¥7,500",https://files.cardrush.media/pokemon/ocha_products/1640.webp,7500
コライドン AR仕様【P】{049/SV-P}[その他],G,049/SV-P,P,"¥7,500","¥4,800","¥3,300","¥1,500",¥350,,"¥7,500",https://files.cardrush.media/pokemon/ocha_products/40607.webp,7500
バチンウニV 【P】{033/S-P}[その他],D,033/S-P,P,"¥7,500","¥4,800","¥3,300","¥1,500",¥350,,"¥7,500",https://files.cardrush.media/pokemon/ocha_products/7086.webp,7500
エーフィ＆デオキシスGX 【SR】{176/173}[sm12a],C,176/173,SR,"¥7,300","¥5,100","¥3,600","¥1,800",¥350,,"¥7,300",https://files.cardrush.media/pokemon/ocha_products/6016.webp,7300
ガラルフリーザーV SA【SR】{074/070}[S5a],E,074/070,SR,"¥7,300","¥5,100","¥3,600","¥1,800",¥350,,"¥7,300",https://files.cardrush.media/pokemon/ocha_products/18991.webp,7300
マリィ 【SR】{198/190}[s4a],D,198/190,SR,"¥7,200","¥5,200","¥3,600","¥1,600",¥200,,"¥8,000",https://files.cardrush.media/pokemon/ocha_products/17347.webp,7200
ミロカロスex 【SAR】{131/106}[SV8],H,131/106,SAR,"¥7,200","¥5,200","¥3,600","¥1,600",¥200,,"¥8,000",https://files.cardrush.media/pokemon/ocha_products/60256.webp,7200
ガマゲロゲEX 【SR】{098/096}[XY3],状態減額大,098/096,SR,"¥7,200","¥4,000","¥1,600",¥400,¥80,,"¥8,000",https://files.cardrush.media/pokemon/ocha_products/394.webp,7200
オニゴーリEX 【SR】{060/059}[XY8],状態減額大,060/059,SR,"¥7,200","¥4,000","¥1,600",¥400,¥80,,"¥8,000",https://files.cardrush.media/pokemon/ocha_products/18973.webp,7200
マギアナEX 【SR】{055/054}[その他],状態減額大,055/054,SR,"¥7,200","¥4,000","¥1,600",¥400,¥80,,"¥8,000",https://files.cardrush.media/pokemon/ocha_products/3883.webp,7200
ライボルトEX 【SR】{089/088}[その他],状態減額大,089/088,SR,"¥7,200","¥4,000","¥1,600",¥400,¥80,,"¥8,000",https://files.cardrush.media/pokemon/ocha_products/3918.webp,7200
ニューラ LV.32 【-】{旧裏}[その他],,旧裏,-,"¥7,200","¥2,800","¥1,100",¥550,¥150,,"¥8,000",https://files.cardrush.media/pokemon/ocha_products/76946.webp,7200
ミュウex 25th【P】{014/025}[S8a-P],その他,014/025,P,"¥7,200","¥3,600","¥1,400",¥700,¥200,,"¥8,000",https://files.cardrush.media/pokemon/ocha_products/22392.webp,7200
イーブイ 【P】{213/BW-P}[BW-P],PROMO,213/BW-P,P,"¥7,200","¥3,600","¥1,400",¥700,¥200,,"¥8,000",https://files.cardrush.media/pokemon/ocha_products/71326.webp,7200
ヤドン 【-】{023/072}[20th],その他,023/072,-,"¥7,200","¥3,600","¥1,400",¥700,¥200,,"¥8,000",https://files.cardrush.media/pokemon/ocha_products/64806.webp,7200
ゴマゾウ 【P】{009/L-P}[その他],状態減額大,009/L-P,P,"¥7,200","¥3,600","¥1,400",¥700,¥200,,"¥8,000",https://files.cardrush.media/pokemon/ocha_products/20905.webp,7200
ギザみみピチューM 【-】{010/022}[MRP09],状態減額大,010/022,-,"¥7,200","¥3,600","¥1,400",¥700,¥200,,"¥8,000",https://files.cardrush.media/pokemon/ocha_products/20917.webp,7200
キングドラ グレート【-】{015/080}[その他],,015/080,-,"¥7,200","¥3,600","¥1,400",¥700,¥200,,"¥8,000",https://files.cardrush.media/pokemon/ocha_products/45652.webp,7200
クロバット グレート【-】{037/070}[その他],,037/070,-,"¥7,200","¥3,600","¥1,400",¥700,¥200,,"¥8,000",https://files.cardrush.media/pokemon/ocha_products/45663.webp,7200
カイリキー グレート【-】{045/080}[その他],,045/080,-,"¥7,200","¥3,600","¥1,400",¥700,¥200,,"¥8,000",https://files.cardrush.media/pokemon/ocha_products/45667.webp,7200
ジラーチ 【P】{025/ADV-P}[その他        PROMO],状態減額大,025/ADV-P,P,"¥7,200","¥3,600","¥1,400",¥700,¥200,,"¥8,000",https://files.cardrush.media/pokemon/ocha_products/20934.webp,7200
ピカチュウ 【P】{064/XY-P}[その他],PIKA,064/XY-P,P,"¥7,200","¥3,600","¥1,400",¥700,¥200,,"¥8,000",https://files.cardrush.media/pokemon/ocha_products/2755.webp,7200
ピカチュウ 【P】{291/SM-P}[その他],PIKA,291/SM-P,P,"¥7,200","¥3,600","¥1,400",¥700,¥200,,"¥8,000",https://files.cardrush.media/pokemon/ocha_products/2861.webp,7200
ピカチュウ 【-】{018/051}[SML],PIKA,018/051,-,"¥7,200","¥3,600","¥1,400",¥700,¥200,,"¥8,000",https://files.cardrush.media/pokemon/ocha_products/3545.webp,7200
ピカチュウ セブンイレブン【P】{242/SM-P}[その他],PIKA,242/SM-P,P,"¥7,200","¥3,600","¥1,400",¥700,¥200,,"¥8,000",https://files.cardrush.media/pokemon/ocha_products/4275.webp,7200
レックウザ 【P】{215/XY-P}[その他],状態減額大,215/XY-P,P,"¥7,200","¥3,600","¥1,400",¥700,¥200,,"¥8,000",https://files.cardrush.media/pokemon/ocha_products/4321.webp,7200
ミュウ 【R】{027/078}[XY10],状態減額大,027/078,R,"¥7,200","¥3,600","¥1,400",¥700,¥200,,"¥8,000",https://files.cardrush.media/pokemon/ocha_products/1500.webp,7200
ミュウ 【P】{343/S-P}[その他],EX,343/S-P,P,"¥7,200","¥3,600","¥1,400",¥700,¥200,,"¥8,000",https://files.cardrush.media/pokemon/ocha_products/39044.webp,7200
スピアーδ-デルタ種 【★】{010/086}[その他],EX,010/086,★,"¥7,200","¥3,600","¥1,400",¥700,¥200,,"¥8,000",https://files.cardrush.media/pokemon/ocha_products/56525.webp,7200
ピカチュウδ-デルタ種 【P】{118/PCG-P}[その他],EX,118/PCG-P,P,"¥7,200","¥3,600","¥1,400",¥700,¥200,,"¥8,000",https://files.cardrush.media/pokemon/ocha_products/56533.webp,7200
サンドパンδ-デルタ種 【★】{057/086}[その他],EX,057/086,★,"¥7,200","¥3,600","¥1,400",¥700,¥200,,"¥8,000",https://files.cardrush.media/pokemon/ocha_products/56535.webp,7200
ラフレシアδ-デルタ種 【-】{028/052}[その他],EX,028/052,-,"¥7,200","¥3,600","¥1,400",¥700,¥200,,"¥8,000",https://files.cardrush.media/pokemon/ocha_products/56546.webp,7200
カブトプスδ-デルタ種 【★】{021/052}[その他],EX,021/052,★,"¥7,200","¥3,600","¥1,400",¥700,¥200,,"¥8,000",https://files.cardrush.media/pokemon/ocha_products/56583.webp,7200
バクフーンex 【☆】{013/053}[AD2],その他,013/053,☆,"¥7,200","¥3,600","¥1,400",¥700,¥200,,"¥8,000",https://files.cardrush.media/pokemon/ocha_products/65639.webp,7200
ホウオウex 【P】{076/PCG-P}[P-P],その他,076/PCG-P,P,"¥7,200","¥3,600","¥1,400",¥700,¥200,,"¥8,000",https://files.cardrush.media/pokemon/ocha_products/65710.webp,7200
ホエルオーex 【☆】{021/053}[AD2],その他,021/053,☆,"¥7,200","¥3,600","¥1,400",¥700,¥200,,"¥8,000",https://files.cardrush.media/pokemon/ocha_products/65640.webp,7200
ラグラージex 【R】{050/080}[その他],HOF,050/080,R,"¥7,200","¥3,600","¥1,400",¥700,¥200,,"¥8,000",https://files.cardrush.media/pokemon/ocha_products/4130.webp,7200
ボスゴドラex 【☆】{066/075}[P8],その他,066/075,☆,"¥7,200","¥3,600","¥1,400",¥700,¥200,,"¥8,000",https://files.cardrush.media/pokemon/ocha_products/65690.webp,7200
デンリュウex 【R】{025/054}[その他],HOF,025/054,R,"¥7,200","¥3,600","¥1,400",¥700,¥200,,"¥8,000",https://files.cardrush.media/pokemon/ocha_products/3877.webp,7200
ピクシーex 【☆】{066/082}[P1],その他,066/082,☆,"¥7,200","¥3,600","¥1,400",¥700,¥200,,"¥8,000",https://files.cardrush.media/pokemon/ocha_products/65668.webp,7200
プクリンex 【☆】{058/083}[AD4],その他,058/083,☆,"¥7,200","¥3,600","¥1,400",¥700,¥200,,"¥8,000",https://files.cardrush.media/pokemon/ocha_products/65658.webp,7200
フライゴンex 【☆】{066/086}[P5],その他,066/086,☆,"¥7,200","¥3,600","¥1,400",¥700,¥200,,"¥8,000",https://files.cardrush.media/pokemon/ocha_products/65683.webp,7200
チルタリスex 【☆】{068/086}[P5],その他,068/086,☆,"¥7,200","¥3,600","¥1,400",¥700,¥200,,"¥8,000",https://files.cardrush.media/pokemon/ocha_products/65684.webp,7200
ゴウカザル四LV.X 【-】{004/018}[その他],EX,004/018,-,"¥7,200","¥3,600","¥1,400",¥700,¥200,,"¥8,000",https://files.cardrush.media/pokemon/ocha_products/58626.webp,7200
パルキアLV.X 【P】{105/DP-P}[その他],EX,105/DP-P,P,"¥7,200","¥3,600","¥1,400",¥700,¥200,,"¥8,000",https://files.cardrush.media/pokemon/ocha_products/58587.webp,7200
パルキアGLV.X 【★】{033/096}[その他],EX,033/096,★,"¥7,200","¥3,600","¥1,400",¥700,¥200,,"¥8,000",https://files.cardrush.media/pokemon/ocha_products/58617.webp,7200
クレセリアLV.X 【★】{-}[その他],EX,-,★,"¥7,200","¥3,600","¥1,400",¥700,¥200,,"¥8,000",https://files.cardrush.media/pokemon/ocha_products/58592.webp,7200
ガブリアスLV.X 【P】{058/DP-P}[その他],EX,058/DP-P,P,"¥7,200","¥3,600","¥1,400",¥700,¥200,,"¥8,000",https://files.cardrush.media/pokemon/ocha_products/58594.webp,7200
ボーマンダLV.X 【★】{072/090}[その他],EX,072/090,★,"¥7,200","¥3,600","¥1,400",¥700,¥200,,"¥8,000",https://files.cardrush.media/pokemon/ocha_products/58636.webp,7200
ゲッコウガBREAK 【RR】{030/080}[XY9],EX,030/080,RR,"¥7,200","¥3,600","¥1,400",¥700,¥200,,"¥8,000",https://files.cardrush.media/pokemon/ocha_products/559.webp,7200
ソーナンスBREAK 【-】{055/131}[CP4],EX,055/131,-,"¥7,200","¥3,600","¥1,400",¥700,¥200,,"¥8,000",https://files.cardrush.media/pokemon/ocha_products/55401.webp,7200
フシギダネ マクドナルド【-】{001/018}[e],状態減額大,001/018,-,"¥7,200","¥3,600","¥1,400",¥700,¥200,,"¥8,000",https://files.cardrush.media/pokemon/ocha_products/48309.webp,7200
メタモン 韓国語版【P】{173/SV-P}[海外版],-,173/SV-P,P,"¥7,200","¥3,600","¥1,400",¥700,¥200,,"¥8,000",https://files.cardrush.media/pokemon/ocha_products/66662.webp,7200
MバシャーモEX レックウザメガバトル【P】{138/XY-P}[その他],状態減額大,138/XY-P,P,"¥7,200","¥3,600","¥1,400",¥700,¥200,,"¥8,000",https://files.cardrush.media/pokemon/ocha_products/20880.webp,7200
MサーナイトEX 【RR】{051/070}[XY5緑],状態減額大,051/070,RR,"¥7,200","¥3,600","¥1,400",¥700,¥200,,"¥8,000",https://files.cardrush.media/pokemon/ocha_products/97.webp,7200
MサーナイトEX 【-】{092/171}[XY],EX,092/171,-,"¥7,200","¥3,600","¥1,400",¥700,¥200,,"¥8,000",https://files.cardrush.media/pokemon/ocha_products/94.webp,7200
ディアルガEX 【R】{053/076}[BW9],,053/076,R,"¥7,200","¥3,600","¥1,400",¥700,¥200,,"¥8,000",https://files.cardrush.media/pokemon/ocha_products/80649.webp,7200
ラティアスEX 【R】{041/051}[BW8],,041/051,R,"¥7,200","¥3,600","¥1,400",¥700,¥200,,"¥8,000",https://files.cardrush.media/pokemon/ocha_products/80654.webp,7200
レックウザEX RR仕様【-】{005/018}[XYD],,005/018,-,"¥7,200","¥3,600","¥1,400",¥700,¥200,,"¥8,000",https://files.cardrush.media/pokemon/ocha_products/80656.webp,7200
ミュウツーEX 【P】{190/XY-P}[その他],状態減額大,190/XY-P,P,"¥7,200","¥3,600","¥1,400",¥700,¥200,,"¥8,000",https://files.cardrush.media/pokemon/ocha_products/3867.webp,7200
ゲンシグラードンEX 【RR】{040/070}[XY5],EX,040/070,RR,"¥7,200","¥3,600","¥1,400",¥700,¥200,,"¥8,000",https://files.cardrush.media/pokemon/ocha_products/6366.webp,7200
ギラティナEX 【-】{098/171}[XY],EX,098/171,-,"¥7,200","¥3,600","¥1,400",¥700,¥200,,"¥8,000",https://files.cardrush.media/pokemon/ocha_products/3905.webp,7200
レックウザEX ノーマル仕様【-】{019/048}[EXB01],EX,019/048,-,"¥7,200","¥3,600","¥1,400",¥700,¥200,,"¥8,000",https://files.cardrush.media/pokemon/ocha_products/6109.webp,7200
オーダイルex 【-】{003/016}[その他],,003/016,-,"¥7,200","¥3,600","¥1,400",¥700,¥200,,"¥8,000",https://files.cardrush.media/pokemon/ocha_products/71975.webp,7200
レッドの挑戦 【SR】{107/095}[sm10],C,107/095,SR,"¥7,000","¥4,900","¥3,500","¥1,700",¥350,,"¥7,000",https://files.cardrush.media/pokemon/ocha_products/3402.webp,7000
ミュウツーVSTAR 【SAR】{221/172}[S12a],F,221/172,SAR,"¥7,000","¥4,900","¥3,500","¥1,700",¥350,,"¥7,000",https://files.cardrush.media/pokemon/ocha_products/38401.webp,7000
ピカチュウex 30th【SAR】{127/103}[M6a],J,127/103,SAR,"¥7,000","¥4,900","¥3,500","¥1,700",¥350,,"¥7,000",https://files.cardrush.media/pokemon/ocha_products/85232.webp,7000
ミュウex 30th【SAR】{129/103}[M6a],J,129/103,SAR,"¥7,000","¥4,900","¥3,500","¥1,700",¥350,,"¥7,000",https://files.cardrush.media/pokemon/ocha_products/85234.webp,7000
イーブイ＆カビゴンGX 【SR】{106/095}[sm9],C,106/095,SR,"¥7,000","¥4,900","¥3,500","¥1,700",¥350,,"¥7,000",https://files.cardrush.media/pokemon/ocha_products/2703.webp,7000
コイキング＆ホエルオーGX 【SR】{098/095}[sm9],C,098/095,SR,"¥7,000","¥4,900","¥3,500","¥1,700",¥350,,"¥7,000",https://files.cardrush.media/pokemon/ocha_products/2695.webp,7000
フェローチェ＆マッシブーンGX SA【SR】{056/054}[SM9b],C,056/054,SR,"¥7,000","¥4,900","¥3,500","¥1,700",¥350,,"¥7,000",https://files.cardrush.media/pokemon/ocha_products/3118.webp,7000
イーブイGX 【SR】{187/173}[sm12a],C,187/173,SR,"¥7,000","¥4,900","¥3,500","¥1,700",¥350,,"¥7,000",https://files.cardrush.media/pokemon/ocha_products/6027.webp,7000
メガオーダイルex SAR仕様【-】{763/742}[MC],J,763/742,-,"¥7,000","¥4,500","¥3,100","¥1,400",¥350,,"¥7,000",https://files.cardrush.media/pokemon/ocha_products/75874.webp,7000
フシギダネ AR仕様【-】{050/049}[SVG],G,050/049,-,"¥7,000","¥4,500","¥3,100","¥1,400",¥350,,"¥7,000",https://files.cardrush.media/pokemon/ocha_products/50208.webp,7000
ポケギア3.0 【UR】{069/055}[SM9a],I,069/055,UR,"¥7,000","¥4,500","¥3,100","¥1,400",¥350,,"¥7,000",https://files.cardrush.media/pokemon/ocha_products/2936.webp,7000
改造ハンマー 【P】{BW-P}[その他],H,BW-P,P,"¥7,000","¥4,500","¥3,100","¥1,400",¥350,,"¥7,000",https://files.cardrush.media/pokemon/ocha_products/315.webp,7000
ニャース AR仕様【P】{192/SV-P}[PROMO],H,192/SV-P,P,"¥7,000","¥4,500","¥3,100","¥1,400",¥350,,"¥7,000",https://files.cardrush.media/pokemon/ocha_products/60983.webp,7000
ヒバニー 【P】{006/S-P}[その他],D,006/S-P,P,"¥7,000","¥4,500","¥3,100","¥1,400",¥350,,"¥7,000",https://files.cardrush.media/pokemon/ocha_products/6838.webp,7000
マリィ 【P】{140/S-P}[その他],D,140/S-P,P,"¥7,000","¥4,500","¥3,100","¥1,400",¥350,,"¥7,000",https://files.cardrush.media/pokemon/ocha_products/17482.webp,7000
アローラキュウコンGX 【HR】{057/050}[sm2K],A,057/050,HR,"¥7,000","¥4,500","¥3,100","¥1,400",¥350,,"¥7,000",https://files.cardrush.media/pokemon/ocha_products/174.webp,7000
パルキアGX 【HR】{057/050}[sm5+],B,057/050,HR,"¥7,000","¥4,500","¥3,100","¥1,400",¥350,,"¥7,000",https://files.cardrush.media/pokemon/ocha_products/1103.webp,7000
カプ・レヒレGX 【HR】{060/049}[sm2+],A,060/049,HR,"¥7,000","¥4,500","¥3,100","¥1,400",¥350,,"¥7,000",https://files.cardrush.media/pokemon/ocha_products/386.webp,7000
カイリューGX 【HR】{112/094}[sm11],C,112/094,HR,"¥7,000","¥4,500","¥3,100","¥1,400",¥350,,"¥7,000",https://files.cardrush.media/pokemon/ocha_products/4684.webp,7000
パルキアGX 【HR】{075/066}[sm5m],B,075/066,HR,"¥7,000","¥4,500","¥3,100","¥1,400",¥350,,"¥7,000",https://files.cardrush.media/pokemon/ocha_products/1100.webp,7000
ミステリートレジャー 【UR】{109/094}[sm6],B,109/094,UR,"¥7,000","¥4,500","¥3,100","¥1,400",¥350,,"¥7,000",https://files.cardrush.media/pokemon/ocha_products/1491.webp,7000
ジムバッジ キョウ キラ仕様【P】{XY-P}[その他],P,XY-P,P,"¥7,000","¥3,500","¥1,400",¥700,¥200,,"¥7,000",https://files.cardrush.media/pokemon/ocha_products/677.webp,7000
ガブリアス＆ギラティナGX 【HR】{066/054}[sm10a],C,066/054,HR,"¥7,000","¥4,500","¥3,100","¥1,400",¥350,,"¥7,000",https://files.cardrush.media/pokemon/ocha_products/4008.webp,7000
リザードンVMAX RRR仕様/SC2【-】{002/021}[SC2],D,002/021,-,"¥7,000","¥4,500","¥3,100","¥1,400",¥350,,"¥7,000",https://files.cardrush.media/pokemon/ocha_products/17811.webp,7000
イーブイ YU NAGABA【P】{062/SV-P}[その他],G,062/SV-P,P,"¥7,000","¥4,500","¥3,100","¥1,400",¥350,,"¥7,000",https://files.cardrush.media/pokemon/ocha_products/43148.webp,7000
ミミッキュGX 【SR】{054/050}[sm7b],B,054/050,SR,"¥6,800","¥4,700","¥3,400","¥1,700",¥300,,"¥6,800",https://files.cardrush.media/pokemon/ocha_products/1748.webp,6800
ゲッコウガGX 【SR】{095/094}[sm6],B,095/094,SR,"¥6,700","¥4,800","¥3,300","¥1,500",¥200,,"¥7,500",https://files.cardrush.media/pokemon/ocha_products/562.webp,6700
オーロットEX 【SR】{071/070}[XY5],EX,071/070,SR,"¥6,700","¥3,700","¥1,500",¥350,¥70,,"¥7,500",https://files.cardrush.media/pokemon/ocha_products/18955.webp,6700
ボルトロスEX 【SR】{079/078}[XY6],状態減額大,079/078,SR,"¥6,700","¥3,700","¥1,500",¥350,¥70,,"¥7,500",https://files.cardrush.media/pokemon/ocha_products/18956.webp,6700
ポッチャマ 【CHR】{052/049}[sm11b],C,052/049,CHR,"¥6,700","¥4,800","¥3,300","¥1,500",¥200,,"¥7,500",https://files.cardrush.media/pokemon/ocha_products/5186.webp,6700
メガシグナル 【P】{165/M-P}[その他],,165/M-P,P,"¥6,700","¥3,300","¥1,300",¥650,¥200,,"¥7,500",https://files.cardrush.media/pokemon/ocha_products/85854.webp,6700
アチャモ 【C】{005/020}[SC],,005/020,C,"¥6,700","¥3,300","¥1,300",¥650,¥200,,"¥7,500",https://files.cardrush.media/pokemon/ocha_products/47107.webp,6700
ハガネール グレート【-】{047/080}[その他],,047/080,-,"¥6,700","¥3,300","¥1,300",¥650,¥200,,"¥7,500",https://files.cardrush.media/pokemon/ocha_products/45671.webp,6700
ピカチュウ 【P】{307/SM-P}[その他],PIKA,307/SM-P,P,"¥6,700","¥3,300","¥1,300",¥650,¥200,,"¥7,500",https://files.cardrush.media/pokemon/ocha_products/3694.webp,6700
リザードンG Lv.65【-】{001/016}[Pt],状態減額大,001/016,-,"¥6,700","¥3,300","¥1,300",¥650,¥200,,"¥7,500",https://files.cardrush.media/pokemon/ocha_products/18875.webp,6700
カイロスδ-デルタ種 【★】{042/068}[その他],EX,042/068,★,"¥6,700","¥3,300","¥1,300",¥650,¥200,,"¥7,500",https://files.cardrush.media/pokemon/ocha_products/56573.webp,6700
トゲチックδ-デルタ種 【★】{017/068}[その他],EX,017/068,★,"¥6,700","¥3,300","¥1,300",¥650,¥200,,"¥7,500",https://files.cardrush.media/pokemon/ocha_products/56611.webp,6700
ジュカインex 【R】{006/080}[その他],HOF,006/080,R,"¥6,700","¥3,300","¥1,300",¥650,¥200,,"¥7,500",https://files.cardrush.media/pokemon/ocha_products/4032.webp,6700
ディアルガLV.X 【P】{107/DP-P}[その他],EX,107/DP-P,P,"¥6,700","¥3,300","¥1,300",¥650,¥200,,"¥7,500",https://files.cardrush.media/pokemon/ocha_products/58591.webp,6700
ゲンガー 【★】{043/088}[e5],状態減額大,043/088,★,"¥6,700","¥3,300","¥1,300",¥650,¥200,,"¥7,500",https://files.cardrush.media/pokemon/ocha_products/21001.webp,6700
MフシギバナEX 【RR】{002/087}[CP6],XY,002/087,RR,"¥6,700","¥3,300","¥1,300",¥650,¥200,,"¥7,500",https://files.cardrush.media/pokemon/ocha_products/19704.webp,6700
リザードンEX 【-】{010/072}[その他],状態減額大,010/072,-,"¥6,700","¥3,300","¥1,300",¥650,¥200,,"¥7,500",https://files.cardrush.media/pokemon/ocha_products/3846.webp,6700
グレイシアex 【SAR】{206/187}[SV8a],H,206/187,SAR,"¥6,500","¥4,500","¥3,200","¥1,600",¥300,,"¥6,500",https://files.cardrush.media/pokemon/ocha_products/62007.webp,6500
ピカチュウex 30th【SAR】{126/103}[M6a],J,126/103,SAR,"¥6,500","¥4,500","¥3,200","¥1,600",¥300,,"¥6,500",https://files.cardrush.media/pokemon/ocha_products/85231.webp,6500
サーナイトGX 【SR】{055/051}[sm3N],A,055/051,SR,"¥6,500","¥4,500","¥3,200","¥1,600",¥300,,"¥6,500",https://files.cardrush.media/pokemon/ocha_products/619.webp,6500
ギャラドスGX 【SR】{051/050}[sm4A],A,051/050,SR,"¥6,500","¥4,500","¥3,200","¥1,600",¥300,,"¥6,500",https://files.cardrush.media/pokemon/ocha_products/492.webp,6500
ベトベトン＆アローラベトベトンGX SA【SR】{099/095}[sm10],C,099/095,SR,"¥6,500","¥4,500","¥3,200","¥1,600",¥300,,"¥6,500",https://files.cardrush.media/pokemon/ocha_products/3394.webp,6500
オンバーンV SA【SR】{074/067}[S7D],E,074/067,SR,"¥6,500","¥4,500","¥3,200","¥1,600",¥300,,"¥6,500",https://files.cardrush.media/pokemon/ocha_products/21451.webp,6500
ミミッキュVMAX 【CSR】{234/184}[S8b],E,234/184,CSR,"¥6,500","¥4,500","¥3,200","¥1,600",¥300,,"¥6,500",https://files.cardrush.media/pokemon/ocha_products/23010.webp,6500
ソルガレオGX 【UR】{125/114}[sm4+],A,125/114,UR,"¥6,500","¥4,200","¥2,900","¥1,300",¥300,,"¥6,500",https://files.cardrush.media/pokemon/ocha_products/801.webp,6500
フリーザーGX 【SSR】{214/150}[sm8b],B,214/150,SSR,"¥6,500","¥4,200","¥2,900","¥1,300",¥300,,"¥6,500",https://files.cardrush.media/pokemon/ocha_products/2516.webp,6500
あなぬけのヒモ 【P】{245/S-P}[その他],E,245/S-P,P,"¥6,500","¥4,200","¥2,900","¥1,300",¥300,,"¥6,500",https://files.cardrush.media/pokemon/ocha_products/22252.webp,6500
コスモッグ 【P】{081/SM-P}[その他],A,081/SM-P,P,"¥6,500","¥4,200","¥2,900","¥1,300",¥300,,"¥6,500",https://files.cardrush.media/pokemon/ocha_products/592.webp,6500
ニンフィアVMAX 【HR】{092/069}[S6a],E,092/069,HR,"¥6,500","¥4,200","¥2,900","¥1,300",¥300,,"¥6,500",https://files.cardrush.media/pokemon/ocha_products/20758.webp,6500
カビゴンVMAX 【HR】{070/060}[s1H],D,070/060,HR,"¥6,500","¥4,200","¥2,900","¥1,300",¥300,,"¥6,500",https://files.cardrush.media/pokemon/ocha_products/7042.webp,6500
カメックスGX 【HR】{064/054}[SM9b],C,064/054,HR,"¥6,500","¥4,200","¥2,900","¥1,300",¥300,,"¥6,500",https://files.cardrush.media/pokemon/ocha_products/3126.webp,6500
ディアルガGX 【HR】{075/066}[sm5s],B,075/066,HR,"¥6,500","¥4,200","¥2,900","¥1,300",¥300,,"¥6,500",https://files.cardrush.media/pokemon/ocha_products/917.webp,6500
サザレ 【SAR】{092/066}[SV5a],H,092/066,SAR,"¥6,300","¥4,500","¥3,100","¥1,400",¥200,,"¥7,000",https://files.cardrush.media/pokemon/ocha_products/54812.webp,6300
マーマネ 【SR】{057/049}[sm2+],A,057/049,SR,"¥6,300","¥4,500","¥3,100","¥1,400",¥200,,"¥7,000",https://files.cardrush.media/pokemon/ocha_products/1440.webp,6300
ロケット団のニドキングex 【SAR】{126/098}[SV10],I,126/098,SAR,"¥6,300","¥4,500","¥3,100","¥1,400",¥200,,"¥7,000",https://files.cardrush.media/pokemon/ocha_products/65286.webp,6300
ソルガレオGX 【SR】{063/060}[sm1S],A,063/060,SR,"¥6,300","¥4,500","¥3,100","¥1,400",¥200,,"¥7,000",https://files.cardrush.media/pokemon/ocha_products/800.webp,6300
カラマネロEX 【SR】{091/088}[その他],状態減額大,091/088,SR,"¥6,300","¥3,500","¥1,400",¥350,¥70,,"¥7,000",https://files.cardrush.media/pokemon/ocha_products/4120.webp,6300
ラプラス LV.30 【-】{旧裏}[その他],,旧裏,-,"¥6,300","¥2,500","¥1,000",¥500,¥150,,"¥7,000",https://files.cardrush.media/pokemon/ocha_products/76961.webp,6300
ひかるコイキング 25th【P】{010/025}[S8a-P],その他,010/025,P,"¥6,300","¥3,100","¥1,200",¥600,¥150,,"¥7,000",https://files.cardrush.media/pokemon/ocha_products/22388.webp,6300
フレア団のしたっぱ SR仕様【-】{186/171}[XY],EX,186/171,-,"¥6,300","¥3,100","¥1,200",¥600,¥150,,"¥7,000",https://files.cardrush.media/pokemon/ocha_products/1293.webp,6300
ゾロアーク 【P】{007/BW-P}[その他],EX,007/BW-P,P,"¥6,300","¥3,100","¥1,200",¥600,¥150,,"¥7,000",https://files.cardrush.media/pokemon/ocha_products/3697.webp,6300
ミュウ 【-】{044/171}[XY],状態減額大,044/171,-,"¥6,300","¥3,100","¥1,200",¥600,¥150,,"¥7,000",https://files.cardrush.media/pokemon/ocha_products/1498.webp,6300
セレビィ 【-】{001/036}[CP5],EX,001/036,-,"¥6,300","¥3,100","¥1,200",¥600,¥150,,"¥7,000",https://files.cardrush.media/pokemon/ocha_products/18474.webp,6300
結晶塔のエンテイ 【-】{-}[10th],EX,-,-,"¥6,300","¥3,100","¥1,200",¥600,¥150,,"¥7,000",https://files.cardrush.media/pokemon/ocha_products/47582.webp,6300
蒼海の王子マナフィ 【-】{-}[10th],EX,-,-,"¥6,300","¥3,100","¥1,200",¥600,¥150,,"¥7,000",https://files.cardrush.media/pokemon/ocha_products/47583.webp,6300
ギザみみピチューM 【-】{011/022}[MRP09],状態減額大,011/022,-,"¥6,300","¥3,100","¥1,200",¥600,¥150,,"¥7,000",https://files.cardrush.media/pokemon/ocha_products/20915.webp,6300
ギザみみピチューM 【-】{009/022}[MRP09],状態減額大,009/022,-,"¥6,300","¥3,100","¥1,200",¥600,¥150,,"¥7,000",https://files.cardrush.media/pokemon/ocha_products/20916.webp,6300
ダークライ 【P】{046/DP-P}[その他],HOF,046/DP-P,P,"¥6,300","¥3,100","¥1,200",¥600,¥150,,"¥7,000",https://files.cardrush.media/pokemon/ocha_products/811.webp,6300
はじまりの扉 【P】{037/DPt-P}[その他],HOF,037/DPt-P,P,"¥6,300","¥3,100","¥1,200",¥600,¥150,,"¥7,000",https://files.cardrush.media/pokemon/ocha_products/6379.webp,6300
ランターン グレート【-】{020/080}[その他],,020/080,-,"¥6,300","¥3,100","¥1,200",¥600,¥150,,"¥7,000",https://files.cardrush.media/pokemon/ocha_products/45658.webp,6300
タッチ交換 【P】{130/PCG-P}[その他],PROMO,130/PCG-P,P,"¥6,300","¥3,100","¥1,200",¥600,¥150,,"¥7,000",https://files.cardrush.media/pokemon/ocha_products/18819.webp,6300
わるいバンギラス 【★】{070/084}[その他],-,070/084,★,"¥6,300","¥3,100","¥1,200",¥600,¥150,,"¥7,000",https://files.cardrush.media/pokemon/ocha_products/84674.webp,6300
わるいカイリュー 【-】{013/020}[その他],-,013/020,-,"¥6,300","¥3,100","¥1,200",¥600,¥150,,"¥7,000",https://files.cardrush.media/pokemon/ocha_products/84703.webp,6300
ナッシー 【U】{101/087}[CP6],XY,101/087,U,"¥6,300","¥3,100","¥1,200",¥600,¥150,,"¥7,000",https://files.cardrush.media/pokemon/ocha_products/19774.webp,6300
イマクニのドードー 【U】{102/087}[CP6],XY,102/087,U,"¥6,300","¥3,100","¥1,200",¥600,¥150,,"¥7,000",https://files.cardrush.media/pokemon/ocha_products/19775.webp,6300
ピカチュウ ポケモンパン【P】{064/XY-P}[その他],PIKA,064/XY-P,P,"¥6,300","¥3,100","¥1,200",¥600,¥150,,"¥7,000",https://files.cardrush.media/pokemon/ocha_products/1164.webp,6300
ピカチュウ 丸美屋【P】{064/XY-P}[その他],PIKA,064/XY-P,P,"¥6,300","¥3,100","¥1,200",¥600,¥150,,"¥7,000",https://files.cardrush.media/pokemon/ocha_products/1167.webp,6300
ピカチュウ 【P】{163/BW-P}[その他],状態減額大,163/BW-P,P,"¥6,300","¥3,100","¥1,200",¥600,¥150,,"¥7,000",https://files.cardrush.media/pokemon/ocha_products/20948.webp,6300
トウホクのピカチュウ 【P】{260/SV-P}[その他],,260/SV-P,P,"¥6,300","¥3,100","¥1,200",¥600,¥150,,"¥7,000",https://files.cardrush.media/pokemon/ocha_products/70608.webp,6300
ブラッキー 【P】{161/S-P}[その他],状態減額大,161/S-P,P,"¥6,300","¥3,100","¥1,200",¥600,¥150,,"¥7,000",https://files.cardrush.media/pokemon/ocha_products/19696.webp,6300
バクフーンδ-デルタ種 【★】{034/068}[その他],EX,034/068,★,"¥6,300","¥3,100","¥1,200",¥600,¥150,,"¥7,000",https://files.cardrush.media/pokemon/ocha_products/56602.webp,6300
デンリュウδ-デルタ種 【★】{051/068}[その他],EX,051/068,★,"¥6,300","¥3,100","¥1,200",¥600,¥150,,"¥7,000",https://files.cardrush.media/pokemon/ocha_products/56616.webp,6300
デオキシスδ-デルタ種 【★】{047/052}[その他],EX,047/052,★,"¥6,300","¥3,100","¥1,200",¥600,¥150,,"¥7,000",https://files.cardrush.media/pokemon/ocha_products/56703.webp,6300
カブトプスex 【☆】{026/080}[ADEX],その他,026/080,☆,"¥6,300","¥3,100","¥1,200",¥600,¥150,,"¥7,000",https://files.cardrush.media/pokemon/ocha_products/65651.webp,6300
ニョロトノex 【☆】{027/106}[P4],その他,027/106,☆,"¥6,300","¥3,100","¥1,200",¥600,¥150,,"¥7,000",https://files.cardrush.media/pokemon/ocha_products/65673.webp,6300
キングドラex 【☆】{015/054}[AD3],その他,015/054,☆,"¥6,300","¥3,100","¥1,200",¥600,¥150,,"¥7,000",https://files.cardrush.media/pokemon/ocha_products/65646.webp,6300
トドゼルガex 【☆】{022/108}[PWCP],その他,022/108,☆,"¥6,300","¥3,100","¥1,200",¥600,¥150,,"¥7,000",https://files.cardrush.media/pokemon/ocha_products/65691.webp,6300
ライボルトex 【R】{033/082}[その他],HOF,033/082,R,"¥6,300","¥3,100","¥1,200",¥600,¥150,,"¥7,000",https://files.cardrush.media/pokemon/ocha_products/3919.webp,6300
デオキシスex 【☆】{046/082}[P2],その他,046/082,☆,"¥6,300","¥3,100","¥1,200",¥600,¥150,,"¥7,000",https://files.cardrush.media/pokemon/ocha_products/65670.webp,6300
ニューラex 【☆】{046/055}[AD1],その他,046/055,☆,"¥6,300","¥3,100","¥1,200",¥600,¥150,,"¥7,000",https://files.cardrush.media/pokemon/ocha_products/65638.webp,6300
ボスゴドラex 【☆】{046/053}[AD2],その他,046/053,☆,"¥6,300","¥3,100","¥1,200",¥600,¥150,,"¥7,000",https://files.cardrush.media/pokemon/ocha_products/65643.webp,6300
ラッキーex 【☆】{036/055}[AD1],その他,036/055,☆,"¥6,300","¥3,100","¥1,200",¥600,¥150,,"¥7,000",https://files.cardrush.media/pokemon/ocha_products/65637.webp,6300
ハピナスex 【☆】{089/106}[P4],その他,089/106,☆,"¥6,300","¥3,100","¥1,200",¥600,¥150,,"¥7,000",https://files.cardrush.media/pokemon/ocha_products/65674.webp,6300
シェイミLV.X 【-】{003/012}[その他],EX,003/012,-,"¥6,300","¥3,100","¥1,200",¥600,¥150,,"¥7,000",https://files.cardrush.media/pokemon/ocha_products/58616.webp,6300
エンペルトLV.X 【★】{-}[その他],EX,-,★,"¥6,300","¥3,100","¥1,200",¥600,¥150,,"¥7,000",https://files.cardrush.media/pokemon/ocha_products/58579.webp,6300
ガブリアスLV.X 【★】{-}[その他],EX,-,★,"¥6,300","¥3,100","¥1,200",¥600,¥150,,"¥7,000",https://files.cardrush.media/pokemon/ocha_products/58593.webp,6300
ゲッコウガBREAK 【-】{028/171}[XY],EX,028/171,-,"¥6,300","¥3,100","¥1,200",¥600,¥150,,"¥7,000",https://files.cardrush.media/pokemon/ocha_products/558.webp,6300
ヨルノズクBREAK 【P】{216/XY-P}[PROMO],,216/XY-P,P,"¥6,300","¥3,100","¥1,200",¥600,¥150,,"¥7,000",https://files.cardrush.media/pokemon/ocha_products/63121.webp,6300
おいわいファンファーレ 2024【P】{174/SV-P}[その他],,174/SV-P,P,"¥6,300","¥3,100","¥1,200",¥600,¥150,,"¥7,000",https://files.cardrush.media/pokemon/ocha_products/59831.webp,6300
MフシギバナEX RR仕様【-】{002/072}[20th],EX,002/072,-,"¥6,300","¥3,100","¥1,200",¥600,¥150,,"¥7,000",https://files.cardrush.media/pokemon/ocha_products/69663.webp,6300
MルカリオEX 【-】{075/131}[その他],EX,075/131,-,"¥6,300","¥3,100","¥1,200",¥600,¥150,,"¥7,000",https://files.cardrush.media/pokemon/ocha_products/4218.webp,6300
MサーナイトEX 【RR】{039/054}[XY11青],EX,039/054,RR,"¥6,300","¥3,100","¥1,200",¥600,¥150,,"¥7,000",https://files.cardrush.media/pokemon/ocha_products/96.webp,6300
ゲンシカイオーガEX 【RR】{032/070}[XY5緑],EX,032/070,RR,"¥6,300","¥3,100","¥1,200",¥600,¥150,,"¥7,000",https://files.cardrush.media/pokemon/ocha_products/568.webp,6300
ゲンシグラードンEX 【-】{017/049}[その他],EX,017/049,-,"¥6,300","¥3,100","¥1,200",¥600,¥150,,"¥7,000",https://files.cardrush.media/pokemon/ocha_products/6364.webp,6300
メガニウムex  【-】{003/016}[その他],,003/016,-,"¥6,300","¥3,100","¥1,200",¥600,¥150,,"¥7,000",https://files.cardrush.media/pokemon/ocha_products/71978.webp,6300
ヨシダ警部補 【SR】{025/024}[smP2],C,025/024,SR,"¥6,000","¥4,200","¥3,000","¥1,500",¥300,,"¥6,000",https://files.cardrush.media/pokemon/ocha_products/4401.webp,6000
ルスワール 【SR】{159/150}[sm8b],B,159/150,SR,"¥6,000","¥4,200","¥3,000","¥1,500",¥300,,"¥6,000",https://files.cardrush.media/pokemon/ocha_products/2480.webp,6000
ナツメの暗示 【SR】{109/095}[sm9],C,109/095,SR,"¥6,000","¥4,200","¥3,000","¥1,500",¥300,,"¥6,000",https://files.cardrush.media/pokemon/ocha_products/2706.webp,6000
マツリカ 【SR】{198/173}[sm12a],B,198/173,SR,"¥6,000","¥4,200","¥3,000","¥1,500",¥300,,"¥6,000",https://files.cardrush.media/pokemon/ocha_products/6038.webp,6000
クララ 【SR】{082/070}[S5a],E,082/070,SR,"¥6,000","¥4,200","¥3,000","¥1,500",¥300,,"¥6,000",https://files.cardrush.media/pokemon/ocha_products/18999.webp,6000
カトレア 【SR】{080/070}[S6K],E,080/070,SR,"¥6,000","¥4,200","¥3,000","¥1,500",¥300,,"¥6,000",https://files.cardrush.media/pokemon/ocha_products/20177.webp,6000
化石研究員 【SR】{101/096}[XY3],EX,101/096,SR,"¥6,000","¥3,000","¥1,200",¥300,¥60,,"¥6,000",https://files.cardrush.media/pokemon/ocha_products/352.webp,6000
リザードンVSTAR 【SAR】{212/172}[S12a],F,212/172,SAR,"¥6,000","¥4,200","¥3,000","¥1,500",¥300,,"¥6,000",https://files.cardrush.media/pokemon/ocha_products/38392.webp,6000
グレイシアGX 【SR】{067/066}[sm5m],B,067/066,SR,"¥6,000","¥4,200","¥3,000","¥1,500",¥300,,"¥6,000",https://files.cardrush.media/pokemon/ocha_products/546.webp,6000
サーナイト＆ニンフィアGX 【SR】{060/055}[SM9a],C,060/055,SR,"¥6,000","¥4,200","¥3,000","¥1,500",¥300,,"¥6,000",https://files.cardrush.media/pokemon/ocha_products/2927.webp,6000
ライチュウ＆アローラライチュウGX 【SR】{056/054}[sm10a],C,056/054,SR,"¥6,000","¥4,200","¥3,000","¥1,500",¥300,,"¥6,000",https://files.cardrush.media/pokemon/ocha_products/3998.webp,6000
カメックス＆ポッチャマGX 【SR】{069/064}[sm11a],C,069/064,SR,"¥6,000","¥4,200","¥3,000","¥1,500",¥300,,"¥6,000",https://files.cardrush.media/pokemon/ocha_products/5033.webp,6000
アルセウス＆ディアルガ＆パルキアGX 【SR】{099/095}[sm12],C,099/095,SR,"¥6,000","¥4,200","¥3,000","¥1,500",¥300,,"¥6,000",https://files.cardrush.media/pokemon/ocha_products/5480.webp,6000
オリジンディアルガV SA【SR】{075/067}[S10D],F,075/067,SR,"¥6,000","¥4,200","¥3,000","¥1,500",¥300,,"¥6,000",https://files.cardrush.media/pokemon/ocha_products/34743.webp,6000
オリジンパルキアV SA【SR】{071/067}[S10P],F,071/067,SR,"¥6,000","¥4,200","¥3,000","¥1,500",¥300,,"¥6,000",https://files.cardrush.media/pokemon/ocha_products/34760.webp,6000
ミミッキュ 【CHR】{058/049}[sm11b],C,058/049,CHR,"¥6,000","¥4,200","¥3,000","¥1,500",¥300,,"¥6,000",https://files.cardrush.media/pokemon/ocha_products/5192.webp,6000
ミュウex 30th【FUR】{135/103}[M6a],J,135/103,FUR,"¥6,000","¥4,200","¥3,000","¥1,500",¥300,,"¥6,000",https://files.cardrush.media/pokemon/ocha_products/85240.webp,6000
インテレオンVMAX SA【-】{023/022}[SGI],E,023/022,-,"¥6,000","¥3,900","¥2,700","¥1,200",¥300,,"¥6,000",https://files.cardrush.media/pokemon/ocha_products/20769.webp,6000
メガメガニウムex SAR仕様【-】{761/742}[MC],J,761/742,-,"¥6,000","¥3,900","¥2,700","¥1,200",¥300,,"¥6,000",https://files.cardrush.media/pokemon/ocha_products/75872.webp,6000
シロナのガブリアスex 【UR】{091/063}[SV9a],I,091/063,UR,"¥6,000","¥3,900","¥2,700","¥1,200",¥300,,"¥6,000",https://files.cardrush.media/pokemon/ocha_products/64590.webp,6000
カプ・テテフGX 【UR】{247/150}[sm8b],A,247/150,UR,"¥6,000","¥3,900","¥2,700","¥1,200",¥300,,"¥6,000",https://files.cardrush.media/pokemon/ocha_products/2210.webp,6000
グレイシアGX 【SSR】{215/150}[sm8b],B,215/150,SSR,"¥6,000","¥3,900","¥2,700","¥1,200",¥300,,"¥6,000",https://files.cardrush.media/pokemon/ocha_products/2242.webp,6000
サーナイトGX 【SSR】{237/150}[sm8b],A,237/150,SSR,"¥6,000","¥3,900","¥2,700","¥1,200",¥300,,"¥6,000",https://files.cardrush.media/pokemon/ocha_products/2262.webp,6000
コイキング 30th/復刻版【-】{165/103}[M6a],J,165/103,-,"¥6,000","¥3,900","¥2,700","¥1,200",¥300,,"¥6,000",https://files.cardrush.media/pokemon/ocha_products/85139.webp,6000
ロケット団のミュウツーex 【P】{043/M-P}[PROMO],I,043/M-P,P,"¥6,000","¥3,900","¥2,700","¥1,200",¥300,,"¥6,000",https://files.cardrush.media/pokemon/ocha_products/71568.webp,6000
モクロー 【P】{169/SM-P}[その他],A,169/SM-P,P,"¥6,000","¥3,900","¥2,700","¥1,200",¥300,,"¥6,000",https://files.cardrush.media/pokemon/ocha_products/19935.webp,6000
ヤレユータン 【P】{027/SM-P}[その他],A,027/SM-P,P,"¥6,000","¥3,900","¥2,700","¥1,200",¥300,,"¥6,000",https://files.cardrush.media/pokemon/ocha_products/1539.webp,6000
カイリキーGX 【HR】{061/049}[sm2+],A,061/049,HR,"¥6,000","¥3,900","¥2,700","¥1,200",¥300,,"¥6,000",https://files.cardrush.media/pokemon/ocha_products/319.webp,6000
ソルガレオGX 【HR】{069/060}[sm1S],A,069/060,HR,"¥6,000","¥3,900","¥2,700","¥1,200",¥300,,"¥6,000",https://files.cardrush.media/pokemon/ocha_products/797.webp,6000
ボーマンダGX 【HR】{083/066}[sm6b],B,083/066,HR,"¥6,000","¥3,900","¥2,700","¥1,200",¥300,,"¥6,000",https://files.cardrush.media/pokemon/ocha_products/1311.webp,6000
ホワイトキュレムGX 【HR】{063/053}[sm6a],B,063/053,HR,"¥6,000","¥3,900","¥2,700","¥1,200",¥300,,"¥6,000",https://files.cardrush.media/pokemon/ocha_products/1404.webp,6000
ハウ SR仕様【P】{020/SM-P}[その他],A,020/SM-P,P,"¥6,000","¥3,900","¥2,700","¥1,200",¥300,,"¥6,000",https://files.cardrush.media/pokemon/ocha_products/1045.webp,6000
レスキュータンカ 【UR】{063/051}[sm3N],A,063/051,UR,"¥6,000","¥3,900","¥2,700","¥1,200",¥300,,"¥6,000",https://files.cardrush.media/pokemon/ocha_products/1662.webp,6000
ジムバッジ カツラ キラ仕様【P】{XY-P}[その他],P,XY-P,P,"¥6,000","¥3,000","¥1,200",¥600,¥150,,"¥6,000",https://files.cardrush.media/pokemon/ocha_products/7.webp,6000
まんたんのくすり 【P】{BW-P}[その他],A,BW-P,P,"¥6,000","¥3,900","¥2,700","¥1,200",¥300,,"¥6,000",https://files.cardrush.media/pokemon/ocha_products/2131.webp,6000
あなぬけのヒモ 【P】{169/BW-P}[その他],E,169/BW-P,P,"¥6,000","¥3,900","¥2,700","¥1,200",¥300,,"¥6,000",https://files.cardrush.media/pokemon/ocha_products/3646.webp,6000
セレビィ＆フシギバナGX 【HR】{110/095}[sm9],C,110/095,HR,"¥6,000","¥3,900","¥2,700","¥1,200",¥300,,"¥6,000",https://files.cardrush.media/pokemon/ocha_products/2707.webp,6000
ブラッキーGX 【RR】{037/060}[sm1M],A,037/060,RR,"¥6,000","¥3,900","¥2,700","¥1,200",¥300,,"¥6,000",https://files.cardrush.media/pokemon/ocha_products/1282.webp,6000
グズマ 【SR】{152/150}[sm8b],A,152/150,SR,"¥5,800","¥4,000","¥2,900","¥1,400",¥250,,"¥5,800",https://files.cardrush.media/pokemon/ocha_products/2233.webp,5800
ハッサムGX 【SR】{071/066}[sm6b],B,071/066,SR,"¥5,800","¥4,200","¥2,900","¥1,300",¥150,,"¥6,500",https://files.cardrush.media/pokemon/ocha_products/1075.webp,5800
フシギダネ 【P】{124/BW-P}[BW-P],PROMO,124/BW-P,P,"¥5,800","¥2,900","¥1,100",¥550,¥150,,"¥6,500",https://files.cardrush.media/pokemon/ocha_products/71265.webp,5800
マギアナ 【P】{268/XY-P}[その他],PROMO,268/XY-P,P,"¥5,800","¥2,900","¥1,100",¥550,¥150,,"¥6,500",https://files.cardrush.media/pokemon/ocha_products/18895.webp,5800
ポッチャマ 【-】{002/009}[その他],,002/009,-,"¥5,800","¥2,900","¥1,100",¥550,¥150,,"¥6,500",https://files.cardrush.media/pokemon/ocha_products/72679.webp,5800
ピカチュウ 【P】{376/SM-P}[その他],PIKA,376/SM-P,P,"¥5,800","¥2,900","¥1,100",¥550,¥150,,"¥6,500",https://files.cardrush.media/pokemon/ocha_products/5239.webp,5800
ヒトカゲ 【C】{003/032}[CP3],状態減額大,003/032,C,"¥5,800","¥2,900","¥1,100",¥550,¥150,,"¥6,500",https://files.cardrush.media/pokemon/ocha_products/18535.webp,5800
ベトベトンex 【☆】{002/054}[AD3],その他,002/054,☆,"¥5,800","¥2,900","¥1,100",¥550,¥150,,"¥6,500",https://files.cardrush.media/pokemon/ocha_products/65644.webp,5800
カイリキーLV.X 【★】{052/092}[その他],EX,052/092,★,"¥5,800","¥2,900","¥1,100",¥550,¥150,,"¥6,500",https://files.cardrush.media/pokemon/ocha_products/58612.webp,5800
バクフーン カードe【★】{106/128}[e1],状態減額大,106/128,★,"¥5,800","¥2,900","¥1,100",¥550,¥150,,"¥6,500",https://files.cardrush.media/pokemon/ocha_products/20990.webp,5800
MカメックスEX RR仕様【-】{074/072}[20th],EX,074/072,-,"¥5,800","¥2,900","¥1,100",¥550,¥150,,"¥6,500",https://files.cardrush.media/pokemon/ocha_products/69662.webp,5800
MカメックスEX 【RR】{022/087}[CP6],XY,022/087,RR,"¥5,800","¥2,900","¥1,100",¥550,¥150,,"¥6,500",https://files.cardrush.media/pokemon/ocha_products/19721.webp,5800
カイオーガEX 【R】{015/052}[BW3],,015/052,R,"¥5,800","¥2,900","¥1,100",¥550,¥150,,"¥6,500",https://files.cardrush.media/pokemon/ocha_products/80614.webp,5800
リザードンEX 【RR】{011/080}[その他],状態減額大,011/080,RR,"¥5,800","¥2,900","¥1,100",¥550,¥150,,"¥6,500",https://files.cardrush.media/pokemon/ocha_products/3848.webp,5800
グラードンEX 【R】{032/052}[BW3],EX,032/052,R,"¥5,800","¥2,900","¥1,100",¥550,¥150,,"¥6,500",https://files.cardrush.media/pokemon/ocha_products/6372.webp,5800
ガブリアスEX カメックスメガバトル【P】{245/XY-P}[その他],状態減額大,245/XY-P,P,"¥5,800","¥2,900","¥1,100",¥550,¥150,,"¥6,500",https://files.cardrush.media/pokemon/ocha_products/20883.webp,5800
メガサーナイトex ※表面加工エラー【MA】{226/193}[M2a],I,226/193,MA,"¥5,700","¥3,900","¥2,700","¥1,200",¥150,,"¥6,000",https://files.cardrush.media/pokemon/ocha_products/74762.webp,5700
メイのはげまし 【SAR】{115/080}[M3],J,115/080,SAR,"¥5,500","¥3,800","¥2,700","¥1,300",¥250,,"¥5,500",https://files.cardrush.media/pokemon/ocha_products/78742.webp,5500
イリマ 【SR】{065/060}[sm1S],A,065/060,SR,"¥5,500","¥3,800","¥2,700","¥1,300",¥250,,"¥5,500",https://files.cardrush.media/pokemon/ocha_products/207.webp,5500
ウルトラ調査隊 【SR】{055/050}[sm5+],B,055/050,SR,"¥5,500","¥3,800","¥2,700","¥1,300",¥250,,"¥5,500",https://files.cardrush.media/pokemon/ocha_products/225.webp,5500
カヒリ 【SR】{065/060}[sm7a],B,065/060,SR,"¥5,500","¥3,800","¥2,700","¥1,300",¥250,,"¥5,500",https://files.cardrush.media/pokemon/ocha_products/362.webp,5500
チルタリスex 【SAR】{090/066}[SV4M],G,090/066,SAR,"¥5,500","¥3,800","¥2,700","¥1,300",¥250,,"¥5,500",https://files.cardrush.media/pokemon/ocha_products/49682.webp,5500
エーフィex 【SAR】{211/187}[SV8a],H,211/187,SAR,"¥5,500","¥3,800","¥2,700","¥1,300",¥250,,"¥5,500",https://files.cardrush.media/pokemon/ocha_products/62012.webp,5500
リーフィアex 【SAR】{200/187}[SV8a],H,200/187,SAR,"¥5,500","¥3,800","¥2,700","¥1,300",¥250,,"¥5,500",https://files.cardrush.media/pokemon/ocha_products/62001.webp,5500
ゲンガーex 30th【SAR】{131/103}[M6a],J,131/103,SAR,"¥5,500","¥3,800","¥2,700","¥1,300",¥250,,"¥5,500",https://files.cardrush.media/pokemon/ocha_products/85236.webp,5500
リーフィアGX 【SR】{067/066}[sm5s],B,067/066,SR,"¥5,500","¥3,800","¥2,700","¥1,300",¥250,,"¥5,500",https://files.cardrush.media/pokemon/ocha_products/1577.webp,5500
ブラッキーV 【SR】{084/069}[S6a],E,084/069,SR,"¥5,500","¥3,800","¥2,700","¥1,300",¥250,,"¥5,500",https://files.cardrush.media/pokemon/ocha_products/20750.webp,5500
ガラルギャロップV SA【SR】{075/070}[S6H],E,075/070,SR,"¥5,500","¥3,800","¥2,700","¥1,300",¥250,,"¥5,500",https://files.cardrush.media/pokemon/ocha_products/20195.webp,5500
ミュウツーex 30th【FUR】{134/103}[M6a],J,134/103,FUR,"¥5,500","¥3,800","¥2,700","¥1,300",¥250,,"¥5,500",https://files.cardrush.media/pokemon/ocha_products/85239.webp,5500
ルナアーラGX 【UR】{248/150}[sm8b],B,248/150,UR,"¥5,500","¥3,500","¥2,400","¥1,100",¥250,,"¥5,500",https://files.cardrush.media/pokemon/ocha_products/2483.webp,5500
改造ハンマー 【UR】{079/070}[XY5緑],H,079/070,UR,"¥5,500","¥3,500","¥2,400","¥1,100",¥250,,"¥5,500",https://files.cardrush.media/pokemon/ocha_products/318.webp,5500
ミミッキュ 【P】{264/SM-P}[その他],A,264/SM-P,P,"¥5,500","¥3,500","¥2,400","¥1,100",¥250,,"¥5,500",https://files.cardrush.media/pokemon/ocha_products/1800.webp,5500
ラティオスGX 【HR】{109/094}[sm11],C,109/094,HR,"¥5,500","¥3,500","¥2,400","¥1,100",¥250,,"¥5,500",https://files.cardrush.media/pokemon/ocha_products/4677.webp,5500
ルガルガンGX 【HR】{062/049}[sm2+],A,062/049,HR,"¥5,500","¥3,500","¥2,400","¥1,100",¥250,,"¥5,500",https://files.cardrush.media/pokemon/ocha_products/1618.webp,5500
バンギラスGX 【HR】{107/095}[sm8],B,107/095,HR,"¥5,500","¥3,500","¥2,400","¥1,100",¥250,,"¥5,500",https://files.cardrush.media/pokemon/ocha_products/1874.webp,5500
アローラキュウコンGX 【HR】{059/050}[sm7b],B,059/050,HR,"¥5,500","¥3,500","¥2,400","¥1,100",¥250,,"¥5,500",https://files.cardrush.media/pokemon/ocha_products/1746.webp,5500
ジムバッジ ナギ【P】{XY-P}[その他],P,XY-P,P,"¥5,500","¥2,700","¥1,100",¥550,¥150,,"¥5,500",https://files.cardrush.media/pokemon/ocha_products/685.webp,5500
リザードンGX 【RR】{011/051}[sm3H],A,011/051,RR,"¥5,500","¥3,500","¥2,400","¥1,100",¥250,,"¥5,500",https://files.cardrush.media/pokemon/ocha_products/1600.webp,5500
カツラの一発勝負 【SR】{058/053}[sm6a],B,058/053,SR,"¥5,400","¥3,900","¥2,700","¥1,200",¥150,,"¥6,000",https://files.cardrush.media/pokemon/ocha_products/357.webp,5400
オダマキ博士の観察 【SR】{078/070}[XY5緑],EX,078/070,SR,"¥5,400","¥3,000","¥1,200",¥300,¥60,,"¥6,000",https://files.cardrush.media/pokemon/ocha_products/298.webp,5400
ナンジャモのハラバリーex 【SAR】{125/100}[SV9],I,125/100,SAR,"¥5,400","¥3,900","¥2,700","¥1,200",¥150,,"¥6,000",https://files.cardrush.media/pokemon/ocha_products/63634.webp,5400
ガブリアス＆ギラティナGX 【SR】{059/054}[sm10a],C,059/054,SR,"¥5,400","¥3,900","¥2,700","¥1,200",¥150,,"¥6,000",https://files.cardrush.media/pokemon/ocha_products/4001.webp,5400
ジバコイルEX 【SR】{082/080}[XY2],状態減額大,082/080,SR,"¥5,400","¥3,000","¥1,200",¥300,¥60,,"¥6,000",https://files.cardrush.media/pokemon/ocha_products/18970.webp,5400
フラージェスEX 【SR】{092/088}[その他],状態減額大,092/088,SR,"¥5,400","¥3,000","¥1,200",¥300,¥60,,"¥6,000",https://files.cardrush.media/pokemon/ocha_products/3930.webp,5400
メガユキメノコex ※表面加工エラー【MA】{224/193}[M2a],I,224/193,MA,"¥5,400","¥3,900","¥2,700","¥1,200",¥150,,"¥6,000",https://files.cardrush.media/pokemon/ocha_products/74760.webp,5400
レディバ LV.12 【-】{旧裏}[その他],,旧裏,-,"¥5,400","¥2,100",¥850,¥400,¥100,,"¥6,000",https://files.cardrush.media/pokemon/ocha_products/76968.webp,5400
ソーナンス 【P】{080/XY-P}[その他],状態減額大,080/XY-P,P,"¥5,400","¥2,700","¥1,000",¥500,¥150,,"¥6,000",https://files.cardrush.media/pokemon/ocha_products/20887.webp,5400
MボーマンダEX 【P】{257/XY-P}[XY],PROMO,257/XY-P,P,"¥5,400","¥2,700","¥1,000",¥500,¥150,,"¥6,000",https://files.cardrush.media/pokemon/ocha_products/72419.webp,5400
ゾロア 【P】{032/BW-P}[BW-P],PROMO,032/BW-P,P,"¥5,400","¥2,700","¥1,000",¥500,¥150,,"¥6,000",https://files.cardrush.media/pokemon/ocha_products/71175.webp,5400
シェイミ 【P】{233/BW-P}[BW-P],PROMO,233/BW-P,P,"¥5,400","¥2,700","¥1,000",¥500,¥150,,"¥6,000",https://files.cardrush.media/pokemon/ocha_products/71334.webp,5400
エモンガ 【P】{236/BW-P}[BW-P],PROMO,236/BW-P,P,"¥5,400","¥2,700","¥1,000",¥500,¥150,,"¥6,000",https://files.cardrush.media/pokemon/ocha_products/71337.webp,5400
ロケット団参上! 【U】{103/087}[CP6],EX,103/087,U,"¥5,400","¥2,700","¥1,000",¥500,¥150,,"¥6,000",https://files.cardrush.media/pokemon/ocha_products/1691.webp,5400
ゲノセクト 【-】{029/036}[CP5],EX,029/036,-,"¥5,400","¥2,700","¥1,000",¥500,¥150,,"¥6,000",https://files.cardrush.media/pokemon/ocha_products/18500.webp,5400
ミチーナしんでん 【P】{044/DPt-P}[その他],状態減額大,044/DPt-P,P,"¥5,400","¥2,700","¥1,000",¥500,¥150,,"¥6,000",https://files.cardrush.media/pokemon/ocha_products/20919.webp,5400
ジバコイル グレート【-】{011/040}[その他],,011/040,-,"¥5,400","¥2,700","¥1,000",¥500,¥150,,"¥6,000",https://files.cardrush.media/pokemon/ocha_products/45649.webp,5400
ドンファン グレート【-】{046/070}[その他],,046/070,-,"¥5,400","¥2,700","¥1,000",¥500,¥150,,"¥6,000",https://files.cardrush.media/pokemon/ocha_products/45673.webp,5400
ピカチュウ 【P】{124/S-P}[その他],PIKA,124/S-P,P,"¥5,400","¥2,700","¥1,000",¥500,¥150,,"¥6,000",https://files.cardrush.media/pokemon/ocha_products/14571.webp,5400
ピカチュウ 【-】{001/015}[その他],状態減額大,001/015,-,"¥5,400","¥2,700","¥1,000",¥500,¥150,,"¥6,000",https://files.cardrush.media/pokemon/ocha_products/20956.webp,5400
ガラガラδ-デルタ種 【★】{058/086}[その他],EX,058/086,★,"¥5,400","¥2,700","¥1,000",¥500,¥150,,"¥6,000",https://files.cardrush.media/pokemon/ocha_products/56561.webp,5400
オムスターδ-デルタ種 【★】{027/052}[その他],EX,027/052,★,"¥5,400","¥2,700","¥1,000",¥500,¥150,,"¥6,000",https://files.cardrush.media/pokemon/ocha_products/56581.webp,5400
メガニウムδ-デルタ種 【★】{045/068}[その他],EX,045/068,★,"¥5,400","¥2,700","¥1,000",¥500,¥150,,"¥6,000",https://files.cardrush.media/pokemon/ocha_products/56599.webp,5400
クロバットδ-デルタ種 【★】{011/086}[その他],EX,011/086,★,"¥5,400","¥2,700","¥1,000",¥500,¥150,,"¥6,000",https://files.cardrush.media/pokemon/ocha_products/56608.webp,5400
ラティオスδ-デルタ種 【P】{122/PCG-P}[その他],EX,122/PCG-P,P,"¥5,400","¥2,700","¥1,000",¥500,¥150,,"¥6,000",https://files.cardrush.media/pokemon/ocha_products/56691.webp,5400
ラフレシアex 【☆】{005/083}[AD4],その他,005/083,☆,"¥5,400","¥2,700","¥1,000",¥500,¥150,,"¥6,000",https://files.cardrush.media/pokemon/ocha_products/65654.webp,5400
ユレイドルex 【☆】{009/080}[ADEX],その他,009/080,☆,"¥5,400","¥2,700","¥1,000",¥500,¥150,,"¥6,000",https://files.cardrush.media/pokemon/ocha_products/65649.webp,5400
シザリガーex 【-】{005/015}[PG-MR],その他,005/015,-,"¥5,400","¥2,700","¥1,000",¥500,¥150,,"¥6,000",https://files.cardrush.media/pokemon/ocha_products/65712.webp,5400
トドゼルガex 【☆】{029/086}[P5],その他,029/086,☆,"¥5,400","¥2,700","¥1,000",¥500,¥150,,"¥6,000",https://files.cardrush.media/pokemon/ocha_products/65680.webp,5400
ネンドールex 【☆】{037/108}[PWCP],その他,037/108,☆,"¥5,400","¥2,700","¥1,000",¥500,¥150,,"¥6,000",https://files.cardrush.media/pokemon/ocha_products/65692.webp,5400
ゴローニャex 【☆】{048/080}[ADEX],その他,048/080,☆,"¥5,400","¥2,700","¥1,000",¥500,¥150,,"¥6,000",https://files.cardrush.media/pokemon/ocha_products/65699.webp,5400
エビワラーex 【☆】{030/055}[AD1],その他,030/055,☆,"¥5,400","¥2,700","¥1,000",¥500,¥150,,"¥6,000",https://files.cardrush.media/pokemon/ocha_products/65636.webp,5400
サメハダーex 【R】{072/082}[その他],HOF,072/082,R,"¥5,400","¥2,700","¥1,000",¥500,¥150,,"¥6,000",https://files.cardrush.media/pokemon/ocha_products/4021.webp,5400
エネコロロex 【☆】{059/075}[P8],その他,059/075,☆,"¥5,400","¥2,700","¥1,000",¥500,¥150,,"¥6,000",https://files.cardrush.media/pokemon/ocha_products/65688.webp,5400
ゴウカザルLV.X 【★】{-}[その他],EX,-,★,"¥5,400","¥2,700","¥1,000",¥500,¥150,,"¥6,000",https://files.cardrush.media/pokemon/ocha_products/58576.webp,5400
エンペルトLV.X 【P】{078/DP-P}[その他],EX,078/DP-P,P,"¥5,400","¥2,700","¥1,000",¥500,¥150,,"¥6,000",https://files.cardrush.media/pokemon/ocha_products/58580.webp,5400
パルキアLV.X 右向【★】{-}[その他],EX,-,★,"¥5,400","¥2,700","¥1,000",¥500,¥150,,"¥6,000",https://files.cardrush.media/pokemon/ocha_products/58586.webp,5400
アグノムLV.X 【★】{-}[その他],EX,-,★,"¥5,400","¥2,700","¥1,000",¥500,¥150,,"¥6,000",https://files.cardrush.media/pokemon/ocha_products/58602.webp,5400
キュウコンBREAK 【RR】{016/087}[CP6],XY,016/087,RR,"¥5,400","¥2,700","¥1,000",¥500,¥150,,"¥6,000",https://files.cardrush.media/pokemon/ocha_products/19715.webp,5400
カイリキーBREAK 【RR】{058/087}[CP6],XY,058/087,RR,"¥5,400","¥2,700","¥1,000",¥500,¥150,,"¥6,000",https://files.cardrush.media/pokemon/ocha_products/19752.webp,5400
MカメックスEX 【RR】{015/060}[XY1],,015/060,RR,"¥5,400","¥2,700","¥1,000",¥500,¥150,,"¥6,000",https://files.cardrush.media/pokemon/ocha_products/80381.webp,5400
MルカリオEX 【RR】{053/096}[XY3],EX,053/096,RR,"¥5,400","¥2,700","¥1,000",¥500,¥150,,"¥6,000",https://files.cardrush.media/pokemon/ocha_products/106.webp,5400
MルカリオEX 【-】{063/171}[XY],EX,063/171,-,"¥5,400","¥2,700","¥1,000",¥500,¥150,,"¥6,000",https://files.cardrush.media/pokemon/ocha_products/4217.webp,5400
MバンギラスEX 【RR】{043/081}[XY],EX,043/081,RR,"¥5,400","¥2,700","¥1,000",¥500,¥150,,"¥6,000",https://files.cardrush.media/pokemon/ocha_products/69664.webp,5400
ギルガルドEX SR仕様【-】{179/171}[XY],EX,179/171,-,"¥5,400","¥2,700","¥1,000",¥500,¥150,,"¥6,000",https://files.cardrush.media/pokemon/ocha_products/503.webp,5400
リザードンEX 【-】{001/049}[その他],状態減額大,001/049,-,"¥5,400","¥2,700","¥1,000",¥500,¥150,,"¥6,000",https://files.cardrush.media/pokemon/ocha_products/3841.webp,5400
サンダースEX 【P】{195/XY-P}[その他],状態減額大,195/XY-P,P,"¥5,400","¥2,700","¥1,000",¥500,¥150,,"¥6,000",https://files.cardrush.media/pokemon/ocha_products/3718.webp,5400
ジラーチEX 【R】{051/076}[その他],EX,051/076,R,"¥5,400","¥2,700","¥1,000",¥500,¥150,,"¥6,000",https://files.cardrush.media/pokemon/ocha_products/5630.webp,5400
メタグロスEX 【P】{101/XY-P}[その他],EX,101/XY-P,P,"¥5,400","¥2,700","¥1,000",¥500,¥150,,"¥6,000",https://files.cardrush.media/pokemon/ocha_products/21978.webp,5400
ギラティナEX 【RR】{057/081}[その他],EX,057/081,RR,"¥5,400","¥2,700","¥1,000",¥500,¥150,,"¥6,000",https://files.cardrush.media/pokemon/ocha_products/3909.webp,5400
ギラティナEX 【R】{039/050}[その他],EX,039/050,R,"¥5,400","¥2,700","¥1,000",¥500,¥150,,"¥6,000",https://files.cardrush.media/pokemon/ocha_products/3907.webp,5400
ボーマンダEX 【P】{253/XY-P}[その他],EX,253/XY-P,P,"¥5,400","¥2,700","¥1,000",¥500,¥150,,"¥6,000",https://files.cardrush.media/pokemon/ocha_products/1310.webp,5400
サナ 【SR】{077/067}[S7R],E,077/067,SR,"¥5,200","¥3,500","¥2,400","¥1,100",¥150,,"¥5,500",https://files.cardrush.media/pokemon/ocha_products/21477.webp,5200
ロケット団のクロバットex 【SAR】{127/098}[SV10],I,127/098,SAR,"¥5,200","¥3,500","¥2,400","¥1,100",¥150,,"¥5,500",https://files.cardrush.media/pokemon/ocha_products/65287.webp,5200
ミモザ 【SAR】{105/078}[SV1V],G,105/078,SAR,"¥5,000","¥3,500","¥2,500","¥1,200",¥250,,"¥5,000",https://files.cardrush.media/pokemon/ocha_products/39556.webp,5000
マツバの確信 【SAR】{097/071}[SV5K],H,097/071,SAR,"¥5,000","¥3,500","¥2,500","¥1,200",¥250,,"¥5,000",https://files.cardrush.media/pokemon/ocha_products/53298.webp,5000
ホミカ 【SR】{197/173}[sm12a],C,197/173,SR,"¥5,000","¥3,500","¥2,500","¥1,200",¥250,,"¥5,000",https://files.cardrush.media/pokemon/ocha_products/6037.webp,5000
セレナ 【SR】{081/068}[S11a],F,081/068,SR,"¥5,000","¥3,500","¥2,500","¥1,200",¥250,,"¥5,000",https://files.cardrush.media/pokemon/ocha_products/37020.webp,5000
シャワーズex 【SAR】{205/187}[SV8a],H,205/187,SAR,"¥5,000","¥3,500","¥2,500","¥1,200",¥250,,"¥5,000",https://files.cardrush.media/pokemon/ocha_products/62006.webp,5000
ブースターex 【SAR】{202/187}[SV8a],H,202/187,SAR,"¥5,000","¥3,500","¥2,500","¥1,200",¥250,,"¥5,000",https://files.cardrush.media/pokemon/ocha_products/62003.webp,5000
ゾロアークGX 【SR】{076/072}[sm3+],A,076/072,SR,"¥5,000","¥3,500","¥2,500","¥1,200",¥250,,"¥5,000",https://files.cardrush.media/pokemon/ocha_products/810.webp,5000
ゲッコウガ＆ゾロアークGX 【SR】{058/055}[SM9a],C,058/055,SR,"¥5,000","¥3,500","¥2,500","¥1,200",¥250,,"¥5,000",https://files.cardrush.media/pokemon/ocha_products/2925.webp,5000
ガラルサンダーV SA【SR】{076/070}[S5a],E,076/070,SR,"¥5,000","¥3,500","¥2,500","¥1,200",¥250,,"¥5,000",https://files.cardrush.media/pokemon/ocha_products/18993.webp,5000
ジュラルドンV SA【SR】{076/067}[S7D],E,076/067,SR,"¥5,000","¥3,500","¥2,500","¥1,200",¥250,,"¥5,000",https://files.cardrush.media/pokemon/ocha_products/21453.webp,5000
アルセウスV SA【SR】{112/100}[S9],F,112/100,SR,"¥5,000","¥3,500","¥2,500","¥1,200",¥250,,"¥5,000",https://files.cardrush.media/pokemon/ocha_products/24424.webp,5000
カイリキーV SA【SR】{073/067}[S10D],F,073/067,SR,"¥5,000","¥3,500","¥2,500","¥1,200",¥250,,"¥5,000",https://files.cardrush.media/pokemon/ocha_products/34741.webp,5000
ガマゲロゲ 【AR】{109/086}[SV11B],I,109/086,AR,"¥5,000","¥3,500","¥2,500","¥1,200",¥250,,"¥5,000",https://files.cardrush.media/pokemon/ocha_products/67278.webp,5000
ニンフィアVMAX 【CSR】{232/184}[S8b],E,232/184,CSR,"¥5,000","¥3,500","¥2,500","¥1,200",¥250,,"¥5,000",https://files.cardrush.media/pokemon/ocha_products/23008.webp,5000
ラフレシアGX SA【HR】{069/049}[sm11b],C,069/049,HR,"¥5,000","¥3,200","¥2,200","¥1,000",¥250,,"¥5,000",https://files.cardrush.media/pokemon/ocha_products/5203.webp,5000
ロケット団のミュウツーex 【UR】{130/098}[SV10],I,130/098,UR,"¥5,000","¥3,200","¥2,200","¥1,000",¥250,,"¥5,000",https://files.cardrush.media/pokemon/ocha_products/65290.webp,5000
ミュウex 【UR】{208/165}[SV2a],G,208/165,UR,"¥5,000","¥3,200","¥2,200","¥1,000",¥250,,"¥5,000",https://files.cardrush.media/pokemon/ocha_products/43867.webp,5000
オリジンパルキアVSTAR 【UR】{259/172}[S12a],F,259/172,UR,"¥5,000","¥3,200","¥2,200","¥1,000",¥250,,"¥5,000",https://files.cardrush.media/pokemon/ocha_products/38439.webp,5000
オリジンディアルガVSTAR 【UR】{260/172}[S12a],F,260/172,UR,"¥5,000","¥3,200","¥2,200","¥1,000",¥250,,"¥5,000",https://files.cardrush.media/pokemon/ocha_products/38440.webp,5000
ハッサムGX 【SSR】{233/150}[sm8b],B,233/150,SSR,"¥5,000","¥3,200","¥2,200","¥1,000",¥250,,"¥5,000",https://files.cardrush.media/pokemon/ocha_products/2358.webp,5000
エーフィex SAR仕様/30th【-】{043/040}[MF],J,043/040,-,"¥5,000","¥3,200","¥2,200","¥1,000",¥250,,"¥5,000",https://files.cardrush.media/pokemon/ocha_products/85202.webp,5000
ハイパーボール 【UR】{126/100}[S9],I,126/100,UR,"¥5,000","¥3,200","¥2,200","¥1,000",¥250,,"¥5,000",https://files.cardrush.media/pokemon/ocha_products/24438.webp,5000
バクガメス 【P】{012/SM-P}[その他],A,012/SM-P,P,"¥5,000","¥3,200","¥2,200","¥1,000",¥250,,"¥5,000",https://files.cardrush.media/pokemon/ocha_products/19895.webp,5000
セレビィ 【P】{361/SM-P}[その他],C,361/SM-P,P,"¥5,000","¥3,200","¥2,200","¥1,000",¥250,,"¥5,000",https://files.cardrush.media/pokemon/ocha_products/5130.webp,5000
アセロラ 【P】{223/SM-P}[その他],A,223/SM-P,P,"¥5,000","¥3,200","¥2,200","¥1,000",¥250,,"¥5,000",https://files.cardrush.media/pokemon/ocha_products/158.webp,5000
かんこうきゃく 【P】{308/SM-P}[その他],B,308/SM-P,P,"¥5,000","¥3,200","¥2,200","¥1,000",¥250,,"¥5,000",https://files.cardrush.media/pokemon/ocha_products/2943.webp,5000
エスケープボード 【P】{271/SM-P}[その他],B,271/SM-P,P,"¥5,000","¥3,200","¥2,200","¥1,000",¥250,,"¥5,000",https://files.cardrush.media/pokemon/ocha_products/2089.webp,5000
バリヤードGX 【HR】{080/066}[sm6b],B,080/066,HR,"¥5,000","¥3,200","¥2,200","¥1,000",¥250,,"¥5,000",https://files.cardrush.media/pokemon/ocha_products/1097.webp,5000
マッシブーンGX 【HR】{057/050}[sm4S],A,057/050,HR,"¥5,000","¥3,200","¥2,200","¥1,000",¥250,,"¥5,000",https://files.cardrush.media/pokemon/ocha_products/1460.webp,5000
じゃくてんほけん 【UR】{080/070}[XY5黄],A,080/070,UR,"¥5,000","¥3,200","¥2,200","¥1,000",¥250,,"¥5,000",https://files.cardrush.media/pokemon/ocha_products/694.webp,5000
ヤドン＆コダックGX 【RR】{011/094}[sm11],C,011/094,RR,"¥5,000","¥3,200","¥2,200","¥1,000",¥250,,"¥5,000",https://files.cardrush.media/pokemon/ocha_products/4522.webp,5000
ゲッコウガ＆ゾロアークGX 【HR】{066/055}[SM9a],C,066/055,HR,"¥5,000","¥3,200","¥2,200","¥1,000",¥250,,"¥5,000",https://files.cardrush.media/pokemon/ocha_products/2933.webp,5000
メガヤミラミ＆バンギラスGX 【HR】{111/094}[sm11],C,111/094,HR,"¥5,000","¥3,200","¥2,200","¥1,000",¥250,,"¥5,000",https://files.cardrush.media/pokemon/ocha_products/4682.webp,5000
ルカリオ＆メルメタルGX 【HR】{065/054}[SM9b],C,065/054,HR,"¥5,000","¥3,200","¥2,200","¥1,000",¥250,,"¥5,000",https://files.cardrush.media/pokemon/ocha_products/3127.webp,5000
ロケット団のいやがらせ 【U】{026/026}[smD],A,026/026,U,"¥5,000","¥3,200","¥2,200","¥1,000",¥250,,"¥5,000",https://files.cardrush.media/pokemon/ocha_products/1692.webp,5000
エーフィ YU NAGABA【P】{066/SV-P}[その他],G,066/SV-P,P,"¥5,000","¥3,200","¥2,200","¥1,000",¥250,,"¥5,000",https://files.cardrush.media/pokemon/ocha_products/43152.webp,5000
ニンフィア YU NAGABA【P】{070/SV-P}[その他],G,070/SV-P,P,"¥5,000","¥3,200","¥2,200","¥1,000",¥250,,"¥5,000",https://files.cardrush.media/pokemon/ocha_products/43156.webp,5000
レックウザ 【P】{003/S-P}[その他],D,003/S-P,P,"¥5,000","¥3,200","¥2,200","¥1,000",¥250,,"¥5,000",https://files.cardrush.media/pokemon/ocha_products/6825.webp,5000
アローラキュウコンGX 【SR】{052/050}[sm2K],A,052/050,SR,"¥4,900","¥3,500","¥2,400","¥1,100",¥150,,"¥5,500",https://files.cardrush.media/pokemon/ocha_products/176.webp,4900
フリーザーGX 【SR】{067/066}[sm6b],B,067/066,SR,"¥4,900","¥3,500","¥2,400","¥1,100",¥150,,"¥5,500",https://files.cardrush.media/pokemon/ocha_products/1288.webp,4900
ヌメルゴン ワイルドブレイズ【P】{031/XY-P}[その他],,031/XY-P,P,"¥4,900","¥2,400",¥950,¥450,¥100,,"¥5,500",https://files.cardrush.media/pokemon/ocha_products/45492.webp,4900
ドーブル 【P】{227/XY-P}[XY],PROMO,227/XY-P,P,"¥4,900","¥2,400",¥950,¥450,¥100,,"¥5,500",https://files.cardrush.media/pokemon/ocha_products/72405.webp,4900
N 【P】{218/BW-P}[その他],EX,218/BW-P,P,"¥4,900","¥2,400",¥950,¥450,¥100,,"¥5,500",https://files.cardrush.media/pokemon/ocha_products/1810.webp,4900
カトレア 【P】{215/BW-P}[その他],EX,215/BW-P,P,"¥4,900","¥2,400",¥950,¥450,¥100,,"¥5,500",https://files.cardrush.media/pokemon/ocha_products/21959.webp,4900
ツタージャ 【P】{018/BW-P}[BW-P],PROMO,018/BW-P,P,"¥4,900","¥2,400",¥950,¥450,¥100,,"¥5,500",https://files.cardrush.media/pokemon/ocha_products/71168.webp,4900
ふしぎなアメ 【P】{138/BW-P}[BW-P],PROMO,138/BW-P,P,"¥4,900","¥2,400",¥950,¥450,¥100,,"¥5,500",https://files.cardrush.media/pokemon/ocha_products/71274.webp,4900
デデンネ 【U】{012/032}[CP3],EX,012/032,U,"¥4,900","¥2,400",¥950,¥450,¥100,,"¥5,500",https://files.cardrush.media/pokemon/ocha_products/18541.webp,4900
ニャスパー 【C】{016/032}[CP3],EX,016/032,C,"¥4,900","¥2,400",¥950,¥450,¥100,,"¥5,500",https://files.cardrush.media/pokemon/ocha_products/18544.webp,4900
チルタリス 【U】{029/032}[CP3],EX,029/032,U,"¥4,900","¥2,400",¥950,¥450,¥100,,"¥5,500",https://files.cardrush.media/pokemon/ocha_products/18553.webp,4900
ザングース 【P】{056/L-P}[その他],,056/L-P,P,"¥4,900","¥2,400",¥950,¥450,¥100,,"¥5,500",https://files.cardrush.media/pokemon/ocha_products/45894.webp,4900
リングマ グレート【-】{061/070}[その他],,061/070,-,"¥4,900","¥2,400",¥950,¥450,¥100,,"¥5,500",https://files.cardrush.media/pokemon/ocha_products/45675.webp,4900
ギャラドス 【R】{032/087}[CP6],XY,032/087,R,"¥4,900","¥2,400",¥950,¥450,¥100,,"¥5,500",https://files.cardrush.media/pokemon/ocha_products/19730.webp,4900
ピカチュウ 【P】{114/SM-P}[その他],PIKA,114/SM-P,P,"¥4,900","¥2,400",¥950,¥450,¥100,,"¥5,500",https://files.cardrush.media/pokemon/ocha_products/1138.webp,4900
ピカチュウ 【P】{227/SM-P}[その他],PIKA,227/SM-P,P,"¥4,900","¥2,400",¥950,¥450,¥100,,"¥5,500",https://files.cardrush.media/pokemon/ocha_products/2114.webp,4900
ピカチュウ 【P】{023/ADV-P}[その他],状態減額大,023/ADV-P,P,"¥4,900","¥2,400",¥950,¥450,¥100,,"¥5,500",https://files.cardrush.media/pokemon/ocha_products/20946.webp,4900
ニドキングδ-デルタ種 【★】{055/068}[その他],EX,055/068,★,"¥4,900","¥2,400",¥950,¥450,¥100,,"¥5,500",https://files.cardrush.media/pokemon/ocha_products/56541.webp,4900
マグカルゴex 【☆】{009/054}[AD3],その他,009/054,☆,"¥4,900","¥2,400",¥950,¥450,¥100,,"¥5,500",https://files.cardrush.media/pokemon/ocha_products/65645.webp,4900
エレブーex 【☆】{023/055}[AD1],その他,023/055,☆,"¥4,900","¥2,400",¥950,¥450,¥100,,"¥5,500",https://files.cardrush.media/pokemon/ocha_products/65635.webp,4900
バリヤードex 【☆】{053/082}[P1],その他,053/082,☆,"¥4,900","¥2,400",¥950,¥450,¥100,,"¥5,500",https://files.cardrush.media/pokemon/ocha_products/65666.webp,4900
ハリテヤマex 【☆】{049/082}[P2],その他,049/082,☆,"¥4,900","¥2,400",¥950,¥450,¥100,,"¥5,500",https://files.cardrush.media/pokemon/ocha_products/65671.webp,4900
ダーテングex 【☆】{061/075}[P8],その他,061/075,☆,"¥4,900","¥2,400",¥950,¥450,¥100,,"¥5,500",https://files.cardrush.media/pokemon/ocha_products/65689.webp,4900
シェイミLV.X 【★】{015/096}[その他],EX,015/096,★,"¥4,900","¥2,400",¥950,¥450,¥100,,"¥5,500",https://files.cardrush.media/pokemon/ocha_products/58615.webp,4900
パルキアLV.X 左向【-】{-}[その他],EX,-,-,"¥4,900","¥2,400",¥950,¥450,¥100,,"¥5,500",https://files.cardrush.media/pokemon/ocha_products/58585.webp,4900
レジギガスLV.X 【-】{011/012}[その他],EX,011/012,-,"¥4,900","¥2,400",¥950,¥450,¥100,,"¥5,500",https://files.cardrush.media/pokemon/ocha_products/58614.webp,4900
ガブリアスCLV.X 【-】{007/016}[その他],EX,007/016,-,"¥4,900","¥2,400",¥950,¥450,¥100,,"¥5,500",https://files.cardrush.media/pokemon/ocha_products/58633.webp,4900
ダークルギア ジャンボカード【P】{-}[その他],,-,P,"¥4,900","¥2,400",¥950,¥450,¥100,,"¥5,500",https://files.cardrush.media/pokemon/ocha_products/48166.webp,4900
リーフィアEX 【P】{192/XY-P}[その他],状態減額大,192/XY-P,P,"¥4,900","¥2,400",¥950,¥450,¥100,,"¥5,500",https://files.cardrush.media/pokemon/ocha_products/18872.webp,4900
リザードンEX 【-】{001/021}[その他],状態減額大,001/021,-,"¥4,900","¥2,400",¥950,¥450,¥100,,"¥5,500",https://files.cardrush.media/pokemon/ocha_products/3842.webp,4900
グレイシアEX 【-】{020/171}[XY],EX,020/171,-,"¥4,900","¥2,400",¥950,¥450,¥100,,"¥5,500",https://files.cardrush.media/pokemon/ocha_products/541.webp,4900
ザシアンV 【UR】{073/060}[s1W],D,073/060,UR,"¥4,800","¥3,100","¥2,100",¥950,¥200,,"¥4,800",https://files.cardrush.media/pokemon/ocha_products/7029.webp,4800
ふしぎなアメ 【P】{025/SM-P}[その他],G,025/SM-P,P,"¥4,800","¥3,100","¥2,100",¥950,¥200,,"¥4,800",https://files.cardrush.media/pokemon/ocha_products/19901.webp,4800
ギャラドスVMAX 【HR】{081/067}[S7R],E,081/067,HR,"¥4,700","¥3,000","¥2,100",¥900,¥200,,"¥4,700",https://files.cardrush.media/pokemon/ocha_products/21481.webp,4700
エンテイGX 【SR】{073/072}[sm3+],A,073/072,SR,"¥4,600","¥3,300","¥2,300","¥1,000",¥150,,"¥5,200",https://files.cardrush.media/pokemon/ocha_products/276.webp,4600
スカル団のしたっぱ 【SR】{065/060}[sm1M],A,065/060,SR,"¥4,500","¥3,200","¥2,200","¥1,000",¥150,,"¥5,000",https://files.cardrush.media/pokemon/ocha_products/751.webp,4500
ルミタン 【SR】{157/150}[sm8b],B,157/150,SR,"¥4,500","¥3,100","¥2,200","¥1,100",¥200,,"¥4,500",https://files.cardrush.media/pokemon/ocha_products/2485.webp,4500
フーディンex 【SAR】{203/165}[SV2a],G,203/165,SAR,"¥4,500","¥3,100","¥2,200","¥1,100",¥200,,"¥4,500",https://files.cardrush.media/pokemon/ocha_products/43862.webp,4500
Nのゾロアークex 【SAR】{127/100}[SV9],I,127/100,SAR,"¥4,500","¥3,200","¥2,200","¥1,000",¥150,,"¥5,000",https://files.cardrush.media/pokemon/ocha_products/63636.webp,4500
ディアルガGX 【SR】{069/066}[sm5s],B,069/066,SR,"¥4,500","¥3,200","¥2,200","¥1,000",¥150,,"¥5,000",https://files.cardrush.media/pokemon/ocha_products/919.webp,4500
ブラッキーV 【CSR】{244/184}[S8b],E,244/184,CSR,"¥4,500","¥3,100","¥2,200","¥1,100",¥200,,"¥4,500",https://files.cardrush.media/pokemon/ocha_products/23020.webp,4500
ガブリアスV 【CSR】{084/067}[S9a],F,084/067,CSR,"¥4,500","¥3,100","¥2,200","¥1,100",¥200,,"¥4,500",https://files.cardrush.media/pokemon/ocha_products/33708.webp,4500
エアームド LV.29 【-】{旧裏}[その他],,旧裏,-,"¥4,500","¥1,800",¥700,¥350,¥100,,"¥5,000",https://files.cardrush.media/pokemon/ocha_products/76952.webp,4500
ミュウツーEX 25th【P】{022/025}[S8a-P],その他,022/025,P,"¥4,500","¥2,200",¥900,¥450,¥100,,"¥5,000",https://files.cardrush.media/pokemon/ocha_products/22400.webp,4500
鍛冶屋 SR仕様【-】{182/171}[XY],EX,182/171,-,"¥4,500","¥2,200",¥900,¥450,¥100,,"¥5,000",https://files.cardrush.media/pokemon/ocha_products/346.webp,4500
アブソル 【P】{XY-P}[その他],EX,XY-P,P,"¥4,500","¥2,200",¥900,¥450,¥100,,"¥5,000",https://files.cardrush.media/pokemon/ocha_products/169.webp,4500
ゲッコウガ 【P】{073/XY-P}[XY],PROMO,073/XY-P,P,"¥4,500","¥2,200",¥900,¥450,¥100,,"¥5,000",https://files.cardrush.media/pokemon/ocha_products/72334.webp,4500
カビゴン 【P】{149/XY-P}[XY],PROMO,149/XY-P,P,"¥4,500","¥2,200",¥900,¥450,¥100,,"¥5,000",https://files.cardrush.media/pokemon/ocha_products/72375.webp,4500
ベル 【P】{098/BW-P}[その他],EX,098/BW-P,P,"¥4,500","¥2,200",¥900,¥450,¥100,,"¥5,000",https://files.cardrush.media/pokemon/ocha_products/4117.webp,4500
ミニスカートのおすすめ 【P】{289/XY-P}[その他],EX,289/XY-P,P,"¥4,500","¥2,200",¥900,¥450,¥100,,"¥5,000",https://files.cardrush.media/pokemon/ocha_products/48894.webp,4500
ミジュマル 【P】{020/BW-P}[BW-P],PROMO,020/BW-P,P,"¥4,500","¥2,200",¥900,¥450,¥100,,"¥5,000",https://files.cardrush.media/pokemon/ocha_products/71170.webp,4500
ジラーチ 【P】{129/XY-P}[PROMO],EX,129/XY-P,P,"¥4,500","¥2,200",¥900,¥450,¥100,,"¥5,000",https://files.cardrush.media/pokemon/ocha_products/55405.webp,4500
ボルケニオン 【-】{009/036}[CP5],EX,009/036,-,"¥4,500","¥2,200",¥900,¥450,¥100,,"¥5,000",https://files.cardrush.media/pokemon/ocha_products/18482.webp,4500
氷空のシェイミ 【-】{001/009}[その他],EX,001/009,-,"¥4,500","¥2,200",¥900,¥450,¥100,,"¥5,000",https://files.cardrush.media/pokemon/ocha_products/83848.webp,4500
マルマイン グレート【-】{027/080}[その他],,027/080,-,"¥4,500","¥2,200",¥900,¥450,¥100,,"¥5,000",https://files.cardrush.media/pokemon/ocha_products/45661.webp,4500
ピジョット 【★】{064/082}[-],-,064/082,★,"¥4,500","¥2,200",¥900,¥450,¥100,,"¥5,000",https://files.cardrush.media/pokemon/ocha_products/66283.webp,4500
ホロンのトランシーバー 【◆】{076/086}[P6],-,076/086,◆,"¥4,500","¥2,200",¥900,¥450,¥100,,"¥5,000",https://files.cardrush.media/pokemon/ocha_products/66192.webp,4500
ピカチュウ 【C】{022/060}[XY1青],PIKA,022/060,C,"¥4,500","¥2,200",¥900,¥450,¥100,,"¥5,000",https://files.cardrush.media/pokemon/ocha_products/1129.webp,4500
ピカチュウ でんじは【-】{004/015}[その他],PIKA,004/015,-,"¥4,500","¥2,200",¥900,¥450,¥100,,"¥5,000",https://files.cardrush.media/pokemon/ocha_products/1125.webp,4500
ピカチュウM 【-】{012/022}[その他],状態減額大,012/022,-,"¥4,500","¥2,200",¥900,¥450,¥100,,"¥5,000",https://files.cardrush.media/pokemon/ocha_products/20953.webp,4500
ピカチュウ 【-】{088/090}[Pt2],状態減額大,088/090,-,"¥4,500","¥2,200",¥900,¥450,¥100,,"¥5,000",https://files.cardrush.media/pokemon/ocha_products/20957.webp,4500
リザードン 【-】{011/093}[EBB],状態減額大,011/093,-,"¥4,500","¥2,200",¥900,¥450,¥100,,"¥5,000",https://files.cardrush.media/pokemon/ocha_products/18884.webp,4500
スターミーδ-デルタ種 【★】{029/086}[その他],EX,029/086,★,"¥4,500","¥2,200",¥900,¥450,¥100,,"¥5,000",https://files.cardrush.media/pokemon/ocha_products/56570.webp,4500
ドクケイルex 【☆】{010/086}[P5],その他,010/086,☆,"¥4,500","¥2,200",¥900,¥450,¥100,,"¥5,000",https://files.cardrush.media/pokemon/ocha_products/65678.webp,4500
ノクタスex 【-】{006/015}[PQ-g],その他,006/015,-,"¥4,500","¥2,200",¥900,¥450,¥100,,"¥5,000",https://files.cardrush.media/pokemon/ocha_products/65701.webp,4500
バリヤードex 【☆】{054/082}[P1],その他,054/082,☆,"¥4,500","¥2,200",¥900,¥450,¥100,,"¥5,000",https://files.cardrush.media/pokemon/ocha_products/65667.webp,4500
バクオングex 【☆】{057/075}[P8],その他,057/075,☆,"¥4,500","¥2,200",¥900,¥450,¥100,,"¥5,000",https://files.cardrush.media/pokemon/ocha_products/65687.webp,4500
カバルドンLV.X 【★】{056/090}[その他],EX,056/090,★,"¥4,500","¥2,200",¥900,¥450,¥100,,"¥5,000",https://files.cardrush.media/pokemon/ocha_products/58624.webp,4500
ムクホークFBLV.X 【★】{081/100}[その他],EX,081/100,★,"¥4,500","¥2,200",¥900,¥450,¥100,,"¥5,000",https://files.cardrush.media/pokemon/ocha_products/58632.webp,4500
ポケパークのゴニョニョ 【P】{046/PCG-P}[その他],EX,046/PCG-P,P,"¥4,500","¥2,200",¥900,¥450,¥100,,"¥5,000",https://files.cardrush.media/pokemon/ocha_products/59103.webp,4500
ニドキングBREAK 【RR】{044/087}[CP6],XY,044/087,RR,"¥4,500","¥2,200",¥900,¥450,¥100,,"¥5,000",https://files.cardrush.media/pokemon/ocha_products/19741.webp,4500
セレビィ カードe【P】{006/P}[その他],状態減額大,006/P,P,"¥4,500","¥2,200",¥900,¥450,¥100,,"¥5,000",https://files.cardrush.media/pokemon/ocha_products/21972.webp,4500
ニューラ マクドナルド【P】{036/P}[e],状態減額大,036/P,P,"¥4,500","¥2,200",¥900,¥450,¥100,,"¥5,000",https://files.cardrush.media/pokemon/ocha_products/48156.webp,4500
ミュウツー＆ミュウGX ジャンボカード【P】{SM-P}[その他],,SM-P,P,"¥4,500","¥2,200",¥900,¥450,¥100,,"¥5,000",https://files.cardrush.media/pokemon/ocha_products/71424.webp,4500
MフーディンEX 【RR】{024/078}[その他],EX,024/078,RR,"¥4,500","¥2,200",¥900,¥450,¥100,,"¥5,000",https://files.cardrush.media/pokemon/ocha_products/4080.webp,4500
MラティオスEX 【RR】{049/078}[その他],EX,049/078,RR,"¥4,500","¥2,200",¥900,¥450,¥100,,"¥5,000",https://files.cardrush.media/pokemon/ocha_products/3892.webp,4500
カメックスEX 【RR】{014/060}[XY1],,014/060,RR,"¥4,500","¥2,200",¥900,¥450,¥100,,"¥5,000",https://files.cardrush.media/pokemon/ocha_products/80616.webp,4500
MハッサムEX 【RR】{058/080}[XY9],,058/080,RR,"¥4,500","¥2,200",¥900,¥450,¥100,,"¥5,000",https://files.cardrush.media/pokemon/ocha_products/80642.webp,4500
ルギアEX 【RR】{068/081}[XY7],,068/081,RR,"¥4,500","¥2,200",¥900,¥450,¥100,,"¥5,000",https://files.cardrush.media/pokemon/ocha_products/80665.webp,4500
ミュウツーEX 【RR】{025/059}[その他],状態減額大,025/059,RR,"¥4,500","¥2,200",¥900,¥450,¥100,,"¥5,000",https://files.cardrush.media/pokemon/ocha_products/3869.webp,4500
グラードンEX 【P】{153/XY-P}[その他],EX,153/XY-P,P,"¥4,500","¥2,200",¥900,¥450,¥100,,"¥5,000",https://files.cardrush.media/pokemon/ocha_products/6370.webp,4500
ダークライEX 【-】{072/171}[XY],EX,072/171,-,"¥4,500","¥2,200",¥900,¥450,¥100,,"¥5,000",https://files.cardrush.media/pokemon/ocha_products/813.webp,4500
ラルースのゴンベ 【P】{025/PCG-P}[その他],,025/PCG-P,P,"¥4,500","¥2,200",¥900,¥450,¥100,,"¥5,000",https://files.cardrush.media/pokemon/ocha_products/72930.webp,4500
メガエンブオーex SAR仕様【-】{762/742}[MC],J,762/742,-,"¥4,500","¥2,900","¥2,000",¥900,¥200,,"¥4,500",https://files.cardrush.media/pokemon/ocha_products/75873.webp,4500
ギラティナVSTAR 【UR】{125/100}[S11],F,125/100,UR,"¥4,500","¥2,900","¥2,000",¥900,¥200,,"¥4,500",https://files.cardrush.media/pokemon/ocha_products/36392.webp,4500
アローラキュウコンGX 【SSR】{213/150}[sm8b],A,213/150,SSR,"¥4,500","¥2,900","¥2,000",¥900,¥200,,"¥4,500",https://files.cardrush.media/pokemon/ocha_products/2156.webp,4500
ポケモンいれかえ 【UR】{072/060}[sm1M],I,072/060,UR,"¥4,500","¥2,900","¥2,000",¥900,¥200,,"¥4,500",https://files.cardrush.media/pokemon/ocha_products/1340.webp,4500
ニャビー 【P】{259/SM-P}[その他],B,259/SM-P,P,"¥4,500","¥2,900","¥2,000",¥900,¥200,,"¥4,500",https://files.cardrush.media/pokemon/ocha_products/4040.webp,4500
マルマインGX 【HR】{079/066}[sm6b],B,079/066,HR,"¥4,500","¥2,900","¥2,000",¥900,¥200,,"¥4,500",https://files.cardrush.media/pokemon/ocha_products/1474.webp,4500
デデンネGX 【HR】{065/055}[SM9a],C,065/055,HR,"¥4,500","¥2,900","¥2,000",¥900,¥200,,"¥4,500",https://files.cardrush.media/pokemon/ocha_products/2932.webp,4500
マーシャドーGX 【HR】{060/051}[sm3N],A,060/051,HR,"¥4,500","¥2,900","¥2,000",¥900,¥200,,"¥4,500",https://files.cardrush.media/pokemon/ocha_products/1431.webp,4500
イベルタルGX 【HR】{105/094}[sm6],B,105/094,HR,"¥4,500","¥2,900","¥2,000",¥900,¥200,,"¥4,500",https://files.cardrush.media/pokemon/ocha_products/200.webp,4500
チルタリスGX 【HR】{108/096}[sm7],B,108/096,HR,"¥4,500","¥2,900","¥2,000",¥900,¥200,,"¥4,500",https://files.cardrush.media/pokemon/ocha_products/903.webp,4500
ウルトラネクロズマGX 【HR】{107/094}[sm6],B,107/094,HR,"¥4,500","¥2,900","¥2,000",¥900,¥200,,"¥4,500",https://files.cardrush.media/pokemon/ocha_products/227.webp,4500
アクアパッチ 【UR】{060/050}[sm2L],A,060/050,UR,"¥4,500","¥2,900","¥2,000",¥900,¥200,,"¥4,500",https://files.cardrush.media/pokemon/ocha_products/137.webp,4500
ブーバーン 【U】{008/050}[BW5],U,008/050,U,"¥4,500","¥2,900","¥2,000",¥900,¥200,,"¥4,500",https://files.cardrush.media/pokemon/ocha_products/55394.webp,4500
レシラムGX 【SR】{054/053}[sm6a],B,054/053,SR,"¥4,300","¥3,000","¥2,100","¥1,000",¥200,,"¥4,300",https://files.cardrush.media/pokemon/ocha_products/1653.webp,4300
キハダ 【SAR】{099/073}[SV1a],G,099/073,SAR,"¥4,200","¥2,900","¥2,000",¥900,¥100,,"¥4,500",https://files.cardrush.media/pokemon/ocha_products/40601.webp,4200
ヒビキのホウオウex 【UR】{090/063}[SV9a],I,090/063,UR,"¥4,200","¥2,700","¥1,800",¥800,¥200,,"¥4,200",https://files.cardrush.media/pokemon/ocha_products/64589.webp,4200
ウルトラネクロズマGX 【UR】{250/150}[sm8b],B,250/150,UR,"¥4,200","¥2,700","¥1,800",¥800,¥200,,"¥4,200",https://files.cardrush.media/pokemon/ocha_products/2188.webp,4200
メタグロスGX 【HR】{059/050}[sm2L],A,059/050,HR,"¥4,200","¥2,700","¥1,800",¥800,¥200,,"¥4,200",https://files.cardrush.media/pokemon/ocha_products/1521.webp,4200
マーシャドー＆カイリキーGX 【HR】{110/095}[sm10],C,110/095,HR,"¥4,200","¥2,700","¥1,800",¥800,¥200,,"¥4,200",https://files.cardrush.media/pokemon/ocha_products/3405.webp,4200
トウコ 【SAR】{173/086}[SV11W],I,173/086,SAR,"¥4,000","¥2,800","¥2,000","¥1,000",¥200,,"¥4,000",https://files.cardrush.media/pokemon/ocha_products/67582.webp,4000
カキ 【SR】{056/051}[sm3H],A,056/051,SR,"¥4,000","¥2,800","¥2,000","¥1,000",¥200,,"¥4,000",https://files.cardrush.media/pokemon/ocha_products/338.webp,4000
ダイゴの決断 【SR】{102/096}[sm7],B,102/096,SR,"¥4,000","¥2,800","¥2,000","¥1,000",¥200,,"¥4,000",https://files.cardrush.media/pokemon/ocha_products/836.webp,4000
フウとラン 【SR】{103/096}[sm7],B,103/096,SR,"¥4,000","¥2,800","¥2,000","¥1,000",¥200,,"¥4,000",https://files.cardrush.media/pokemon/ocha_products/1200.webp,4000
マツリカ 【SR】{056/050}[sm7b],B,056/050,SR,"¥4,000","¥2,800","¥2,000","¥1,000",¥200,,"¥4,000",https://files.cardrush.media/pokemon/ocha_products/1769.webp,4000
ラジュルネ 【SR】{158/150}[sm8b],B,158/150,SR,"¥4,000","¥2,800","¥2,000","¥1,000",¥200,,"¥4,000",https://files.cardrush.media/pokemon/ocha_products/2455.webp,4000
ラニュイ 【SR】{160/150}[sm8b],B,160/150,SR,"¥4,000","¥2,800","¥2,000","¥1,000",¥200,,"¥4,000",https://files.cardrush.media/pokemon/ocha_products/2458.webp,4000
メガルカリオex 【SAR】{088/063}[M1L],I,088/063,SAR,"¥4,000","¥2,800","¥2,000","¥1,000",¥200,,"¥4,000",https://files.cardrush.media/pokemon/ocha_products/70047.webp,4000
Nのゾロアークex 【SAR】{242/193}[M2a],I,242/193,SAR,"¥4,000","¥2,800","¥2,000","¥1,000",¥200,,"¥4,000",https://files.cardrush.media/pokemon/ocha_products/73739.webp,4000
ニャースex 【SAR】{114/080}[M3],J,114/080,SAR,"¥4,000","¥2,800","¥2,000","¥1,000",¥200,,"¥4,000",https://files.cardrush.media/pokemon/ocha_products/78741.webp,4000
ルナアーラGX 【SR】{062/060}[sm1M],A,062/060,SR,"¥4,000","¥2,900","¥2,000",¥900,¥100,,"¥4,500",https://files.cardrush.media/pokemon/ocha_products/1639.webp,4000
カイリキーGX 【SR】{053/049}[sm2+],A,053/049,SR,"¥4,000","¥2,800","¥2,000","¥1,000",¥200,,"¥4,000",https://files.cardrush.media/pokemon/ocha_products/321.webp,4000
カイリューGX 【SR】{056/053}[sm6a],B,056/053,SR,"¥4,000","¥2,900","¥2,000",¥900,¥100,,"¥4,500",https://files.cardrush.media/pokemon/ocha_products/326.webp,4000
ミュウV 【SR】{105/100}[S8],E,105/100,SR,"¥4,000","¥2,800","¥2,000","¥1,000",¥200,,"¥4,000",https://files.cardrush.media/pokemon/ocha_products/22190.webp,4000
リザードンV 【SR】{102/100}[S9],F,102/100,SR,"¥4,000","¥2,800","¥2,000","¥1,000",¥200,,"¥4,000",https://files.cardrush.media/pokemon/ocha_products/24414.webp,4000
ピカチュウex 【SR】{122/106}[SV8],H,122/106,SR,"¥4,000","¥2,800","¥2,000","¥1,000",¥200,,"¥4,000",https://files.cardrush.media/pokemon/ocha_products/60247.webp,4000
カメックス 25th【P】{003/025}[S8a-P],その他,003/025,P,"¥4,000","¥2,000",¥800,¥400,¥100,,"¥4,500",https://files.cardrush.media/pokemon/ocha_products/22381.webp,4000
ヒノアラシ 【P】{223/XY-P}[XY],PROMO,223/XY-P,P,"¥4,000","¥2,000",¥800,¥400,¥100,,"¥4,500",https://files.cardrush.media/pokemon/ocha_products/72403.webp,4000
カメテテ 【P】{049/XY-P}[XY],PROMO,049/XY-P,P,"¥4,000","¥2,000",¥800,¥400,¥100,,"¥4,500",https://files.cardrush.media/pokemon/ocha_products/72321.webp,4000
ゲンガーソウルリンク 【P】{055/XY-P}[XY],PROMO,055/XY-P,P,"¥4,000","¥2,000",¥800,¥400,¥100,,"¥4,500",https://files.cardrush.media/pokemon/ocha_products/72322.webp,4000
フレア団のしたっぱ Pokemon Game Show【P】{XY-P}[その他],EX,XY-P,P,"¥4,000","¥2,000",¥800,¥400,¥100,,"¥4,500",https://files.cardrush.media/pokemon/ocha_products/1296.webp,4000
ゲンガー R仕様【-】{026/072}[20th],EX,026/072,-,"¥4,000","¥2,000",¥800,¥400,¥100,,"¥4,500",https://files.cardrush.media/pokemon/ocha_products/55398.webp,4000
チコリータ 【C】{001/032}[CP3],EX,001/032,C,"¥4,000","¥2,000",¥800,¥400,¥100,,"¥4,500",https://files.cardrush.media/pokemon/ocha_products/18533.webp,4000
ライチュウ 【C】{011/032}[CP3],EX,011/032,C,"¥4,000","¥2,000",¥800,¥400,¥100,,"¥4,500",https://files.cardrush.media/pokemon/ocha_products/18540.webp,4000
ジラーチ 【U】{015/032}[CP3],EX,015/032,U,"¥4,000","¥2,000",¥800,¥400,¥100,,"¥4,500",https://files.cardrush.media/pokemon/ocha_products/18543.webp,4000
ずがいの化石 キラ【P】{-}[その他],PROMO,-,P,"¥4,000","¥2,000",¥800,¥400,¥100,,"¥4,500",https://files.cardrush.media/pokemon/ocha_products/18861.webp,4000
たての化石 キラ【P】{-}[その他],PROMO,-,P,"¥4,000","¥2,000",¥800,¥400,¥100,,"¥4,500",https://files.cardrush.media/pokemon/ocha_products/18862.webp,4000
バクのトレーニング キラ【P】{-}[その他],PROMO,-,P,"¥4,000","¥2,000",¥800,¥400,¥100,,"¥4,500",https://files.cardrush.media/pokemon/ocha_products/18858.webp,4000
わるいバンギラス 【-】{012/020}[その他],HOF,012/020,-,"¥4,000","¥2,000",¥800,¥400,¥100,,"¥4,500",https://files.cardrush.media/pokemon/ocha_products/1706.webp,4000
わるいバンギラス 【-】{011/020}[その他],HOF,011/020,-,"¥4,000","¥2,000",¥800,¥400,¥100,,"¥4,500",https://files.cardrush.media/pokemon/ocha_products/1707.webp,4000
ミュウ 【P】{085/PCG-P}[P-P],-,085/PCG-P,P,"¥4,000","¥2,000",¥800,¥400,¥100,,"¥4,500",https://files.cardrush.media/pokemon/ocha_products/66245.webp,4000
ジュカイン 【P】{119/PCG-P}[その他],-,119/PCG-P,P,"¥4,000","¥2,000",¥800,¥400,¥100,,"¥4,500",https://files.cardrush.media/pokemon/ocha_products/84692.webp,4000
ニドクインδ-デルタ種 【★】{060/068}[その他],EX,060/068,★,"¥4,000","¥2,000",¥800,¥400,¥100,,"¥4,500",https://files.cardrush.media/pokemon/ocha_products/56539.webp,4000
ユレイドルδ-デルタ種 【★】{040/052}[その他],EX,040/052,★,"¥4,000","¥2,000",¥800,¥400,¥100,,"¥4,500",https://files.cardrush.media/pokemon/ocha_products/56668.webp,4000
アーマルドδ-デルタ種 【★】{033/052}[その他],EX,033/052,★,"¥4,000","¥2,000",¥800,¥400,¥100,,"¥4,500",https://files.cardrush.media/pokemon/ocha_products/56670.webp,4000
ラティアスex 【-】{012/019}[その他],,012/019,-,"¥4,000","¥2,000",¥800,¥400,¥100,,"¥4,500",https://files.cardrush.media/pokemon/ocha_products/79453.webp,4000
ドダイトスLV.X 【P】{076/DP-P}[その他],EX,076/DP-P,P,"¥4,000","¥2,000",¥800,¥400,¥100,,"¥4,500",https://files.cardrush.media/pokemon/ocha_products/58575.webp,4000
シェイミLV.X 【★】{012/092}[その他],EX,012/092,★,"¥4,000","¥2,000",¥800,¥400,¥100,,"¥4,500",https://files.cardrush.media/pokemon/ocha_products/58609.webp,4000
モジャンボLV.X 【★】{004/090}[その他],EX,004/090,★,"¥4,000","¥2,000",¥800,¥400,¥100,,"¥4,500",https://files.cardrush.media/pokemon/ocha_products/58634.webp,4000
ヒードランLV.X 【P】{092/DP-P}[その他],HOF,092/DP-P,P,"¥4,000","¥2,000",¥800,¥400,¥100,,"¥4,500",https://files.cardrush.media/pokemon/ocha_products/6502.webp,4000
フローゼルGLLV.X 【★】{020/090}[その他],EX,020/090,★,"¥4,000","¥2,000",¥800,¥400,¥100,,"¥4,500",https://files.cardrush.media/pokemon/ocha_products/58621.webp,4000
エレキブルLV.X 【★】{-}[その他],EX,-,★,"¥4,000","¥2,000",¥800,¥400,¥100,,"¥4,500",https://files.cardrush.media/pokemon/ocha_products/58582.webp,4000
エムリットLV.X 【★】{-}[その他],EX,-,★,"¥4,000","¥2,000",¥800,¥400,¥100,,"¥4,500",https://files.cardrush.media/pokemon/ocha_products/58600.webp,4000
エルレイド四LV.X 【-】{009/018}[その他],EX,009/018,-,"¥4,000","¥2,000",¥800,¥400,¥100,,"¥4,500",https://files.cardrush.media/pokemon/ocha_products/58627.webp,4000
ディアルガLV.X 右向【-】{-}[その他],EX,-,-,"¥4,000","¥2,000",¥800,¥400,¥100,,"¥4,500",https://files.cardrush.media/pokemon/ocha_products/58589.webp,4000
ウインディBREAK 【P】{267/XY-P}[PROMO],,267/XY-P,P,"¥4,000","¥2,000",¥800,¥400,¥100,,"¥4,500",https://files.cardrush.media/pokemon/ocha_products/63124.webp,4000
ジュゴン カードe【R】{025/088}[その他],HOF,025/088,R,"¥4,000","¥2,000",¥800,¥400,¥100,,"¥4,500",https://files.cardrush.media/pokemon/ocha_products/712.webp,4000
MサメハダーEX 【-】{071/171}[XY],EX,071/171,-,"¥4,000","¥2,000",¥800,¥400,¥100,,"¥4,500",https://files.cardrush.media/pokemon/ocha_products/4018.webp,4000
エーフィEX 【-】{045/171}[XY],状態減額大,045/171,-,"¥4,000","¥2,000",¥800,¥400,¥100,,"¥4,500",https://files.cardrush.media/pokemon/ocha_products/234.webp,4000
グラードンEX 【RR】{039/070}[XY5],EX,039/070,RR,"¥4,000","¥2,000",¥800,¥400,¥100,,"¥4,500",https://files.cardrush.media/pokemon/ocha_products/6367.webp,4000
ピカチュウex 【UR】{236/187}[SV8a],H,236/187,UR,"¥4,000","¥2,600","¥1,800",¥800,¥200,,"¥4,000",https://files.cardrush.media/pokemon/ocha_products/62037.webp,4000
ゲンガー 30th/復刻版/グレート【-】{150/103}[M6a],J,150/103,-,"¥4,000","¥2,600","¥1,800",¥800,¥200,,"¥4,000",https://files.cardrush.media/pokemon/ocha_products/85125.webp,4000
ツールスクラッパー 【P】{139/BW-P}[その他],D,139/BW-P,P,"¥4,000","¥2,600","¥1,800",¥800,¥200,,"¥4,000",https://files.cardrush.media/pokemon/ocha_products/7698.webp,4000
チェレン SR仕様【P】{279/SV-P}[PROMO],I,279/SV-P,P,"¥4,000","¥2,600","¥1,800",¥800,¥200,,"¥4,000",https://files.cardrush.media/pokemon/ocha_products/69250.webp,4000
グレイシアVMAX 【HR】{090/069}[S6a],E,090/069,HR,"¥4,000","¥2,600","¥1,800",¥800,¥200,,"¥4,000",https://files.cardrush.media/pokemon/ocha_products/20756.webp,4000
ミュウツーVSTAR 【HR】{084/071}[S10b],F,084/071,HR,"¥4,000","¥2,600","¥1,800",¥800,¥200,,"¥4,000",https://files.cardrush.media/pokemon/ocha_products/35812.webp,4000
ゼラオラGX 【HR】{069/060}[sm7a],B,069/060,HR,"¥4,000","¥2,600","¥1,800",¥800,¥200,,"¥4,000",https://files.cardrush.media/pokemon/ocha_products/778.webp,4000
ドヒドイデGX 【HR】{063/051}[sm1+],A,063/051,HR,"¥4,000","¥2,600","¥1,800",¥800,¥200,,"¥4,000",https://files.cardrush.media/pokemon/ocha_products/957.webp,4000
ジガルデGX 【HR】{104/094}[sm6],B,104/094,HR,"¥4,000","¥2,600","¥1,800",¥800,¥200,,"¥4,000",https://files.cardrush.media/pokemon/ocha_products/655.webp,4000
オンバーンGX 【HR】{061/051}[sm3H],A,061/051,HR,"¥4,000","¥2,600","¥1,800",¥800,¥200,,"¥4,000",https://files.cardrush.media/pokemon/ocha_products/305.webp,4000
ジムバッジ エリカ【P】{XY-P}[その他],P,XY-P,P,"¥4,000","¥2,000",¥800,¥400,¥100,,"¥4,000",https://files.cardrush.media/pokemon/ocha_products/671.webp,4000
フシギバナ＆ツタージャGX 【HR】{074/064}[sm11a],C,074/064,HR,"¥4,000","¥2,600","¥1,800",¥800,¥200,,"¥4,000",https://files.cardrush.media/pokemon/ocha_products/5038.webp,4000
アルセウス＆ディアルガ＆パルキアGX 【P】{166/S-P}[その他],C,166/S-P,P,"¥4,000","¥2,600","¥1,800",¥800,¥200,,"¥4,000",https://files.cardrush.media/pokemon/ocha_products/17831.webp,4000
シャワーズ YU NAGABA【P】{063/SV-P}[その他],G,063/SV-P,P,"¥4,000","¥2,600","¥1,800",¥800,¥200,,"¥4,000",https://files.cardrush.media/pokemon/ocha_products/43149.webp,4000
ブースター YU NAGABA【P】{065/SV-P}[その他],G,065/SV-P,P,"¥4,000","¥2,600","¥1,800",¥800,¥200,,"¥4,000",https://files.cardrush.media/pokemon/ocha_products/43151.webp,4000
リーフィア YU NAGABA【P】{068/SV-P}[その他],G,068/SV-P,P,"¥4,000","¥2,600","¥1,800",¥800,¥200,,"¥4,000",https://files.cardrush.media/pokemon/ocha_products/43154.webp,4000
グレイシア YU NAGABA【P】{069/SV-P}[その他],G,069/SV-P,P,"¥4,000","¥2,600","¥1,800",¥800,¥200,,"¥4,000",https://files.cardrush.media/pokemon/ocha_products/43155.webp,4000
ひかるゲノセクト 【H】{010/072}[sm3+],A,010/072,H,"¥4,000","¥2,600","¥1,800",¥800,¥200,,"¥4,000",https://files.cardrush.media/pokemon/ocha_products/1173.webp,4000
パラソルおねえさん 【SAR】{089/062}[SV3a],G,089/062,SAR,"¥3,800","¥2,600","¥1,800",¥800,¥100,,"¥4,000",https://files.cardrush.media/pokemon/ocha_products/47878.webp,3800
イーブイex 【SAR】{223/187}[SV8a],H,223/187,SAR,"¥3,800","¥2,600","¥1,800",¥800,¥100,,"¥4,000",https://files.cardrush.media/pokemon/ocha_products/62024.webp,3800
ゾロアークGX 【SSR】{231/150}[sm8b],A,231/150,SSR,"¥3,800","¥2,400","¥1,700",¥750,¥150,,"¥3,800",https://files.cardrush.media/pokemon/ocha_products/2297.webp,3800
リーリエのピッピ人形 【UR】{074/049}[sm11b],C,074/049,UR,"¥3,800","¥2,400","¥1,700",¥750,¥150,,"¥3,800",https://files.cardrush.media/pokemon/ocha_products/5208.webp,3800
ノボリとクダリ 【SR】{155/150}[sm8b],B,155/150,SR,"¥3,700","¥2,500","¥1,800",¥900,¥150,,"¥3,700",https://files.cardrush.media/pokemon/ocha_products/2349.webp,3700
バウッツェルex 【SAR】{129/102}[SV7],H,129/102,SAR,"¥3,700","¥2,500","¥1,800",¥900,¥150,,"¥3,700",https://files.cardrush.media/pokemon/ocha_products/58239.webp,3700
バリヤードGX 【SR】{069/066}[sm6b],B,069/066,SR,"¥3,700","¥2,500","¥1,800",¥900,¥150,,"¥3,700",https://files.cardrush.media/pokemon/ocha_products/1099.webp,3700
バシャーモGX 【SR】{098/096}[sm7],B,098/096,SR,"¥3,700","¥2,500","¥1,800",¥900,¥150,,"¥3,700",https://files.cardrush.media/pokemon/ocha_products/1066.webp,3700
フシギバナ＆ツタージャGX 【SR】{065/064}[sm11a],C,065/064,SR,"¥3,700","¥2,500","¥1,800",¥900,¥150,,"¥3,700",https://files.cardrush.media/pokemon/ocha_products/5029.webp,3700
ハピナスV SA【SR】{079/070}[S6K],E,079/070,SR,"¥3,700","¥2,500","¥1,800",¥900,¥150,,"¥3,700",https://files.cardrush.media/pokemon/ocha_products/20176.webp,3700
ハイパーボール 【P】{091/SM-P}[その他],I,091/SM-P,P,"¥3,700","¥2,400","¥1,600",¥700,¥150,,"¥3,700",https://files.cardrush.media/pokemon/ocha_products/1032.webp,3700
フリーザー 【P】{278/SM-P}[その他],C,278/SM-P,P,"¥3,700","¥2,400","¥1,600",¥700,¥150,,"¥3,700",https://files.cardrush.media/pokemon/ocha_products/2576.webp,3700
ルギアVSTAR 【HR】{118/098}[S12],F,118/098,HR,"¥3,700","¥2,400","¥1,600",¥700,¥150,,"¥3,700",https://files.cardrush.media/pokemon/ocha_products/37620.webp,3700
ナンジャモ 【SAR】{350/190}[SV4a],G,350/190,SAR,"¥3,600","¥2,600","¥1,800",¥800,¥100,,"¥4,000",https://files.cardrush.media/pokemon/ocha_products/51079.webp,3600
ヒビキの冒険 【SAR】{089/063}[SV9a],I,089/063,SAR,"¥3,600","¥2,600","¥1,800",¥800,¥100,,"¥4,000",https://files.cardrush.media/pokemon/ocha_products/64588.webp,3600
ディアルガGX 【SR】{054/050}[sm5+],B,054/050,SR,"¥3,600","¥2,600","¥1,800",¥800,¥100,,"¥4,000",https://files.cardrush.media/pokemon/ocha_products/922.webp,3600
メガシビルドンex ※表面加工エラー【MA】{225/193}[M2a],I,225/193,MA,"¥3,600","¥2,600","¥1,800",¥800,¥100,,"¥4,000",https://files.cardrush.media/pokemon/ocha_products/74761.webp,3600
メガルチャブルex ※表面加工エラー【MA】{229/193}[M2a],I,229/193,MA,"¥3,600","¥2,600","¥1,800",¥800,¥100,,"¥4,000",https://files.cardrush.media/pokemon/ocha_products/74765.webp,3600
ソルガレオGX 【UR】{249/150}[sm8b],B,249/150,UR,"¥3,600","¥2,300","¥1,600",¥700,¥150,,"¥4,000",https://files.cardrush.media/pokemon/ocha_products/2292.webp,3600
ベロリンガ LV.25 【-】{旧裏}[その他],,旧裏,-,"¥3,600","¥1,400",¥550,¥250,¥80,,"¥4,000",https://files.cardrush.media/pokemon/ocha_products/76953.webp,3600
オコリザル LV.26 【-】{旧裏}[その他],,旧裏,-,"¥3,600","¥1,400",¥550,¥250,¥80,,"¥4,000",https://files.cardrush.media/pokemon/ocha_products/76955.webp,3600
ナッシー LV.27 【-】{旧裏}[その他],,旧裏,-,"¥3,600","¥1,400",¥550,¥250,¥80,,"¥4,000",https://files.cardrush.media/pokemon/ocha_products/76956.webp,3600
カメール LV.20 【-】{旧裏}[その他],,旧裏,-,"¥3,600","¥1,400",¥550,¥250,¥80,,"¥4,000",https://files.cardrush.media/pokemon/ocha_products/76958.webp,3600
ドククラゲ LV.30 【-】{旧裏}[その他],,旧裏,-,"¥3,600","¥1,400",¥550,¥250,¥80,,"¥4,000",https://files.cardrush.media/pokemon/ocha_products/76959.webp,3600
メガゼラオラex 【P】{164/M-P}[その他],,164/M-P,P,"¥3,600","¥1,800",¥700,¥350,¥100,,"¥4,000",https://files.cardrush.media/pokemon/ocha_products/85843.webp,3600
レシラム 25th【P】{020/025}[S8a-P],その他,020/025,P,"¥3,600","¥1,800",¥700,¥350,¥100,,"¥4,000",https://files.cardrush.media/pokemon/ocha_products/22398.webp,3600
ゼクロム 25th【P】{021/025}[S8a-P],その他,021/025,P,"¥3,600","¥1,800",¥700,¥350,¥100,,"¥4,000",https://files.cardrush.media/pokemon/ocha_products/22399.webp,3600
チコリータ 【P】{222/XY-P}[XY],PROMO,222/XY-P,P,"¥3,600","¥1,800",¥700,¥350,¥100,,"¥4,000",https://files.cardrush.media/pokemon/ocha_products/72402.webp,3600
ボルケニオン 【P】{266/XY-P}[XY],PROMO,266/XY-P,P,"¥3,600","¥1,800",¥700,¥350,¥100,,"¥4,000",https://files.cardrush.media/pokemon/ocha_products/72424.webp,3600
ゲッコウガ 【P】{209/XY-P}[XY],PROMO,209/XY-P,P,"¥3,600","¥1,800",¥700,¥350,¥100,,"¥4,000",https://files.cardrush.media/pokemon/ocha_products/72398.webp,3600
ワニノコ 【P】{226/XY-P}[XY],PROMO,226/XY-P,P,"¥3,600","¥1,800",¥700,¥350,¥100,,"¥4,000",https://files.cardrush.media/pokemon/ocha_products/72404.webp,3600
デデンネ 【P】{078/XY-P}[XY],PROMO,078/XY-P,P,"¥3,600","¥1,800",¥700,¥350,¥100,,"¥4,000",https://files.cardrush.media/pokemon/ocha_products/72335.webp,3600
白銀の鏡 バトルカーニバル2013【P】{BW-P}[その他],状態減額大,BW-P,P,"¥3,600","¥1,800",¥700,¥350,¥100,,"¥4,000",https://files.cardrush.media/pokemon/ocha_products/20892.webp,3600
レシラム 【P】{110/BW-P}[BW-P],PROMO,110/BW-P,P,"¥3,600","¥1,800",¥700,¥350,¥100,,"¥4,000",https://files.cardrush.media/pokemon/ocha_products/71253.webp,3600
ゼクロム 【P】{111/BW-P}[BW-P],PROMO,111/BW-P,P,"¥3,600","¥1,800",¥700,¥350,¥100,,"¥4,000",https://files.cardrush.media/pokemon/ocha_products/71254.webp,3600
ヒトカゲ 【P】{165/BW-P}[BW-P],PROMO,165/BW-P,P,"¥3,600","¥1,800",¥700,¥350,¥100,,"¥4,000",https://files.cardrush.media/pokemon/ocha_products/71288.webp,3600
コイキング 【P】{210/BW-P}[BW-P],PROMO,210/BW-P,P,"¥3,600","¥1,800",¥700,¥350,¥100,,"¥4,000",https://files.cardrush.media/pokemon/ocha_products/71323.webp,3600
サーナイト 【U】{010/020}[SC],,010/020,U,"¥3,600","¥1,800",¥700,¥350,¥100,,"¥4,000",https://files.cardrush.media/pokemon/ocha_products/47111.webp,3600
ジラーチ 【-】{026/036}[CP5],EX,026/036,-,"¥3,600","¥1,800",¥700,¥350,¥100,,"¥4,000",https://files.cardrush.media/pokemon/ocha_products/18497.webp,3600
レジギガス 【-】{009/009}[その他],EX,009/009,-,"¥3,600","¥1,800",¥700,¥350,¥100,,"¥4,000",https://files.cardrush.media/pokemon/ocha_products/83854.webp,3600
オタチ 【P】{022/L-P}[その他],HOF,022/L-P,P,"¥3,600","¥1,800",¥700,¥350,¥100,,"¥4,000",https://files.cardrush.media/pokemon/ocha_products/21950.webp,3600
ラブカス 【P】{023/PCG-P}[その他],PROMO,023/PCG-P,P,"¥3,600","¥1,800",¥700,¥350,¥100,,"¥4,000",https://files.cardrush.media/pokemon/ocha_products/18890.webp,3600
ライチュウ 【R】{034/087}[CP6],XY,034/087,R,"¥3,600","¥1,800",¥700,¥350,¥100,,"¥4,000",https://files.cardrush.media/pokemon/ocha_products/19731.webp,3600
ピカチュウ 【P】{168/SM-P}[その他],PIKA,168/SM-P,P,"¥3,600","¥1,800",¥700,¥350,¥100,,"¥4,000",https://files.cardrush.media/pokemon/ocha_products/1154.webp,3600
ミュウ 【-】{009/048}[EXB01],状態減額大,009/048,-,"¥3,600","¥1,800",¥700,¥350,¥100,,"¥4,000",https://files.cardrush.media/pokemon/ocha_products/6099.webp,3600
ヘラクロスδ-デルタ種 【★】{009/068}[その他],EX,009/068,★,"¥3,600","¥1,800",¥700,¥350,¥100,,"¥4,000",https://files.cardrush.media/pokemon/ocha_products/56624.webp,3600
グラエナδ-デルタ種 【★】{070/086}[その他],EX,070/086,★,"¥3,600","¥1,800",¥700,¥350,¥100,,"¥4,000",https://files.cardrush.media/pokemon/ocha_products/56641.webp,3600
ルンパッパδ-デルタ種 【★】{014/075}[その他],EX,014/075,★,"¥3,600","¥1,800",¥700,¥350,¥100,,"¥4,000",https://files.cardrush.media/pokemon/ocha_products/56642.webp,3600
バクーダex 【-】{006/015}[その他],HOF,006/015,-,"¥3,600","¥1,800",¥700,¥350,¥100,,"¥4,000",https://files.cardrush.media/pokemon/ocha_products/4057.webp,3600
サマヨールex 【-】{006/015}[PQ-p],その他,006/015,-,"¥3,600","¥1,800",¥700,¥350,¥100,,"¥4,000",https://files.cardrush.media/pokemon/ocha_products/65703.webp,3600
チャーレムex 【-】{007/015}[PQ-fg],その他,007/015,-,"¥3,600","¥1,800",¥700,¥350,¥100,,"¥4,000",https://files.cardrush.media/pokemon/ocha_products/65700.webp,3600
アーマルドex 【☆】{058/086}[P5],その他,058/086,☆,"¥3,600","¥1,800",¥700,¥350,¥100,,"¥4,000",https://files.cardrush.media/pokemon/ocha_products/65682.webp,3600
ブーバーンLV.X 【★】{-}[その他],EX,-,★,"¥3,600","¥1,800",¥700,¥350,¥100,,"¥4,000",https://files.cardrush.media/pokemon/ocha_products/58581.webp,3600
レントラーGLLV.X 【★】{030/090}[その他],EX,030/090,★,"¥3,600","¥1,800",¥700,¥350,¥100,,"¥4,000",https://files.cardrush.media/pokemon/ocha_products/58622.webp,3600
ユクシーLV.X 【★】{-}[その他],EX,-,★,"¥3,600","¥1,800",¥700,¥350,¥100,,"¥4,000",https://files.cardrush.media/pokemon/ocha_products/58599.webp,3600
ヨノワールLV.X 【★】{042/092}[その他],EX,042/092,★,"¥3,600","¥1,800",¥700,¥350,¥100,,"¥4,000",https://files.cardrush.media/pokemon/ocha_products/58611.webp,3600
ディアルガLV.X 左向【★】{-}[その他],EX,-,★,"¥3,600","¥1,800",¥700,¥350,¥100,,"¥4,000",https://files.cardrush.media/pokemon/ocha_products/58590.webp,3600
レントラーBREAK 【P】{181/XY-P}[PROMO],,181/XY-P,P,"¥3,600","¥1,800",¥700,¥350,¥100,,"¥4,000",https://files.cardrush.media/pokemon/ocha_products/63119.webp,3600
クロバットBREAK ジム【P】{XY-P}[その他],EX,XY-P,P,"¥3,600","¥1,800",¥700,¥350,¥100,,"¥4,000",https://files.cardrush.media/pokemon/ocha_products/1715.webp,3600
クロバットBREAK カメックスメガバトル【P】{XY-P}[その他],EX,XY-P,P,"¥3,600","¥1,800",¥700,¥350,¥100,,"¥4,000",https://files.cardrush.media/pokemon/ocha_products/34312.webp,3600
ウパー マクドナルド【P】{022/P}[e],状態減額大,022/P,P,"¥3,600","¥1,800",¥700,¥350,¥100,,"¥4,000",https://files.cardrush.media/pokemon/ocha_products/48151.webp,3600
サンダー マクドナルド【P】{024/P}[e],状態減額大,024/P,P,"¥3,600","¥1,800",¥700,¥350,¥100,,"¥4,000",https://files.cardrush.media/pokemon/ocha_products/48152.webp,3600
トゲピー マクドナルド【P】{035/P}[e],状態減額大,035/P,P,"¥3,600","¥1,800",¥700,¥350,¥100,,"¥4,000",https://files.cardrush.media/pokemon/ocha_products/48161.webp,3600
ゲッコウガ☆ 英語版【P】{SWSH144}[海外版],,SWSH144,P,"¥3,600","¥1,800",¥700,¥350,¥100,,"¥4,000",https://files.cardrush.media/pokemon/ocha_products/72905.webp,3600
MフーディンEX 【-】{041/171}[XY],EX,041/171,-,"¥3,600","¥1,800",¥700,¥350,¥100,,"¥4,000",https://files.cardrush.media/pokemon/ocha_products/4079.webp,3600
MピジョットEX 【RR】{063/087}[CP6],XY,063/087,RR,"¥3,600","¥1,800",¥700,¥350,¥100,,"¥4,000",https://files.cardrush.media/pokemon/ocha_products/19756.webp,3600
MタブンネEX 【-】{012/026}[XYH],EX,012/026,-,"¥3,600","¥1,800",¥700,¥350,¥100,,"¥4,000",https://files.cardrush.media/pokemon/ocha_products/6376.webp,3600
カイオーガEX 【RR】{031/070}[XY5],,031/070,RR,"¥3,600","¥1,800",¥700,¥350,¥100,,"¥4,000",https://files.cardrush.media/pokemon/ocha_products/80615.webp,3600
MチルタリスEX 【RR】{054/078}[XY10],,054/078,RR,"¥3,600","¥1,800",¥700,¥350,¥100,,"¥4,000",https://files.cardrush.media/pokemon/ocha_products/80648.webp,3600
ホワイトキュレムEX 【RR】{085/093}[EBB],,085/093,RR,"¥3,600","¥1,800",¥700,¥350,¥100,,"¥4,000",https://files.cardrush.media/pokemon/ocha_products/80653.webp,3600
MガルーラEX 【RR】{065/080}[XY2],,065/080,RR,"¥3,600","¥1,800",¥700,¥350,¥100,,"¥4,000",https://files.cardrush.media/pokemon/ocha_products/80657.webp,3600
グレイシアEX 【RR】{018/078}[XY10],状態減額大,018/078,RR,"¥3,600","¥1,800",¥700,¥350,¥100,,"¥4,000",https://files.cardrush.media/pokemon/ocha_products/542.webp,3600
ラティオスEX 【RR】{048/078}[その他],EX,048/078,RR,"¥3,600","¥1,800",¥700,¥350,¥100,,"¥4,000",https://files.cardrush.media/pokemon/ocha_products/3900.webp,3600
カイリューEX 【RR】{069/096}[XY3],EX,069/096,RR,"¥3,600","¥1,800",¥700,¥350,¥100,,"¥4,000",https://files.cardrush.media/pokemon/ocha_products/6382.webp,3600
ルギアEX 【-】{103/171}[XY],EX,103/171,-,"¥3,600","¥1,800",¥700,¥350,¥100,,"¥4,000",https://files.cardrush.media/pokemon/ocha_products/61186.webp,3600
Nの筋書き 【SAR】{173/086}[SV11B],I,173/086,SAR,"¥3,500","¥2,400","¥1,700",¥850,¥150,,"¥3,500",https://files.cardrush.media/pokemon/ocha_products/67342.webp,3500
ルリナ 【SR】{111/100}[s4],D,111/100,SR,"¥3,500","¥2,400","¥1,700",¥850,¥150,,"¥3,500",https://files.cardrush.media/pokemon/ocha_products/14599.webp,3500
リーフィアVSTAR 【SAR】{210/172}[S12a],F,210/172,SAR,"¥3,500","¥2,400","¥1,700",¥850,¥150,,"¥3,500",https://files.cardrush.media/pokemon/ocha_products/38390.webp,3500
リザードンV 【SAR】{211/172}[S12a],F,211/172,SAR,"¥3,500","¥2,400","¥1,700",¥850,¥150,,"¥3,500",https://files.cardrush.media/pokemon/ocha_products/38391.webp,3500
ライコウex 【SAR】{108/076}[M6],J,108/076,SAR,"¥3,500","¥2,400","¥1,700",¥850,¥150,,"¥3,500",https://files.cardrush.media/pokemon/ocha_products/83043.webp,3500
ニンフィアex 30th【SAR】{130/103}[M6a],J,130/103,SAR,"¥3,500","¥2,400","¥1,700",¥850,¥150,,"¥3,500",https://files.cardrush.media/pokemon/ocha_products/85235.webp,3500
ミュウツーex 30th【SAR】{128/103}[M6a],J,128/103,SAR,"¥3,500","¥2,400","¥1,700",¥850,¥150,,"¥3,500",https://files.cardrush.media/pokemon/ocha_products/85233.webp,3500
ルカリオGX 【SR】{053/050}[sm5+],B,053/050,SR,"¥3,500","¥2,400","¥1,700",¥850,¥150,,"¥3,500",https://files.cardrush.media/pokemon/ocha_products/1612.webp,3500
セレビィ＆フシギバナGX 【SR】{096/095}[sm9],C,096/095,SR,"¥3,500","¥2,400","¥1,700",¥850,¥150,,"¥3,500",https://files.cardrush.media/pokemon/ocha_products/2693.webp,3500
ルカリオ＆メルメタルGX 【SR】{058/054}[SM9b],C,058/054,SR,"¥3,500","¥2,400","¥1,700",¥850,¥150,,"¥3,500",https://files.cardrush.media/pokemon/ocha_products/3120.webp,3500
カイリューGX 【SR】{103/094}[sm11],C,103/094,SR,"¥3,500","¥2,400","¥1,700",¥850,¥150,,"¥3,500",https://files.cardrush.media/pokemon/ocha_products/4683.webp,3500
メガヤミラミ＆バンギラスGX 【SR】{101/094}[sm11],C,101/094,SR,"¥3,500","¥2,400","¥1,700",¥850,¥150,,"¥3,500",https://files.cardrush.media/pokemon/ocha_products/4680.webp,3500
いちげきウーラオスV SA【SR】{075/070}[S5I],E,075/070,SR,"¥3,500","¥2,400","¥1,700",¥850,¥150,,"¥3,500",https://files.cardrush.media/pokemon/ocha_products/18236.webp,3500
スピアーV SA【SR】{069/067}[S10P],F,069/067,SR,"¥3,500","¥2,400","¥1,700",¥850,¥150,,"¥3,500",https://files.cardrush.media/pokemon/ocha_products/34758.webp,3500
ニンフィアV 【CSR】{231/184}[S8b],E,231/184,CSR,"¥3,500","¥2,400","¥1,700",¥850,¥150,,"¥3,500",https://files.cardrush.media/pokemon/ocha_products/23007.webp,3500
ミミッキュV 【CSR】{233/184}[S8b],E,233/184,CSR,"¥3,500","¥2,400","¥1,700",¥850,¥150,,"¥3,500",https://files.cardrush.media/pokemon/ocha_products/23009.webp,3500
ジャローダV 【CSR】{084/068}[S11a],F,084/068,CSR,"¥3,500","¥2,400","¥1,700",¥850,¥150,,"¥3,500",https://files.cardrush.media/pokemon/ocha_products/37023.webp,3500
ミュウツーVSTAR 【UR】{091/071}[S10b],F,091/071,UR,"¥3,500","¥2,200","¥1,500",¥700,¥150,,"¥3,500",https://files.cardrush.media/pokemon/ocha_products/35811.webp,3500
ルギアVSTAR 【UR】{123/098}[S12],F,123/098,UR,"¥3,500","¥2,200","¥1,500",¥700,¥150,,"¥3,500",https://files.cardrush.media/pokemon/ocha_products/37625.webp,3500
チルタリスGX 【SSR】{239/150}[sm8b],B,239/150,SSR,"¥3,500","¥2,200","¥1,500",¥700,¥150,,"¥3,500",https://files.cardrush.media/pokemon/ocha_products/2310.webp,3500
ピカチュウ LV.12 30th/復刻版【-】{136/103}[M6a],J,136/103,-,"¥3,500","¥2,200","¥1,500",¥700,¥150,,"¥3,500",https://files.cardrush.media/pokemon/ocha_products/85111.webp,3500
ハイパーボール 【TR】{051/054}[SM9b],I,051/054,TR,"¥3,500","¥2,200","¥1,500",¥700,¥150,,"¥3,500",https://files.cardrush.media/pokemon/ocha_products/3113.webp,3500
ヒトカゲ 【S】{166/150}[sm8b],B,166/150,S,"¥3,500","¥2,200","¥1,500",¥700,¥150,,"¥3,500",https://files.cardrush.media/pokemon/ocha_products/2369.webp,3500
ライコウ 【A】{015/076}[s3a],D,015/076,A,"¥3,500","¥2,200","¥1,500",¥700,¥150,,"¥3,500",https://files.cardrush.media/pokemon/ocha_products/14050.webp,3500
サンダーex 【P】{108/SV-P}[PROMO],G,108/SV-P,P,"¥3,500","¥2,200","¥1,500",¥700,¥150,,"¥3,500",https://files.cardrush.media/pokemon/ocha_products/47560.webp,3500
カプ・テテフ 【P】{152/SM-P}[その他],A,152/SM-P,P,"¥3,500","¥2,200","¥1,500",¥700,¥150,,"¥3,500",https://files.cardrush.media/pokemon/ocha_products/377.webp,3500
マーイーカ 【P】{261/SM-P}[その他],B,261/SM-P,P,"¥3,500","¥2,200","¥1,500",¥700,¥150,,"¥3,500",https://files.cardrush.media/pokemon/ocha_products/1427.webp,3500
シロナ 【P】{335/SM-P}[その他],B,335/SM-P,P,"¥3,500","¥2,200","¥1,500",¥700,¥150,,"¥3,500",https://files.cardrush.media/pokemon/ocha_products/4448.webp,3500
リーフィアVMAX 【HR】{088/069}[S6a],E,088/069,HR,"¥3,500","¥2,200","¥1,500",¥700,¥150,,"¥3,500",https://files.cardrush.media/pokemon/ocha_products/20754.webp,3500
サーナイトVMAX 【HR】{081/070}[S2a],D,081/070,HR,"¥3,500","¥2,200","¥1,500",¥700,¥150,,"¥3,500",https://files.cardrush.media/pokemon/ocha_products/13182.webp,3500
ギラティナVSTAR 【HR】{120/100}[S11],F,120/100,HR,"¥3,500","¥2,200","¥1,500",¥700,¥150,,"¥3,500",https://files.cardrush.media/pokemon/ocha_products/36387.webp,3500
ジュナイパーGX 【HR】{059/051}[sm1+],A,059/051,HR,"¥3,500","¥2,200","¥1,500",¥700,¥150,,"¥3,500",https://files.cardrush.media/pokemon/ocha_products/714.webp,3500
キングドラGX 【HR】{061/053}[sm6a],B,061/053,HR,"¥3,500","¥2,200","¥1,500",¥700,¥150,,"¥3,500",https://files.cardrush.media/pokemon/ocha_products/507.webp,3500
ジュペッタGX 【HR】{081/066}[sm6b],B,081/066,HR,"¥3,500","¥2,200","¥1,500",¥700,¥150,,"¥3,500",https://files.cardrush.media/pokemon/ocha_products/717.webp,3500
ルナアーラGX 【HR】{068/060}[sm1M],A,068/060,HR,"¥3,500","¥2,200","¥1,500",¥700,¥150,,"¥3,500",https://files.cardrush.media/pokemon/ocha_products/1636.webp,3500
ウツロイドGX 【HR】{057/050}[sm4A],A,057/050,HR,"¥3,500","¥2,200","¥1,500",¥700,¥150,,"¥3,500",https://files.cardrush.media/pokemon/ocha_products/215.webp,3500
アクジキングGX 【HR】{058/050}[sm4A],A,058/050,HR,"¥3,500","¥2,200","¥1,500",¥700,¥150,,"¥3,500",https://files.cardrush.media/pokemon/ocha_products/138.webp,3500
ゼルネアスGX 【HR】{106/094}[sm6],B,106/094,HR,"¥3,500","¥2,200","¥1,500",¥700,¥150,,"¥3,500",https://files.cardrush.media/pokemon/ocha_products/781.webp,3500
シルヴァディGX 【HR】{059/050}[sm4S],A,059/050,HR,"¥3,500","¥2,200","¥1,500",¥700,¥150,,"¥3,500",https://files.cardrush.media/pokemon/ocha_products/722.webp,3500
スーパーポケモン回収 【UR】{062/051}[sm3N],A,062/051,UR,"¥3,500","¥2,200","¥1,500",¥700,¥150,,"¥3,500",https://files.cardrush.media/pokemon/ocha_products/744.webp,3500
ポケモン通信 【UR】{116/095}[sm9],C,116/095,UR,"¥3,500","¥2,200","¥1,500",¥700,¥150,,"¥3,500",https://files.cardrush.media/pokemon/ocha_products/2713.webp,3500
ロトム図鑑 【UR】{072/060}[sm1S],A,072/060,UR,"¥3,500","¥2,200","¥1,500",¥700,¥150,,"¥3,500",https://files.cardrush.media/pokemon/ocha_products/1700.webp,3500
ジムバッジ カスミ【P】{XY-P}[その他],P,XY-P,P,"¥3,500","¥1,700",¥700,¥350,¥100,,"¥3,500",https://files.cardrush.media/pokemon/ocha_products/673.webp,3500
ジムバッジ ツツジ【P】{XY-P}[その他],P,XY-P,P,"¥3,500","¥1,700",¥700,¥350,¥100,,"¥3,500",https://files.cardrush.media/pokemon/ocha_products/682.webp,3500
リザードン＆テールナーGX 【RR】{008/064}[sm11a],C,008/064,RR,"¥3,500","¥2,200","¥1,500",¥700,¥150,,"¥3,500",https://files.cardrush.media/pokemon/ocha_products/4972.webp,3500
カメックス＆ポッチャマGX 【RR】{016/064}[sm11a],C,016/064,RR,"¥3,500","¥2,200","¥1,500",¥700,¥150,,"¥3,500",https://files.cardrush.media/pokemon/ocha_products/4980.webp,3500
ブラッキー＆ダークライGX RR仕様【-】{010/031}[smM],C,010/031,-,"¥3,500","¥2,200","¥1,500",¥700,¥150,,"¥3,500",https://files.cardrush.media/pokemon/ocha_products/4628.webp,3500
ピカチュウVMAX 25th【-】{006/015}[S8a-G],D,006/015,-,"¥3,500","¥2,200","¥1,500",¥700,¥150,,"¥3,500",https://files.cardrush.media/pokemon/ocha_products/23857.webp,3500
エンニュートGX 【SR】{051/049}[sm2+],A,051/049,SR,"¥3,400","¥2,400","¥1,700",¥750,¥100,,"¥3,800",https://files.cardrush.media/pokemon/ocha_products/279.webp,3400
トゲデマル 【P】{024/SM-P}[その他],A,024/SM-P,P,"¥3,400","¥2,200","¥1,500",¥650,¥150,,"¥3,400",https://files.cardrush.media/pokemon/ocha_products/3641.webp,3400
メガミミロップ＆プリンGX 【HR】{114/095}[sm12],C,114/095,HR,"¥3,400","¥2,200","¥1,500",¥650,¥150,,"¥3,400",https://files.cardrush.media/pokemon/ocha_products/5495.webp,3400
ポケモンだいすきクラブ 【SR】{071/066}[sm5s],B,071/066,SR,"¥3,300","¥2,300","¥1,600",¥800,¥150,,"¥3,300",https://files.cardrush.media/pokemon/ocha_products/1377.webp,3300
Nの覚悟 【SR】{066/049}[sm11b],C,066/049,SR,"¥3,300","¥2,200","¥1,500",¥700,¥100,,"¥3,500",https://files.cardrush.media/pokemon/ocha_products/5200.webp,3300
ダークライVSTAR 【SAR】{228/172}[S12a],F,228/172,SAR,"¥3,300","¥2,200","¥1,500",¥700,¥100,,"¥3,500",https://files.cardrush.media/pokemon/ocha_products/38408.webp,3300
ウガツホムラex 【SAR】{093/071}[SV5K],H,093/071,SAR,"¥3,300","¥2,300","¥1,600",¥800,¥150,,"¥3,300",https://files.cardrush.media/pokemon/ocha_products/53294.webp,3300
テツノカシラex 【SAR】{094/071}[SV5M],H,094/071,SAR,"¥3,300","¥2,300","¥1,600",¥800,¥150,,"¥3,300",https://files.cardrush.media/pokemon/ocha_products/53324.webp,3300
サンダースex 【SAR】{209/187}[SV8a],H,209/187,SAR,"¥3,300","¥2,200","¥1,500",¥700,¥100,,"¥3,500",https://files.cardrush.media/pokemon/ocha_products/62010.webp,3300
キュレムex 【SAR】{168/086}[SV11B],I,168/086,SAR,"¥3,300","¥2,200","¥1,500",¥700,¥100,,"¥3,500",https://files.cardrush.media/pokemon/ocha_products/67337.webp,3300
ジャローダex 【SAR】{167/086}[SV11B],I,167/086,SAR,"¥3,300","¥2,300","¥1,600",¥800,¥150,,"¥3,300",https://files.cardrush.media/pokemon/ocha_products/67336.webp,3300
ケルディオex 【SAR】{169/086}[SV11W],I,169/086,SAR,"¥3,300","¥2,300","¥1,600",¥800,¥150,,"¥3,300",https://files.cardrush.media/pokemon/ocha_products/67578.webp,3300
れんげきウーラオスV SA【SR】{077/070}[S5R],E,077/070,SR,"¥3,300","¥2,300","¥1,600",¥800,¥150,,"¥3,300",https://files.cardrush.media/pokemon/ocha_products/18259.webp,3300
こくばバドレックスV SA【SR】{076/070}[S6K],E,076/070,SR,"¥3,300","¥2,300","¥1,600",¥800,¥150,,"¥3,300",https://files.cardrush.media/pokemon/ocha_products/20173.webp,3300
ギラティナV 【SR】{110/100}[S11],F,110/100,SR,"¥3,300","¥2,300","¥1,600",¥800,¥150,,"¥3,300",https://files.cardrush.media/pokemon/ocha_products/36377.webp,3300
サンダースEX 【-】{032/171}[XY],EX,032/171,-,"¥3,300","¥1,600",¥650,¥300,¥90,,"¥3,700",https://files.cardrush.media/pokemon/ocha_products/3719.webp,3300
ヘルガー 【UR】{089/070}[S5I],E,089/070,UR,"¥3,300","¥2,100","¥1,400",¥650,¥150,,"¥3,300",https://files.cardrush.media/pokemon/ocha_products/18239.webp,3300
メッソン 【P】{146/S-P}[その他],D,146/S-P,P,"¥3,300","¥2,100","¥1,400",¥650,¥150,,"¥3,300",https://files.cardrush.media/pokemon/ocha_products/17484.webp,3300
バクフーン 【P】{265/SM-P}[その他],B,265/SM-P,P,"¥3,300","¥2,100","¥1,400",¥650,¥150,,"¥3,300",https://files.cardrush.media/pokemon/ocha_products/4279.webp,3300
マーシャドー 【P】{123/SM-P}[その他],A,123/SM-P,P,"¥3,300","¥2,100","¥1,400",¥650,¥150,,"¥3,300",https://files.cardrush.media/pokemon/ocha_products/1429.webp,3300
ツボツボGX 【HR】{104/095}[sm8],B,104/095,HR,"¥3,300","¥2,100","¥1,400",¥650,¥150,,"¥3,300",https://files.cardrush.media/pokemon/ocha_products/1850.webp,3300
ネットボール 【UR】{061/050}[sm7b],B,061/050,UR,"¥3,300","¥2,100","¥1,400",¥650,¥150,,"¥3,300",https://files.cardrush.media/pokemon/ocha_products/1759.webp,3300
火打石 【UR】{065/053}[sm6a],B,065/053,UR,"¥3,300","¥2,100","¥1,400",¥650,¥150,,"¥3,300",https://files.cardrush.media/pokemon/ocha_products/1116.webp,3300
ジムバッジ センリ【P】{XY-P}[その他],P,XY-P,P,"¥3,300","¥1,600",¥650,¥300,¥90,,"¥3,300",https://files.cardrush.media/pokemon/ocha_products/679.webp,3300
ジムバッジ テッセン【P】{XY-P}[その他],P,XY-P,P,"¥3,300","¥1,600",¥650,¥300,¥90,,"¥3,300",https://files.cardrush.media/pokemon/ocha_products/683.webp,3300
ジムバッジ アスナ【P】{XY-P}[その他],P,XY-P,P,"¥3,300","¥1,600",¥650,¥300,¥90,,"¥3,300",https://files.cardrush.media/pokemon/ocha_products/670.webp,3300
ジムバッジ フウとラン【P】{XY-P}[その他],P,XY-P,P,"¥3,300","¥1,600",¥650,¥300,¥90,,"¥3,300",https://files.cardrush.media/pokemon/ocha_products/688.webp,3300
ジムバッジ ミクリ【P】{XY-P}[その他],P,XY-P,P,"¥3,300","¥1,600",¥650,¥300,¥90,,"¥3,300",https://files.cardrush.media/pokemon/ocha_products/691.webp,3300
ロケット団のサカキ 【SAR】{129/098}[SV10],I,129/098,SAR,"¥3,200","¥2,200","¥1,600",¥800,¥150,,"¥3,200",https://files.cardrush.media/pokemon/ocha_products/65289.webp,3200
バオッキーVSTAR 【SAR】{214/172}[S12a],F,214/172,SAR,"¥3,200","¥2,200","¥1,600",¥800,¥150,,"¥3,200",https://files.cardrush.media/pokemon/ocha_products/38394.webp,3200
ガブリアスex 【UR】{090/062}[SV3a],G,090/062,UR,"¥3,200","¥2,000","¥1,400",¥600,¥150,,"¥3,200",https://files.cardrush.media/pokemon/ocha_products/47879.webp,3200
ピカチュウ 【P】{074/SV-P}[PROMO],G,074/SV-P,P,"¥3,200","¥2,000","¥1,400",¥600,¥150,,"¥3,200",https://files.cardrush.media/pokemon/ocha_products/46119.webp,3200
ニャビー 【P】{374/SM-P}[その他],C,374/SM-P,P,"¥3,200","¥2,000","¥1,400",¥600,¥150,,"¥3,200",https://files.cardrush.media/pokemon/ocha_products/5114.webp,3200
バシャーモVMAX 【HR】{085/070}[S5a],E,085/070,HR,"¥3,200","¥2,000","¥1,400",¥600,¥150,,"¥3,200",https://files.cardrush.media/pokemon/ocha_products/19002.webp,3200
リザードンGX RR仕様【-】{009/051}[SML],C,009/051,-,"¥3,200","¥2,000","¥1,400",¥600,¥150,,"¥3,200",https://files.cardrush.media/pokemon/ocha_products/3576.webp,3200
サンダース YU NAGABA【P】{064/SV-P}[その他],G,064/SV-P,P,"¥3,200","¥2,000","¥1,400",¥600,¥150,,"¥3,200",https://files.cardrush.media/pokemon/ocha_products/43150.webp,3200
エリカの招待 【SAR】{206/165}[SV2a],G,206/165,SAR,"¥3,100","¥2,200","¥1,500",¥700,¥100,,"¥3,500",https://files.cardrush.media/pokemon/ocha_products/43865.webp,3100
マサキのメンテナンス 【SR】{076/066}[sm6b],B,076/066,SR,"¥3,100","¥2,200","¥1,500",¥700,¥100,,"¥3,500",https://files.cardrush.media/pokemon/ocha_products/1457.webp,3100
フシギバナ 25th【P】{002/025}[S8a-P],その他,002/025,P,"¥3,100","¥1,500",¥600,¥300,¥90,,"¥3,500",https://files.cardrush.media/pokemon/ocha_products/22380.webp,3100
わるいギャラドス 25th【P】{005/025}[S8a-P],その他,005/025,P,"¥3,100","¥1,500",¥600,¥300,¥90,,"¥3,500",https://files.cardrush.media/pokemon/ocha_products/22383.webp,3100
デンリュウ 【P】{269/XY-P}[その他],状態減額大,269/XY-P,P,"¥3,100","¥1,500",¥600,¥300,¥90,,"¥3,500",https://files.cardrush.media/pokemon/ocha_products/47263.webp,3100
カイオーガEX 【P】{152/XY-P}[XY],PROMO,152/XY-P,P,"¥3,100","¥1,500",¥600,¥300,¥90,,"¥3,500",https://files.cardrush.media/pokemon/ocha_products/72376.webp,3100
チルタリス 【P】{162/XY-P}[XY],PROMO,162/XY-P,P,"¥3,100","¥1,500",¥600,¥300,¥90,,"¥3,500",https://files.cardrush.media/pokemon/ocha_products/72380.webp,3100
カリン 【P】{256/XY-P}[その他],EX,256/XY-P,P,"¥3,100","¥1,500",¥600,¥300,¥90,,"¥3,500",https://files.cardrush.media/pokemon/ocha_products/406.webp,3100
ポカブ 【P】{019/BW-P}[BW-P],PROMO,019/BW-P,P,"¥3,100","¥1,500",¥600,¥300,¥90,,"¥3,500",https://files.cardrush.media/pokemon/ocha_products/71169.webp,3100
キュウコン 【P】{123/BW-P}[BW-P],PROMO,123/BW-P,P,"¥3,100","¥1,500",¥600,¥300,¥90,,"¥3,500",https://files.cardrush.media/pokemon/ocha_products/71264.webp,3100
キュレム 【P】{150/BW-P}[BW-P],PROMO,150/BW-P,P,"¥3,100","¥1,500",¥600,¥300,¥90,,"¥3,500",https://files.cardrush.media/pokemon/ocha_products/71278.webp,3100
カメール 【P】{166/BW-P}[BW-P],PROMO,166/BW-P,P,"¥3,100","¥1,500",¥600,¥300,¥90,,"¥3,500",https://files.cardrush.media/pokemon/ocha_products/71289.webp,3100
ジバコイル 【-】{004/009}[その他],EX,004/009,-,"¥3,100","¥1,500",¥600,¥300,¥90,,"¥3,500",https://files.cardrush.media/pokemon/ocha_products/83849.webp,3100
マンムー 【-】{006/009}[その他],EX,006/009,-,"¥3,100","¥1,500",¥600,¥300,¥90,,"¥3,500",https://files.cardrush.media/pokemon/ocha_products/83851.webp,3100
タテトプス 【-】{007/009}[その他],EX,007/009,-,"¥3,100","¥1,500",¥600,¥300,¥90,,"¥3,500",https://files.cardrush.media/pokemon/ocha_products/83852.webp,3100
ガブリアス 【P】{104/DP-P}[その他],PROMO,104/DP-P,P,"¥3,100","¥1,500",¥600,¥300,¥90,,"¥3,500",https://files.cardrush.media/pokemon/ocha_products/18860.webp,3100
ジラーチ 【R】{066/090}[その他],HOF,066/090,R,"¥3,100","¥1,500",¥600,¥300,¥90,,"¥3,500",https://files.cardrush.media/pokemon/ocha_products/3702.webp,3100
ジラーチ 【★】{075/082}[PCG2],状態減額大,075/082,★,"¥3,100","¥1,500",¥600,¥300,¥90,,"¥3,500",https://files.cardrush.media/pokemon/ocha_products/20927.webp,3100
ホロンのマルマイン 【★】{032/086}[P6],-,032/086,★,"¥3,100","¥1,500",¥600,¥300,¥90,,"¥3,500",https://files.cardrush.media/pokemon/ocha_products/66259.webp,3100
暴風 【◆】{067/075}[P8],-,067/075,◆,"¥3,100","¥1,500",¥600,¥300,¥90,,"¥3,500",https://files.cardrush.media/pokemon/ocha_products/66193.webp,3100
ピカチュウV RR仕様【P】{122/S-P}[その他],状態減額大,122/S-P,P,"¥3,100","¥1,500",¥600,¥300,¥90,,"¥3,500",https://files.cardrush.media/pokemon/ocha_products/14569.webp,3100
ピカチュウ 【P】{214/SM-P}[その他],PIKA,214/SM-P,P,"¥3,100","¥1,500",¥600,¥300,¥90,,"¥3,500",https://files.cardrush.media/pokemon/ocha_products/1156.webp,3100
ピカチュウ 【P】{377/SM-P}[その他],PIKA,377/SM-P,P,"¥3,100","¥1,500",¥600,¥300,¥90,,"¥3,500",https://files.cardrush.media/pokemon/ocha_products/5240.webp,3100
ヒトカゲδ-デルタ種 【P】{132/PCG-P}[その他],EX,132/PCG-P,P,"¥3,100","¥1,500",¥600,¥300,¥90,,"¥3,500",https://files.cardrush.media/pokemon/ocha_products/56520.webp,3100
ヒトカゲδ-デルタ種 【-】{004/016}[その他],EX,004/016,-,"¥3,100","¥1,500",¥600,¥300,¥90,,"¥3,500",https://files.cardrush.media/pokemon/ocha_products/56521.webp,3100
コイキングδ-デルタ種 【-】{043/052}[その他],EX,043/052,-,"¥3,100","¥1,500",¥600,¥300,¥90,,"¥3,500",https://files.cardrush.media/pokemon/ocha_products/56574.webp,3100
ヒードランLV.X 【★】{015/092}[その他],HOF,015/092,★,"¥3,100","¥1,500",¥600,¥300,¥90,,"¥3,500",https://files.cardrush.media/pokemon/ocha_products/3701.webp,3100
ガーディ マクドナルド【P】{030/P}[e],状態減額大,030/P,P,"¥3,100","¥1,500",¥600,¥300,¥90,,"¥3,500",https://files.cardrush.media/pokemon/ocha_products/48158.webp,3100
ランターン マクドナルド【P】{031/P}[e],状態減額大,031/P,P,"¥3,100","¥1,500",¥600,¥300,¥90,,"¥3,500",https://files.cardrush.media/pokemon/ocha_products/48162.webp,3100
ナンジャモ SR仕様/英語版【P】{124}[海外版],-,124,P,"¥3,100","¥1,500",¥600,¥300,¥90,,"¥3,500",https://files.cardrush.media/pokemon/ocha_products/56004.webp,3100
MジュカインEX 【RR】{008/081}[その他],EX,008/081,RR,"¥3,100","¥1,500",¥600,¥300,¥90,,"¥3,500",https://files.cardrush.media/pokemon/ocha_products/4027.webp,3100
MジュカインEX 【-】{007/171}[XY],EX,007/171,-,"¥3,100","¥1,500",¥600,¥300,¥90,,"¥3,500",https://files.cardrush.media/pokemon/ocha_products/4028.webp,3100
MヘルガーEX 【RR】{010/059}[その他],EX,010/059,RR,"¥3,100","¥1,500",¥600,¥300,¥90,,"¥3,500",https://files.cardrush.media/pokemon/ocha_products/4063.webp,3100
MエルレイドEX 【RR】{031/078}[その他],EX,031/078,RR,"¥3,100","¥1,500",¥600,¥300,¥90,,"¥3,500",https://files.cardrush.media/pokemon/ocha_products/4074.webp,3100
MディアンシーEX 【P】{093/XY-P}[その他],PROMO,093/XY-P,P,"¥3,100","¥1,500",¥600,¥300,¥90,,"¥3,500",https://files.cardrush.media/pokemon/ocha_products/22611.webp,3100
シェイミEX 【R】{005/052}[BW3],,005/052,R,"¥3,100","¥1,500",¥600,¥300,¥90,,"¥3,500",https://files.cardrush.media/pokemon/ocha_products/80599.webp,3100
MスピアーEX RR仕様【-】{002/131}[CP4],,002/131,-,"¥3,100","¥1,500",¥600,¥300,¥90,,"¥3,500",https://files.cardrush.media/pokemon/ocha_products/80600.webp,3100
MフシギバナEX 【RR】{002/060}[XY1],,002/060,RR,"¥3,100","¥1,500",¥600,¥300,¥90,,"¥3,500",https://files.cardrush.media/pokemon/ocha_products/80604.webp,3100
フシギバナEX 【RR】{001/060}[XY1],,001/060,RR,"¥3,100","¥1,500",¥600,¥300,¥90,,"¥3,500",https://files.cardrush.media/pokemon/ocha_products/80605.webp,3100
MヘラクロスEX 【RR】{005/096}[XY3],,005/096,RR,"¥3,100","¥1,500",¥600,¥300,¥90,,"¥3,500",https://files.cardrush.media/pokemon/ocha_products/80607.webp,3100
ゼクロムEX 【RR】{044/093}[EBB],,044/093,RR,"¥3,100","¥1,500",¥600,¥300,¥90,,"¥3,500",https://files.cardrush.media/pokemon/ocha_products/80625.webp,3100
ライコウEX 【R】{025/069}[BW4],,025/069,R,"¥3,100","¥1,500",¥600,¥300,¥90,,"¥3,500",https://files.cardrush.media/pokemon/ocha_products/80628.webp,3100
デオキシスEX 【R】{025/051}[BW8],,025/051,R,"¥3,100","¥1,500",¥600,¥300,¥90,,"¥3,500",https://files.cardrush.media/pokemon/ocha_products/80630.webp,3100
MハガネールEX 【RR】{033/054}[XY11],,033/054,RR,"¥3,100","¥1,500",¥600,¥300,¥90,,"¥3,500",https://files.cardrush.media/pokemon/ocha_products/80640.webp,3100
MボスゴドラEX 【RR】{046/070}[XY5],,046/070,RR,"¥3,100","¥1,500",¥600,¥300,¥90,,"¥3,500",https://files.cardrush.media/pokemon/ocha_products/80643.webp,3100
ブラックキュレムEX 【R】{045/059}[BW6],,045/059,R,"¥3,100","¥1,500",¥600,¥300,¥90,,"¥3,500",https://files.cardrush.media/pokemon/ocha_products/80650.webp,3100
ブラックキュレムEX 【RR】{084/093}[EBB],,084/093,RR,"¥3,100","¥1,500",¥600,¥300,¥90,,"¥3,500",https://files.cardrush.media/pokemon/ocha_products/80651.webp,3100
ホワイトキュレムEX 【R】{041/059}[BW6],,041/059,R,"¥3,100","¥1,500",¥600,¥300,¥90,,"¥3,500",https://files.cardrush.media/pokemon/ocha_products/80652.webp,3100
ヤドランEX 【P】{262/XY-P}[その他],EX,262/XY-P,P,"¥3,100","¥1,500",¥600,¥300,¥90,,"¥3,500",https://files.cardrush.media/pokemon/ocha_products/4047.webp,3100
ラグラージEX 【P】{137/XY-P}[その他],EX,137/XY-P,P,"¥3,100","¥1,500",¥600,¥300,¥90,,"¥3,500",https://files.cardrush.media/pokemon/ocha_products/4128.webp,3100
ミュウツーEX 【RR】{027/059}[その他],状態減額大,027/059,RR,"¥3,100","¥1,500",¥600,¥300,¥90,,"¥3,500",https://files.cardrush.media/pokemon/ocha_products/3865.webp,3100
グラードンEX 【-】{072/131}[CP4],EX,072/131,-,"¥3,100","¥1,500",¥600,¥300,¥90,,"¥3,500",https://files.cardrush.media/pokemon/ocha_products/6369.webp,3100
ダークライEX 【R】{044/069}[その他],EX,044/069,R,"¥3,100","¥1,500",¥600,¥300,¥90,,"¥3,500",https://files.cardrush.media/pokemon/ocha_products/4298.webp,3100
ダークライEX 【-】{072/093}[その他],EX,072/093,-,"¥3,100","¥1,500",¥600,¥300,¥90,,"¥3,500",https://files.cardrush.media/pokemon/ocha_products/4300.webp,3100
ダークライEX 【RR】{055/080}[XY9],EX,055/080,RR,"¥3,100","¥1,500",¥600,¥300,¥90,,"¥3,500",https://files.cardrush.media/pokemon/ocha_products/814.webp,3100
ラティオスEX 【-】{033/036}[CP5],EX,033/036,-,"¥3,100","¥1,500",¥600,¥300,¥90,,"¥3,500",https://files.cardrush.media/pokemon/ocha_products/3895.webp,3100
アルティメットゾーン 未剥離【P】{048/DPt-P}[その他],状態減額大,048/DPt-P,P,"¥3,100","¥1,500",¥600,¥300,¥90,,"¥3,500",https://files.cardrush.media/pokemon/ocha_products/80278.webp,3100
ククイ博士 【SR】{066/060}[sm1S],A,066/060,SR,"¥3,000","¥2,100","¥1,500",¥750,¥150,,"¥3,000",https://files.cardrush.media/pokemon/ocha_products/515.webp,3000
グリーンの戦略 【SR】{106/094}[sm11],C,106/094,SR,"¥3,000","¥2,100","¥1,500",¥750,¥150,,"¥3,000",https://files.cardrush.media/pokemon/ocha_products/4689.webp,3000
ユウリ 【SR】{276/184}[S8b],E,276/184,SR,"¥3,000","¥2,100","¥1,500",¥750,¥150,,"¥3,000",https://files.cardrush.media/pokemon/ocha_products/23052.webp,3000
グレイシアVSTAR 【SAR】{217/172}[S12a],F,217/172,SAR,"¥3,000","¥2,100","¥1,500",¥750,¥150,,"¥3,000",https://files.cardrush.media/pokemon/ocha_products/38397.webp,3000
ラウドボーンex 【SAR】{097/073}[SV1a],G,097/073,SAR,"¥3,000","¥2,100","¥1,500",¥750,¥150,,"¥3,000",https://files.cardrush.media/pokemon/ocha_products/40599.webp,3000
コライドンex 【SAR】{103/078}[SV1S],G,103/078,SAR,"¥3,000","¥2,100","¥1,500",¥750,¥150,,"¥3,000",https://files.cardrush.media/pokemon/ocha_products/39524.webp,3000
イーユイex 【SAR】{092/071}[SV2D],G,092/071,SAR,"¥3,000","¥2,100","¥1,500",¥750,¥150,,"¥3,000",https://files.cardrush.media/pokemon/ocha_products/41854.webp,3000
デカヌチャンex 【SAR】{093/071}[SV2D],G,093/071,SAR,"¥3,000","¥2,100","¥1,500",¥750,¥150,,"¥3,000",https://files.cardrush.media/pokemon/ocha_products/41855.webp,3000
ガブリアスex 【SAR】{085/062}[SV3a],G,085/062,SAR,"¥3,000","¥2,100","¥1,500",¥750,¥150,,"¥3,000",https://files.cardrush.media/pokemon/ocha_products/47874.webp,3000
サーフゴーex 【SAR】{087/062}[SV3a],G,087/062,SAR,"¥3,000","¥2,100","¥1,500",¥750,¥150,,"¥3,000",https://files.cardrush.media/pokemon/ocha_products/47876.webp,3000
タケルライコex 【SAR】{095/071}[SV5K],H,095/071,SAR,"¥3,000","¥2,100","¥1,500",¥750,¥150,,"¥3,000",https://files.cardrush.media/pokemon/ocha_products/53296.webp,3000
サザンドラex 【SAR】{171/086}[SV11W],I,171/086,SAR,"¥3,000","¥2,100","¥1,500",¥750,¥150,,"¥3,000",https://files.cardrush.media/pokemon/ocha_products/67580.webp,3000
メガフシギバナex 【SAR】{087/063}[M1L],I,087/063,SAR,"¥3,000","¥2,100","¥1,500",¥750,¥150,,"¥3,000",https://files.cardrush.media/pokemon/ocha_products/70046.webp,3000
パルキアGX 【SR】{069/066}[sm5m],B,069/066,SR,"¥3,000","¥2,100","¥1,500",¥750,¥150,,"¥3,000",https://files.cardrush.media/pokemon/ocha_products/1102.webp,3000
カメックスGX 【SR】{057/054}[SM9b],C,057/054,SR,"¥3,000","¥2,100","¥1,500",¥750,¥150,,"¥3,000",https://files.cardrush.media/pokemon/ocha_products/3119.webp,3000
シルヴァディGX SA【SR】{065/049}[sm11b],C,065/049,SR,"¥3,000","¥2,100","¥1,500",¥750,¥150,,"¥3,000",https://files.cardrush.media/pokemon/ocha_products/5199.webp,3000
メガミミロップ＆プリンGX 【SR】{103/095}[sm12],C,103/095,SR,"¥3,000","¥2,100","¥1,500",¥750,¥150,,"¥3,000",https://files.cardrush.media/pokemon/ocha_products/5484.webp,3000
グレイシアV 【SR】{076/069}[S6a],E,076/069,SR,"¥3,000","¥2,100","¥1,500",¥750,¥150,,"¥3,000",https://files.cardrush.media/pokemon/ocha_products/20742.webp,3000
はくばバドレックスV SA【SR】{073/070}[S6H],E,073/070,SR,"¥3,000","¥2,100","¥1,500",¥750,¥150,,"¥3,000",https://files.cardrush.media/pokemon/ocha_products/20193.webp,3000
ミュウツーV 【SR】{073/071}[S10b],F,073/071,SR,"¥3,000","¥2,100","¥1,500",¥750,¥150,,"¥3,000",https://files.cardrush.media/pokemon/ocha_products/35809.webp,3000
ルギアV 【SR】{109/098}[S12],F,109/098,SR,"¥3,000","¥2,100","¥1,500",¥750,¥150,,"¥3,000",https://files.cardrush.media/pokemon/ocha_products/37611.webp,3000
ピカチュウ 【CHR】{073/071}[S10a],F,073/071,CHR,"¥3,000","¥2,100","¥1,500",¥750,¥150,,"¥3,000",https://files.cardrush.media/pokemon/ocha_products/35352.webp,3000
ガラルファイヤーV 【UR】{422/414}[SI],E,422/414,UR,"¥3,000","¥1,900","¥1,300",¥600,¥150,,"¥3,000",https://files.cardrush.media/pokemon/ocha_products/23755.webp,3000
ジガルデGX 【SSR】{225/150}[sm8b],B,225/150,SSR,"¥3,000","¥1,900","¥1,300",¥600,¥150,,"¥3,000",https://files.cardrush.media/pokemon/ocha_products/2270.webp,3000
メタグロスGX 【SSR】{234/150}[sm8b],A,234/150,SSR,"¥3,000","¥1,900","¥1,300",¥600,¥150,,"¥3,000",https://files.cardrush.media/pokemon/ocha_products/2429.webp,3000
かがやくリザードン 【K】{011/071}[S10b],F,011/071,K,"¥3,000","¥1,900","¥1,300",¥600,¥150,,"¥3,000",https://files.cardrush.media/pokemon/ocha_products/35737.webp,3000
エネルギーつけかえ 【UR】{093/068}[S11a],I,093/068,UR,"¥3,000","¥1,900","¥1,300",¥600,¥150,,"¥3,000",https://files.cardrush.media/pokemon/ocha_products/37032.webp,3000
ボスの指令/カラスバ SR仕様【-】{760/742}[MC],I,760/742,-,"¥3,000","¥1,900","¥1,300",¥600,¥150,,"¥3,000",https://files.cardrush.media/pokemon/ocha_products/75871.webp,3000
リーリエの決心 【SR】{086/063}[M1L],I,086/063,SR,"¥3,000","¥1,900","¥1,300",¥600,¥150,,"¥3,000",https://files.cardrush.media/pokemon/ocha_products/70045.webp,3000
ピカチュウ 【S】{236/190}[SV4a],G,236/190,S,"¥3,000","¥1,900","¥1,300",¥600,¥150,,"¥3,000",https://files.cardrush.media/pokemon/ocha_products/50965.webp,3000
まけんきハチマキ 【P】{109/SV-P}[PROMO],G,109/SV-P,P,"¥3,000","¥1,900","¥1,300",¥600,¥150,,"¥3,000",https://files.cardrush.media/pokemon/ocha_products/47561.webp,3000
ヒビキのホウオウex 【P】{254/SV-P}[その他],I,254/SV-P,P,"¥3,000","¥1,900","¥1,300",¥600,¥150,,"¥3,000",https://files.cardrush.media/pokemon/ocha_products/64720.webp,3000
ルギア 【P】{237/SM-P}[その他],B,237/SM-P,P,"¥3,000","¥1,900","¥1,300",¥600,¥150,,"¥3,000",https://files.cardrush.media/pokemon/ocha_products/1626.webp,3000
ケンタロスGX 【P】{263/SM-P}[その他],A,263/SM-P,P,"¥3,000","¥1,900","¥1,300",¥600,¥150,,"¥3,000",https://files.cardrush.media/pokemon/ocha_products/571.webp,3000
カイリューVSTAR 【HR】{086/071}[S10b],F,086/071,HR,"¥3,000","¥1,900","¥1,300",¥600,¥150,,"¥3,000",https://files.cardrush.media/pokemon/ocha_products/35814.webp,3000
デンリュウGX 【HR】{059/052}[sm8a],B,059/052,HR,"¥3,000","¥1,900","¥1,300",¥600,¥150,,"¥3,000",https://files.cardrush.media/pokemon/ocha_products/1962.webp,3000
カプ・コケコGX 【HR】{058/050}[sm2K],A,058/050,HR,"¥3,000","¥1,900","¥1,300",¥600,¥150,,"¥3,000",https://files.cardrush.media/pokemon/ocha_products/369.webp,3000
アーゴヨンGX 【HR】{058/050}[sm5+],B,058/050,HR,"¥3,000","¥1,900","¥1,300",¥600,¥150,,"¥3,000",https://files.cardrush.media/pokemon/ocha_products/124.webp,3000
まんたんのくすり 【UR】{061/050}[sm2K],A,061/050,UR,"¥3,000","¥1,900","¥1,300",¥600,¥150,,"¥3,000",https://files.cardrush.media/pokemon/ocha_products/1481.webp,3000
ポケモンキャッチャー 【P】{XY-P}[その他],G,XY-P,P,"¥3,000","¥1,900","¥1,300",¥600,¥150,,"¥3,000",https://files.cardrush.media/pokemon/ocha_products/1828.webp,3000
ピカチュウ＆ゼクロムGX 【RR】{041/173}[sm12a],C,041/173,RR,"¥3,000","¥1,900","¥1,300",¥600,¥150,,"¥3,000",https://files.cardrush.media/pokemon/ocha_products/5778.webp,3000
ピカチュウ＆ゼクロムGX 【RR】{031/095}[sm9],C,031/095,RR,"¥3,000","¥1,900","¥1,300",¥600,¥150,,"¥3,000",https://files.cardrush.media/pokemon/ocha_products/2628.webp,3000
ミュウツー＆ミュウGX 【RR】{029/094}[sm11],C,029/094,RR,"¥3,000","¥1,900","¥1,300",¥600,¥150,,"¥3,000",https://files.cardrush.media/pokemon/ocha_products/4540.webp,3000
ミュウツー＆ミュウGX 【RR】{052/173}[sm12a],C,052/173,RR,"¥3,000","¥1,900","¥1,300",¥600,¥150,,"¥3,000",https://files.cardrush.media/pokemon/ocha_products/5796.webp,3000
リザードンVMAX RRR仕様/sC【-】{002/021}[sC],D,002/021,-,"¥3,000","¥1,900","¥1,300",¥600,¥150,,"¥3,000",https://files.cardrush.media/pokemon/ocha_products/7801.webp,3000
すごいつりざお DS【-】{018/020}[DS],G,018/020,-,"¥3,000","¥1,900","¥1,300",¥600,¥150,,"¥3,000",https://files.cardrush.media/pokemon/ocha_products/1818.webp,3000
モノマネむすめ 【-】{063/128}[その他],E,063/128,-,"¥3,000","¥1,900","¥1,300",¥600,¥150,,"¥3,000",https://files.cardrush.media/pokemon/ocha_products/4091.webp,3000
イーブイ 【P】{295/SM-P}[その他],B,295/SM-P,P,"¥3,000","¥1,900","¥1,300",¥600,¥150,,"¥3,000",https://files.cardrush.media/pokemon/ocha_products/3632.webp,3000
マリィ SR仕様/英語版【-】{SWSH121}[その他],M,SWSH121,-,"¥3,000","¥1,900","¥1,300",¥600,¥150,,"¥3,000",https://files.cardrush.media/pokemon/ocha_products/22031.webp,3000
ラプラスGX 【SR】{061/060}[sm1S],A,061/060,SR,"¥2,900","¥2,100","¥1,400",¥650,¥90,,"¥3,300",https://files.cardrush.media/pokemon/ocha_products/1563.webp,2900
サーナイト 【R】{028/052}[BW3],BW,028/052,R,"¥2,900","¥1,400",¥550,¥250,¥80,,"¥3,300",https://files.cardrush.media/pokemon/ocha_products/55126.webp,2900
スイクン 【-】{010/036}[CP5],EX,010/036,-,"¥2,900","¥1,400",¥550,¥250,¥80,,"¥3,300",https://files.cardrush.media/pokemon/ocha_products/18483.webp,2900
ピカチュウ 【-】{001/011}[その他],状態減額大,001/011,-,"¥2,900","¥1,400",¥550,¥250,¥80,,"¥3,300",https://files.cardrush.media/pokemon/ocha_products/20969.webp,2900
ギャラドスEX 【RR】{018/080}[その他],EX,018/080,RR,"¥2,900","¥1,400",¥550,¥250,¥80,,"¥3,300",https://files.cardrush.media/pokemon/ocha_products/4053.webp,2900
ベルのまごころ 【SAR】{097/071}[SV5M],H,097/071,SAR,"¥2,800","¥1,900","¥1,300",¥600,¥90,,"¥3,000",https://files.cardrush.media/pokemon/ocha_products/53327.webp,2800
スグリ 【SAR】{129/101}[SV6],H,129/101,SAR,"¥2,800","¥1,900","¥1,400",¥700,¥100,,"¥2,800",https://files.cardrush.media/pokemon/ocha_products/55726.webp,2800
トドロクツキex 【SAR】{090/066}[SV4K],G,090/066,SAR,"¥2,800","¥1,900","¥1,300",¥600,¥90,,"¥3,000",https://files.cardrush.media/pokemon/ocha_products/49653.webp,2800
テラパゴスex 【SAR】{130/102}[SV7],H,130/102,SAR,"¥2,800","¥1,900","¥1,300",¥600,¥90,,"¥3,000",https://files.cardrush.media/pokemon/ocha_products/58240.webp,2800
パルキアGX 【SR】{051/050}[sm5+],B,051/050,SR,"¥2,800","¥2,000","¥1,400",¥600,¥90,,"¥3,200",https://files.cardrush.media/pokemon/ocha_products/1105.webp,2800
マーシャドー＆カイリキーGX 【SR】{100/095}[sm10],C,100/095,SR,"¥2,800","¥1,900","¥1,400",¥700,¥100,,"¥2,800",https://files.cardrush.media/pokemon/ocha_products/3395.webp,2800
トルネロスV SA【SR】{079/070}[S6H],E,079/070,SR,"¥2,800","¥1,900","¥1,400",¥700,¥100,,"¥2,800",https://files.cardrush.media/pokemon/ocha_products/20199.webp,2800
ミジュマル 【AR】{102/086}[SV11W],I,102/086,AR,"¥2,800","¥1,900","¥1,300",¥600,¥90,,"¥3,000",https://files.cardrush.media/pokemon/ocha_products/67511.webp,2800
ピカチュウ 【C】{015/050}[sm4A],PIKA,015/050,C,"¥2,800","¥1,400",¥550,¥250,¥80,,"¥3,200",https://files.cardrush.media/pokemon/ocha_products/1128.webp,2800
アーマードミュウツー 【P】{365/SM-P}[その他],状態減額大,365/SM-P,P,"¥2,800","¥1,400",¥550,¥250,¥80,,"¥3,200",https://files.cardrush.media/pokemon/ocha_products/5047.webp,2800
ヌオー 【S】{170/150}[sm8b],B,170/150,S,"¥2,800","¥1,800","¥1,200",¥550,¥100,,"¥2,800",https://files.cardrush.media/pokemon/ocha_products/2337.webp,2800
トゲデマル 【P】{110/SM-P}[その他],A,110/SM-P,P,"¥2,800","¥1,800","¥1,200",¥550,¥100,,"¥2,800",https://files.cardrush.media/pokemon/ocha_products/19923.webp,2800
ネクロズマGX 【HR】{059/051}[sm3N],A,059/051,HR,"¥2,800","¥1,800","¥1,200",¥550,¥100,,"¥2,800",https://files.cardrush.media/pokemon/ocha_products/989.webp,2800
ケンタロスGX 【HR】{070/060}[sm1M],A,070/060,HR,"¥2,800","¥1,800","¥1,200",¥550,¥100,,"¥2,800",https://files.cardrush.media/pokemon/ocha_products/570.webp,2800
シロナの覇気 【SAR】{239/172}[S12a],F,239/172,SAR,"¥2,700","¥1,900","¥1,300",¥600,¥90,,"¥3,000",https://files.cardrush.media/pokemon/ocha_products/38419.webp,2700
ボスの指令/ゲーチス 【SAR】{100/073}[SV1a],G,100/073,SAR,"¥2,700","¥1,900","¥1,300",¥600,¥90,,"¥3,000",https://files.cardrush.media/pokemon/ocha_products/40602.webp,2700
チリ 【SAR】{088/062}[SV3a],G,088/062,SAR,"¥2,700","¥1,800","¥1,300",¥650,¥100,,"¥2,700",https://files.cardrush.media/pokemon/ocha_products/47877.webp,2700
サイトウ 【SR】{109/100}[s4],D,109/100,SR,"¥2,700","¥1,800","¥1,300",¥650,¥100,,"¥2,700",https://files.cardrush.media/pokemon/ocha_products/14597.webp,2700
イーブイex 【SAR】{224/187}[SV8a],H,224/187,SAR,"¥2,700","¥1,900","¥1,300",¥600,¥90,,"¥3,000",https://files.cardrush.media/pokemon/ocha_products/62025.webp,2700
ボーマンダex 【SAR】{129/100}[SV9],I,129/100,SAR,"¥2,700","¥1,900","¥1,300",¥600,¥90,,"¥3,000",https://files.cardrush.media/pokemon/ocha_products/63638.webp,2700
ジラーチex 30th【SAR】{132/103}[M6a],J,132/103,SAR,"¥2,700","¥1,800","¥1,300",¥650,¥100,,"¥2,700",https://files.cardrush.media/pokemon/ocha_products/85237.webp,2700
カプ・レヒレGX 【SR】{052/049}[sm2+],A,052/049,SR,"¥2,700","¥1,900","¥1,300",¥600,¥90,,"¥3,000",https://files.cardrush.media/pokemon/ocha_products/388.webp,2700
ホワイトキュレムGX 【SR】{057/053}[sm6a],B,057/053,SR,"¥2,700","¥1,900","¥1,300",¥600,¥90,,"¥3,000",https://files.cardrush.media/pokemon/ocha_products/1406.webp,2700
ボーマンダGX 【SR】{072/066}[sm6b],B,072/066,SR,"¥2,700","¥1,900","¥1,300",¥600,¥90,,"¥3,000",https://files.cardrush.media/pokemon/ocha_products/1313.webp,2700
マルマインGX 【SR】{068/066}[sm6b],B,068/066,SR,"¥2,700","¥1,900","¥1,300",¥600,¥90,,"¥3,000",https://files.cardrush.media/pokemon/ocha_products/1476.webp,2700
スイクンGX 【SR】{098/095}[sm8],B,098/095,SR,"¥2,700","¥1,800","¥1,300",¥650,¥100,,"¥2,700",https://files.cardrush.media/pokemon/ocha_products/1858.webp,2700
ゴルーグV SA【SR】{070/067}[S7D],E,070/067,SR,"¥2,700","¥1,800","¥1,300",¥650,¥100,,"¥2,700",https://files.cardrush.media/pokemon/ocha_products/21447.webp,2700
カイリューV 【SR】{073/067}[S7R],E,073/067,SR,"¥2,700","¥1,800","¥1,300",¥650,¥100,,"¥2,700",https://files.cardrush.media/pokemon/ocha_products/21473.webp,2700
ゲンガーex 【SR】{088/071}[SV5K],H,088/071,SR,"¥2,700","¥1,900","¥1,300",¥600,¥90,,"¥3,000",https://files.cardrush.media/pokemon/ocha_products/53289.webp,2700
メガズルズキンex ※表面加工エラー【MA】{231/193}[M2a],I,231/193,MA,"¥2,700","¥1,900","¥1,300",¥600,¥90,,"¥3,000",https://files.cardrush.media/pokemon/ocha_products/74767.webp,2700
メガディアンシーex ※表面加工エラー【MA】{227/193}[M2a],I,227/193,MA,"¥2,700","¥1,900","¥1,300",¥600,¥90,,"¥3,000",https://files.cardrush.media/pokemon/ocha_products/74763.webp,2700
ワニノコ LV.13 【-】{旧裏}[その他],,旧裏,-,"¥2,700","¥1,000",¥400,¥200,¥60,,"¥3,000",https://files.cardrush.media/pokemon/ocha_products/76926.webp,2700
アリゲイツ LV.41 【-】{旧裏}[その他],,旧裏,-,"¥2,700","¥1,000",¥400,¥200,¥60,,"¥3,000",https://files.cardrush.media/pokemon/ocha_products/76927.webp,2700
チコリータ LV.19 【-】{旧裏}[その他],,旧裏,-,"¥2,700","¥1,000",¥400,¥200,¥60,,"¥3,000",https://files.cardrush.media/pokemon/ocha_products/76929.webp,2700
ベイリーフ LV.33 【-】{旧裏}[その他],,旧裏,-,"¥2,700","¥1,000",¥400,¥200,¥60,,"¥3,000",https://files.cardrush.media/pokemon/ocha_products/76930.webp,2700
ヒノアラシ LV.14 【-】{旧裏}[その他],,旧裏,-,"¥2,700","¥1,000",¥400,¥200,¥60,,"¥3,000",https://files.cardrush.media/pokemon/ocha_products/76932.webp,2700
マグマラシ LV.28 【-】{旧裏}[その他],,旧裏,-,"¥2,700","¥1,000",¥400,¥200,¥60,,"¥3,000",https://files.cardrush.media/pokemon/ocha_products/76933.webp,2700
プリン LV.10 【-】{旧裏}[その他],,旧裏,-,"¥2,700","¥1,000",¥400,¥200,¥60,,"¥3,000",https://files.cardrush.media/pokemon/ocha_products/76969.webp,2700
ラティオス 【P】{146/XY-P}[XY],PROMO,146/XY-P,P,"¥2,700","¥1,300",¥500,¥250,¥80,,"¥3,000",https://files.cardrush.media/pokemon/ocha_products/72373.webp,2700
グラードン 【P】{144/XY-P}[XY],PROMO,144/XY-P,P,"¥2,700","¥1,300",¥500,¥250,¥80,,"¥3,000",https://files.cardrush.media/pokemon/ocha_products/72371.webp,2700
ルカリオ 【P】{214/XY-P}[XY],PROMO,214/XY-P,P,"¥2,700","¥1,300",¥500,¥250,¥80,,"¥3,000",https://files.cardrush.media/pokemon/ocha_products/72400.webp,2700
ガチゴラスEX 【P】{133/XY-P}[XY],PROMO,133/XY-P,P,"¥2,700","¥1,300",¥500,¥250,¥80,,"¥3,000",https://files.cardrush.media/pokemon/ocha_products/72367.webp,2700
フライゴン 【P】{168/BW-P}[BW-P],PROMO,168/BW-P,P,"¥2,700","¥1,300",¥500,¥250,¥80,,"¥3,000",https://files.cardrush.media/pokemon/ocha_products/71291.webp,2700
プラズマ団のしたっぱ 【P】{176/BW-P}[BW-P],PROMO,176/BW-P,P,"¥2,700","¥1,300",¥500,¥250,¥80,,"¥3,000",https://files.cardrush.media/pokemon/ocha_products/71297.webp,2700
名探偵ピカチュウ 【U】{014/024}[smP2],PIKA,014/024,U,"¥2,700","¥1,300",¥500,¥250,¥80,,"¥3,000",https://files.cardrush.media/pokemon/ocha_products/4425.webp,2700
キモリ 【P】{037/PCG-P}[その他],PROMO,037/PCG-P,P,"¥2,700","¥1,300",¥500,¥250,¥80,,"¥3,000",https://files.cardrush.media/pokemon/ocha_products/18881.webp,2700
グラードン 【P】{027/ADV-P}[その他],状態減額大,027/ADV-P,P,"¥2,700","¥1,300",¥500,¥250,¥80,,"¥3,000",https://files.cardrush.media/pokemon/ocha_products/20931.webp,2700
サーナイト 【P】{070/PCG-P}[P-P],-,070/PCG-P,P,"¥2,700","¥1,300",¥500,¥250,¥80,,"¥3,000",https://files.cardrush.media/pokemon/ocha_products/66247.webp,2700
ポッポ 【-】{031/052}[-],-,031/052,-,"¥2,700","¥1,300",¥500,¥250,¥80,,"¥3,000",https://files.cardrush.media/pokemon/ocha_products/66285.webp,2700
メタモン 【★】{072/082}[-],-,072/082,★,"¥2,700","¥1,300",¥500,¥250,¥80,,"¥3,000",https://files.cardrush.media/pokemon/ocha_products/66286.webp,2700
オドシシ 【★】{086/106}[-],-,086/106,★,"¥2,700","¥1,300",¥500,¥250,¥80,,"¥3,000",https://files.cardrush.media/pokemon/ocha_products/66284.webp,2700
R団のソーナンス 【★】{065/084}[その他],-,065/084,★,"¥2,700","¥1,300",¥500,¥250,¥80,,"¥3,000",https://files.cardrush.media/pokemon/ocha_products/84688.webp,2700
ヘルガー 【★】{018/106}[その他],-,018/106,★,"¥2,700","¥1,300",¥500,¥250,¥80,,"¥3,000",https://files.cardrush.media/pokemon/ocha_products/84695.webp,2700
カブトプス 【★】{054/086}[その他],-,054/086,★,"¥2,700","¥1,300",¥500,¥250,¥80,,"¥3,000",https://files.cardrush.media/pokemon/ocha_products/84715.webp,2700
リザードンソウルリンク 【U】{083/087}[CP6],XY,083/087,U,"¥2,700","¥1,300",¥500,¥250,¥80,,"¥3,000",https://files.cardrush.media/pokemon/ocha_products/19771.webp,2700
ピカチュウ 【P】{218/SV-P}[その他],,218/SV-P,P,"¥2,700","¥1,300",¥500,¥250,¥80,,"¥3,000",https://files.cardrush.media/pokemon/ocha_products/58432.webp,2700
ピカチュウ 【-】{011/049}[MMB青],PIKA,011/049,-,"¥2,700","¥1,300",¥500,¥250,¥80,,"¥3,000",https://files.cardrush.media/pokemon/ocha_products/1119.webp,2700
ピチュー 【★】{024/053}[ADV2],状態減額大,024/053,★,"¥2,700","¥1,300",¥500,¥250,¥80,,"¥3,000",https://files.cardrush.media/pokemon/ocha_products/20952.webp,2700
レシラム 【P】{161/XY-P}[その他],EX,161/XY-P,P,"¥2,700","¥1,300",¥500,¥250,¥80,,"¥3,000",https://files.cardrush.media/pokemon/ocha_products/39064.webp,2700
ピチューδ-デルタ種 【-】{044/052}[その他],EX,044/052,-,"¥2,700","¥1,300",¥500,¥250,¥80,,"¥3,000",https://files.cardrush.media/pokemon/ocha_products/56609.webp,2700
ラティオスex 【-】{012/019}[その他],HOF,012/019,-,"¥2,700","¥1,300",¥500,¥250,¥80,,"¥3,000",https://files.cardrush.media/pokemon/ocha_products/3897.webp,2700
ドサイドンLV.X 【★】{-}[その他],EX,-,★,"¥2,700","¥1,300",¥500,¥250,¥80,,"¥3,000",https://files.cardrush.media/pokemon/ocha_products/58601.webp,2700
グライオンLV.X 【-】{-}[その他],EX,-,-,"¥2,700","¥1,300",¥500,¥250,¥80,,"¥3,000",https://files.cardrush.media/pokemon/ocha_products/58606.webp,2700
ドラピオンLV.X 【P】{123/DP-P}[その他],EX,123/DP-P,P,"¥2,700","¥1,300",¥500,¥250,¥80,,"¥3,000",https://files.cardrush.media/pokemon/ocha_products/58618.webp,2700
ポリゴンZLV.X 【P】{075/DP-P}[その他],EX,075/DP-P,P,"¥2,700","¥1,300",¥500,¥250,¥80,,"¥3,000",https://files.cardrush.media/pokemon/ocha_products/58604.webp,2700
ポリゴンZLV.X 【★】{-}[その他],EX,-,★,"¥2,700","¥1,300",¥500,¥250,¥80,,"¥3,000",https://files.cardrush.media/pokemon/ocha_products/58605.webp,2700
レジギガスLV.X 【★】{080/092}[その他],EX,080/092,★,"¥2,700","¥1,300",¥500,¥250,¥80,,"¥3,000",https://files.cardrush.media/pokemon/ocha_products/58613.webp,2700
ケンタロス 【P】{049/PCG-P}[その他],EX,049/PCG-P,P,"¥2,700","¥1,300",¥500,¥250,¥80,,"¥3,000",https://files.cardrush.media/pokemon/ocha_products/59109.webp,2700
オムスターBREAK 【RR】{017/078}[XY10],,017/078,RR,"¥2,700","¥1,300",¥500,¥250,¥80,,"¥3,000",https://files.cardrush.media/pokemon/ocha_products/63113.webp,2700
サザンドラBREAK 【RR】{043/054}[XY11],,043/054,RR,"¥2,700","¥1,300",¥500,¥250,¥80,,"¥3,000",https://files.cardrush.media/pokemon/ocha_products/63110.webp,2700
ハネッコ マクドナルド【P】{029/P}[e],状態減額大,029/P,P,"¥2,700","¥1,300",¥500,¥250,¥80,,"¥3,000",https://files.cardrush.media/pokemon/ocha_products/48153.webp,2700
ドンファン マクドナルド【P】{034/P}[e],状態減額大,034/P,P,"¥2,700","¥1,300",¥500,¥250,¥80,,"¥3,000",https://files.cardrush.media/pokemon/ocha_products/48157.webp,2700
バルキー マクドナルド【P】{023/P}[e],状態減額大,023/P,P,"¥2,700","¥1,300",¥500,¥250,¥80,,"¥3,000",https://files.cardrush.media/pokemon/ocha_products/48160.webp,2700
カメックス Classicキラ【-】{003/032}[CLK],-,003/032,-,"¥2,700","¥1,300",¥500,¥250,¥80,,"¥3,000",https://files.cardrush.media/pokemon/ocha_products/49049.webp,2700
ミュウツー Classicキラ【-】{014/032}[CLK],-,014/032,-,"¥2,700","¥1,300",¥500,¥250,¥80,,"¥3,000",https://files.cardrush.media/pokemon/ocha_products/49060.webp,2700
バティックシャツのピカチュウ ネイティオ柄【P】{154/SV-P}[その他],,154/SV-P,P,"¥2,700","¥1,300",¥500,¥250,¥80,,"¥3,000",https://files.cardrush.media/pokemon/ocha_products/71004.webp,2700
キュレムEX 【RR】{036/093}[EBB],,036/093,RR,"¥2,700","¥1,300",¥500,¥250,¥80,,"¥3,000",https://files.cardrush.media/pokemon/ocha_products/80618.webp,2700
キュレムEX 【RR】{025/081}[XY7],,025/081,RR,"¥2,700","¥1,300",¥500,¥250,¥80,,"¥3,000",https://files.cardrush.media/pokemon/ocha_products/80619.webp,2700
エーフィEX 【RR】{035/080}[XY9],状態減額大,035/080,RR,"¥2,700","¥1,300",¥500,¥250,¥80,,"¥3,000",https://files.cardrush.media/pokemon/ocha_products/235.webp,2700
グラードンEX 【-】{016/049}[その他],EX,016/049,-,"¥2,700","¥1,300",¥500,¥250,¥80,,"¥3,000",https://files.cardrush.media/pokemon/ocha_products/6368.webp,2700
ルカリオEX 【P】{066/XY-P}[その他],EX,066/XY-P,P,"¥2,700","¥1,300",¥500,¥250,¥80,,"¥3,000",https://files.cardrush.media/pokemon/ocha_products/4223.webp,2700
ホウオウEX 【RR】{068/080}[その他],EX,068/080,RR,"¥2,700","¥1,300",¥500,¥250,¥80,,"¥3,000",https://files.cardrush.media/pokemon/ocha_products/3717.webp,2700
タブンネEX 【-】{011/026}[XYH],EX,011/026,-,"¥2,700","¥1,300",¥500,¥250,¥80,,"¥3,000",https://files.cardrush.media/pokemon/ocha_products/6375.webp,2700
アルセウスVSTAR 【UR】{125/100}[S9],F,125/100,UR,"¥2,700","¥1,700","¥1,200",¥500,¥100,,"¥2,700",https://files.cardrush.media/pokemon/ocha_products/24437.webp,2700
シロナのガブリアスex 【P】{255/SV-P}[その他],I,255/SV-P,P,"¥2,700","¥1,700","¥1,200",¥500,¥100,,"¥2,700",https://files.cardrush.media/pokemon/ocha_products/64721.webp,2700
シロナ 【P】{155/S-P}[その他],B,155/S-P,P,"¥2,700","¥1,700","¥1,200",¥500,¥100,,"¥2,700",https://files.cardrush.media/pokemon/ocha_products/18193.webp,2700
ルガルガンGX 【HR】{058/050}[sm2L],A,058/050,HR,"¥2,700","¥1,700","¥1,200",¥500,¥100,,"¥2,700",https://files.cardrush.media/pokemon/ocha_products/1619.webp,2700
モクロー＆アローラナッシーGX 【HR】{063/054}[sm10b],C,063/054,HR,"¥2,700","¥1,700","¥1,200",¥500,¥100,,"¥2,700",https://files.cardrush.media/pokemon/ocha_products/4414.webp,2700
ベトベトン＆アローラベトベトンGX 【HR】{109/095}[sm10],C,109/095,HR,"¥2,700","¥1,700","¥1,200",¥500,¥100,,"¥2,700",https://files.cardrush.media/pokemon/ocha_products/3404.webp,2700
バンギラスGX 【SR】{099/095}[sm8],B,099/095,SR,"¥2,600","¥1,800","¥1,300",¥650,¥100,,"¥2,600",https://files.cardrush.media/pokemon/ocha_products/1873.webp,2600
レジドラゴV SA【SR】{108/098}[S12],F,108/098,SR,"¥2,600","¥1,800","¥1,200",¥550,¥80,,"¥2,800",https://files.cardrush.media/pokemon/ocha_products/37610.webp,2600
ルカリオ 【P】{069/SM-P}[その他],A,069/SM-P,P,"¥2,600","¥1,600","¥1,100",¥500,¥100,,"¥2,600",https://files.cardrush.media/pokemon/ocha_products/19915.webp,2600
カイ 【SAR】{236/172}[S12a],F,236/172,SAR,"¥2,500","¥1,700","¥1,200",¥600,¥100,,"¥2,500",https://files.cardrush.media/pokemon/ocha_products/38416.webp,2500
スイレンのお世話 【SAR】{093/066}[SV5a],H,093/066,SAR,"¥2,500","¥1,700","¥1,200",¥600,¥100,,"¥2,500",https://files.cardrush.media/pokemon/ocha_products/54813.webp,2500
タロ 【SAR】{131/102}[SV7],H,131/102,SAR,"¥2,500","¥1,700","¥1,200",¥600,¥100,,"¥2,500",https://files.cardrush.media/pokemon/ocha_products/58241.webp,2500
ムク 【SAR】{117/081}[M5],J,117/081,SAR,"¥2,500","¥1,700","¥1,200",¥600,¥100,,"¥2,500",https://files.cardrush.media/pokemon/ocha_products/81474.webp,2500
ぼんぐり職人 【SR】{075/066}[sm6b],B,075/066,SR,"¥2,500","¥1,700","¥1,200",¥600,¥100,,"¥2,500",https://files.cardrush.media/pokemon/ocha_products/1407.webp,2500
ジャッジマン 【SR】{066/060}[sm7a],J,066/060,SR,"¥2,500","¥1,700","¥1,200",¥600,¥100,,"¥2,500",https://files.cardrush.media/pokemon/ocha_products/701.webp,2500
エーテル財団職員 【SR】{151/150}[sm8b],B,151/150,SR,"¥2,500","¥1,700","¥1,200",¥600,¥100,,"¥2,500",https://files.cardrush.media/pokemon/ocha_products/2189.webp,2500
ジュジュベ＆ハチクマン 【SR】{194/173}[sm12a],C,194/173,SR,"¥2,500","¥1,700","¥1,200",¥600,¥100,,"¥2,500",https://files.cardrush.media/pokemon/ocha_products/6079.webp,2500
フウロ 【SR】{195/190}[s4a],D,195/190,SR,"¥2,500","¥1,700","¥1,200",¥600,¥100,,"¥2,500",https://files.cardrush.media/pokemon/ocha_products/17344.webp,2500
ヒガナの決意 【SR】{079/067}[S7R],E,079/067,SR,"¥2,500","¥1,700","¥1,200",¥600,¥100,,"¥2,500",https://files.cardrush.media/pokemon/ocha_products/21479.webp,2500
アセロラの予感 【SR】{255/184}[S8b],E,255/184,SR,"¥2,500","¥1,700","¥1,200",¥600,¥100,,"¥2,500",https://files.cardrush.media/pokemon/ocha_products/23031.webp,2500
カイ 【SR】{077/067}[S10P],F,077/067,SR,"¥2,500","¥1,700","¥1,200",¥600,¥100,,"¥2,500",https://files.cardrush.media/pokemon/ocha_products/34766.webp,2500
スイクンV 【SAR】{215/172}[S12a],E,215/172,SAR,"¥2,500","¥1,700","¥1,200",¥600,¥100,,"¥2,500",https://files.cardrush.media/pokemon/ocha_products/38395.webp,2500
ライコウV 【SAR】{218/172}[S12a],F,218/172,SAR,"¥2,500","¥1,700","¥1,200",¥600,¥100,,"¥2,500",https://files.cardrush.media/pokemon/ocha_products/38398.webp,2500
ウェーニバルex 【SAR】{098/073}[SV1a],G,098/073,SAR,"¥2,500","¥1,700","¥1,200",¥600,¥100,,"¥2,500",https://files.cardrush.media/pokemon/ocha_products/40600.webp,2500
ウネルミナモex 【SAR】{094/071}[SV5K],H,094/071,SAR,"¥2,500","¥1,700","¥1,200",¥600,¥100,,"¥2,500",https://files.cardrush.media/pokemon/ocha_products/53295.webp,2500
ゲノセクトex 【SAR】{172/086}[SV11B],I,172/086,SAR,"¥2,500","¥1,700","¥1,200",¥500,¥80,,"¥2,700",https://files.cardrush.media/pokemon/ocha_products/67341.webp,2500
メロエッタex 【SAR】{170/086}[SV11B],I,170/086,SAR,"¥2,500","¥1,700","¥1,200",¥500,¥80,,"¥2,700",https://files.cardrush.media/pokemon/ocha_products/67339.webp,2500
メガラティアスex 【SAR】{088/063}[M1S],I,088/063,SAR,"¥2,500","¥1,700","¥1,200",¥600,¥100,,"¥2,500",https://files.cardrush.media/pokemon/ocha_products/70076.webp,2500
カビゴンV 【SR】{066/060}[s1H],D,066/060,SR,"¥2,500","¥1,700","¥1,200",¥600,¥100,,"¥2,500",https://files.cardrush.media/pokemon/ocha_products/7038.webp,2500
シャワーズV 【SR】{074/069}[S6a],E,074/069,SR,"¥2,500","¥1,700","¥1,200",¥500,¥80,,"¥2,700",https://files.cardrush.media/pokemon/ocha_products/20740.webp,2500
チャーレムV SA【SR】{072/067}[S7R],E,072/067,SR,"¥2,500","¥1,700","¥1,200",¥600,¥100,,"¥2,500",https://files.cardrush.media/pokemon/ocha_products/21472.webp,2500
ロケット団のミュウツーex 【SR】{114/098}[SV10],I,114/098,SR,"¥2,500","¥1,700","¥1,200",¥600,¥100,,"¥2,500",https://files.cardrush.media/pokemon/ocha_products/65274.webp,2500
ミュウ 【AR】{183/172}[S12a],E,183/172,AR,"¥2,500","¥1,700","¥1,200",¥600,¥100,,"¥2,500",https://files.cardrush.media/pokemon/ocha_products/38363.webp,2500
カスミのコダック 【AR】{071/063}[SV9a],I,071/063,AR,"¥2,500","¥1,700","¥1,200",¥600,¥100,,"¥2,500",https://files.cardrush.media/pokemon/ocha_products/64570.webp,2500
ゲンガー 【CHR】{074/071}[S10a],F,074/071,CHR,"¥2,500","¥1,700","¥1,200",¥600,¥100,,"¥2,500",https://files.cardrush.media/pokemon/ocha_products/35353.webp,2500
ラプラス 【★】{022/086}[P5],-,022/086,★,"¥2,500","¥1,200",¥500,¥250,¥70,,"¥2,800",https://files.cardrush.media/pokemon/ocha_products/66267.webp,2500
ニンフィア 【P】{141/XY-P}[その他],状態減額大,141/XY-P,P,"¥2,500","¥1,200",¥500,¥250,¥70,,"¥2,800",https://files.cardrush.media/pokemon/ocha_products/18859.webp,2500
コダックδ-デルタ種 【-】{018/052}[その他],EX,018/052,-,"¥2,500","¥1,200",¥500,¥250,¥70,,"¥2,800",https://files.cardrush.media/pokemon/ocha_products/56550.webp,2500
シルヴァディGX SA【HR】{072/049}[sm11b],C,072/049,HR,"¥2,500","¥1,600","¥1,100",¥500,¥100,,"¥2,500",https://files.cardrush.media/pokemon/ocha_products/5206.webp,2500
ナンジャモのハラバリーex 【UR】{130/100}[SV9],I,130/100,UR,"¥2,500","¥1,600","¥1,100",¥500,¥100,,"¥2,500",https://files.cardrush.media/pokemon/ocha_products/63639.webp,2500
オリジンパルキアVSTAR 【UR】{086/067}[S10P],F,086/067,UR,"¥2,500","¥1,600","¥1,100",¥500,¥100,,"¥2,500",https://files.cardrush.media/pokemon/ocha_products/34775.webp,2500
ツールスクラッパー 【UR】{115/096}[S2],D,115/096,UR,"¥2,500","¥1,600","¥1,100",¥500,¥100,,"¥2,500",https://files.cardrush.media/pokemon/ocha_products/7561.webp,2500
ブレイブバングル 【P】{044/M-P}[PROMO],I,044/M-P,P,"¥2,500","¥1,600","¥1,100",¥500,¥100,,"¥2,500",https://files.cardrush.media/pokemon/ocha_products/71569.webp,2500
ジラーチ 【A】{050/076}[s3a],D,050/076,A,"¥2,500","¥1,600","¥1,100",¥500,¥100,,"¥2,500",https://files.cardrush.media/pokemon/ocha_products/14085.webp,2500
イーブイ 【P】{032/SV-P}[その他],G,032/SV-P,P,"¥2,500","¥1,600","¥1,100",¥500,¥100,,"¥2,500",https://files.cardrush.media/pokemon/ocha_products/40347.webp,2500
モクロー ポケモンカードフェスタ2017【P】{062/SM-P}[その他],A,062/SM-P,P,"¥2,500","¥1,600","¥1,100",¥500,¥100,,"¥2,500",https://files.cardrush.media/pokemon/ocha_products/1532.webp,2500
アローラゴローニャGX 【HR】{056/050}[sm4S],A,056/050,HR,"¥2,500","¥1,600","¥1,100",¥500,¥100,,"¥2,500",https://files.cardrush.media/pokemon/ocha_products/177.webp,2500
クワガノンGX 【HR】{062/051}[sm1+],A,062/051,HR,"¥2,500","¥1,600","¥1,100",¥500,¥100,,"¥2,500",https://files.cardrush.media/pokemon/ocha_products/551.webp,2500
アローラナッシーGX 【HR】{059/050}[sm4A],A,059/050,HR,"¥2,500","¥1,600","¥1,100",¥500,¥100,,"¥2,500",https://files.cardrush.media/pokemon/ocha_products/180.webp,2500
ふつうのつりざお 【UR】{074/060}[s1W],D,074/060,UR,"¥2,500","¥1,600","¥1,100",¥500,¥100,,"¥2,500",https://files.cardrush.media/pokemon/ocha_products/7030.webp,2500
せせらぎの丘 【UR】{118/095}[sm9],A,118/095,UR,"¥2,500","¥1,600","¥1,100",¥500,¥100,,"¥2,500",https://files.cardrush.media/pokemon/ocha_products/2715.webp,2500
ジムバッジ ナツメ【P】{XY-P}[その他],P,XY-P,P,"¥2,500","¥1,200",¥500,¥250,¥70,,"¥2,500",https://files.cardrush.media/pokemon/ocha_products/686.webp,2500
レシラム＆リザードンGX 【RR】{016/173}[sm12a],C,016/173,RR,"¥2,500","¥1,600","¥1,100",¥500,¥100,,"¥2,500",https://files.cardrush.media/pokemon/ocha_products/5734.webp,2500
レシラム＆リザードンGX 【RR】{007/095}[sm10],C,007/095,RR,"¥2,500","¥1,600","¥1,100",¥500,¥100,,"¥2,500",https://files.cardrush.media/pokemon/ocha_products/3302.webp,2500
コイキング＆ホエルオーGX 【RR】{019/095}[sm9],C,019/095,RR,"¥2,500","¥1,600","¥1,100",¥500,¥100,,"¥2,500",https://files.cardrush.media/pokemon/ocha_products/2616.webp,2500
サーナイト＆ニンフィアGX 【RR】{031/055}[SM9a],C,031/055,RR,"¥2,500","¥1,600","¥1,100",¥500,¥100,,"¥2,500",https://files.cardrush.media/pokemon/ocha_products/2898.webp,2500
レシラム＆ゼクロムGX 【RR】{036/049}[sm11b],C,036/049,RR,"¥2,500","¥1,600","¥1,100",¥500,¥100,,"¥2,500",https://files.cardrush.media/pokemon/ocha_products/5170.webp,2500
イーブイ＆カビゴンGX 【RR】{066/095}[sm9],C,066/095,RR,"¥2,500","¥1,600","¥1,100",¥500,¥100,,"¥2,500",https://files.cardrush.media/pokemon/ocha_products/2663.webp,2500
サンダー 【P】{279/SM-P}[その他],C,279/SM-P,P,"¥2,500","¥1,600","¥1,100",¥500,¥100,,"¥2,500",https://files.cardrush.media/pokemon/ocha_products/2577.webp,2500
ミュウツーV RR仕様【P】{273/S-P}[その他],F,273/S-P,P,"¥2,500","¥1,600","¥1,100",¥500,¥100,,"¥2,500",https://files.cardrush.media/pokemon/ocha_products/35807.webp,2500
ダークライ◇ 【PR】{031/066}[sm5s],B,031/066,PR,"¥2,500","¥1,600","¥1,100",¥500,¥100,,"¥2,500",https://files.cardrush.media/pokemon/ocha_products/812.webp,2500
ダークライ◇ 【PR】{077/173}[sm12a],B,077/173,PR,"¥2,500","¥1,600","¥1,100",¥500,¥100,,"¥2,500",https://files.cardrush.media/pokemon/ocha_products/5840.webp,2500
カビゴン 【R】{076/095}[sm10],C,076/095,R,"¥2,500","¥1,600","¥1,100",¥500,¥100,,"¥2,500",https://files.cardrush.media/pokemon/ocha_products/3371.webp,2500
ルギアGX 【RR】{072/095}[sm8],B,072/095,RR,"¥2,500","¥1,600","¥1,100",¥500,¥100,,"¥2,500",https://files.cardrush.media/pokemon/ocha_products/1880.webp,2500
ルギアVSTAR RRR仕様【P】{325/S-P}[その他],F,325/S-P,P,"¥2,500","¥1,600","¥1,100",¥500,¥100,,"¥2,500",https://files.cardrush.media/pokemon/ocha_products/37629.webp,2500
ミュウツーGX 【RR】{017/024}[smP2],C,017/024,RR,"¥2,500","¥1,600","¥1,100",¥500,¥100,,"¥2,500",https://files.cardrush.media/pokemon/ocha_products/4393.webp,2500
ひかるボルケニオン 【H】{028/072}[sm3+],A,028/072,H,"¥2,500","¥1,600","¥1,100",¥500,¥100,,"¥2,500",https://files.cardrush.media/pokemon/ocha_products/1177.webp,2500
ロケット団のアテナ 【SAR】{128/098}[SV10],I,128/098,SAR,"¥2,400","¥1,600","¥1,200",¥600,¥100,,"¥2,400",https://files.cardrush.media/pokemon/ocha_products/65288.webp,2400
ボスの指令/ゲーチス 【SR】{095/073}[SV1a],I,095/073,SR,"¥2,400","¥1,600","¥1,200",¥600,¥100,,"¥2,400",https://files.cardrush.media/pokemon/ocha_products/40597.webp,2400
ダイゴのメタグロスex 【SAR】{245/193}[M2a],I,245/193,SAR,"¥2,400","¥1,600","¥1,200",¥600,¥100,,"¥2,400",https://files.cardrush.media/pokemon/ocha_products/73742.webp,2400
カプ・ブルルGX 【SR】{050/049}[sm2+],A,050/049,SR,"¥2,400","¥1,700","¥1,200",¥500,¥80,,"¥2,700",https://files.cardrush.media/pokemon/ocha_products/385.webp,2400
ルガルガンGX 【SR】{054/049}[sm2+],A,054/049,SR,"¥2,400","¥1,600","¥1,200",¥600,¥100,,"¥2,400",https://files.cardrush.media/pokemon/ocha_products/1624.webp,2400
オンバーンGX 【SR】{055/051}[sm3H],A,055/051,SR,"¥2,400","¥1,700","¥1,200",¥500,¥80,,"¥2,700",https://files.cardrush.media/pokemon/ocha_products/307.webp,2400
イベルタルGX 【SR】{097/094}[sm6],B,097/094,SR,"¥2,400","¥1,600","¥1,200",¥600,¥100,,"¥2,400",https://files.cardrush.media/pokemon/ocha_products/202.webp,2400
オーロット＆ヨノワールGX 【SR】{178/173}[sm12a],C,178/173,SR,"¥2,400","¥1,600","¥1,200",¥600,¥100,,"¥2,400",https://files.cardrush.media/pokemon/ocha_products/6018.webp,2400
ジラーチGX 【SR】{180/173}[sm12a],C,180/173,SR,"¥2,400","¥1,700","¥1,200",¥500,¥80,,"¥2,700",https://files.cardrush.media/pokemon/ocha_products/6020.webp,2400
エーフィV 【SR】{080/069}[S6a],E,080/069,SR,"¥2,400","¥1,600","¥1,200",¥600,¥100,,"¥2,400",https://files.cardrush.media/pokemon/ocha_products/20746.webp,2400
サンダースV 【SR】{078/069}[S6a],E,078/069,SR,"¥2,400","¥1,600","¥1,200",¥600,¥100,,"¥2,400",https://files.cardrush.media/pokemon/ocha_products/20744.webp,2400
ブースターV 【SR】{072/069}[S6a],E,072/069,SR,"¥2,400","¥1,600","¥1,200",¥600,¥100,,"¥2,400",https://files.cardrush.media/pokemon/ocha_products/20738.webp,2400
ヒスイドレディアV SA【SR】{069/067}[S10D],F,069/067,SR,"¥2,400","¥1,600","¥1,200",¥600,¥100,,"¥2,400",https://files.cardrush.media/pokemon/ocha_products/34737.webp,2400
ピカチュウ 【P】{004/P}[その他],状態減額大,004/P,P,"¥2,400","¥1,200",¥450,¥200,¥70,,"¥2,700",https://files.cardrush.media/pokemon/ocha_products/20944.webp,2400
クレセリア 【UR】{087/067}[S7D],E,087/067,UR,"¥2,400","¥1,500","¥1,000",¥450,¥100,,"¥2,400",https://files.cardrush.media/pokemon/ocha_products/21464.webp,2400
ガラルニャイキング 【UR】{113/096}[S2],D,113/096,UR,"¥2,400","¥1,500","¥1,000",¥450,¥100,,"¥2,400",https://files.cardrush.media/pokemon/ocha_products/7559.webp,2400
ふしぎなアメ 【UR】{107/078}[SV1V],I,107/078,UR,"¥2,400","¥1,500","¥1,000",¥450,¥100,,"¥2,400",https://files.cardrush.media/pokemon/ocha_products/39558.webp,2400
カプ・コケコ 【P】{154/SM-P}[その他],A,154/SM-P,P,"¥2,400","¥1,500","¥1,000",¥450,¥100,,"¥2,400",https://files.cardrush.media/pokemon/ocha_products/368.webp,2400
キテルグマ 【P】{087/SM-P}[その他],A,087/SM-P,P,"¥2,400","¥1,500","¥1,000",¥450,¥100,,"¥2,400",https://files.cardrush.media/pokemon/ocha_products/19917.webp,2400
セレビィVMAX 【HR】{084/070}[S6K],E,084/070,HR,"¥2,400","¥1,500","¥1,000",¥450,¥100,,"¥2,400",https://files.cardrush.media/pokemon/ocha_products/20181.webp,2400
グソクムシャGX 【HR】{058/051}[sm3N],A,058/051,HR,"¥2,400","¥1,500","¥1,000",¥450,¥100,,"¥2,400",https://files.cardrush.media/pokemon/ocha_products/527.webp,2400
バシャーモGX 【HR】{106/096}[sm7],B,106/096,HR,"¥2,400","¥1,500","¥1,000",¥450,¥100,,"¥2,400",https://files.cardrush.media/pokemon/ocha_products/1064.webp,2400
アローラベトベトンGX 【HR】{060/051}[sm3H],A,060/051,HR,"¥2,400","¥1,500","¥1,000",¥450,¥100,,"¥2,400",https://files.cardrush.media/pokemon/ocha_products/186.webp,2400
フーパGX 【HR】{060/052}[sm8a],B,060/052,HR,"¥2,400","¥1,500","¥1,000",¥450,¥100,,"¥2,400",https://files.cardrush.media/pokemon/ocha_products/1989.webp,2400
クララ 【HR】{090/070}[S5a],E,090/070,HR,"¥2,400","¥1,500","¥1,000",¥450,¥100,,"¥2,400",https://files.cardrush.media/pokemon/ocha_products/19007.webp,2400
ふしぎなアメ 【P】{136/XY-P}[その他],G,136/XY-P,P,"¥2,400","¥1,500","¥1,000",¥450,¥100,,"¥2,400",https://files.cardrush.media/pokemon/ocha_products/1239.webp,2400
オーロット＆ヨノワールGX 【HR】{213/173}[sm12a],C,213/173,HR,"¥2,400","¥1,500","¥1,000",¥450,¥100,,"¥2,400",https://files.cardrush.media/pokemon/ocha_products/6053.webp,2400
ディアルガGX 【RR】{045/066}[sm5s],B,045/066,RR,"¥2,400","¥1,500","¥1,000",¥450,¥100,,"¥2,400",https://files.cardrush.media/pokemon/ocha_products/918.webp,2400
エリカの招待 【SR】{196/165}[SV2a],G,196/165,SR,"¥2,300","¥1,600","¥1,100",¥550,¥100,,"¥2,300",https://files.cardrush.media/pokemon/ocha_products/43855.webp,2300
ミライドンex 【SAR】{102/078}[SV1V],G,102/078,SAR,"¥2,300","¥1,600","¥1,100",¥500,¥70,,"¥2,500",https://files.cardrush.media/pokemon/ocha_products/39553.webp,2300
パオジアンex 【SAR】{093/071}[SV2P],G,093/071,SAR,"¥2,300","¥1,600","¥1,100",¥500,¥70,,"¥2,500",https://files.cardrush.media/pokemon/ocha_products/41827.webp,2300
グソクムシャex 【SAR】{088/066}[SV4K],G,088/066,SAR,"¥2,300","¥1,600","¥1,100",¥550,¥100,,"¥2,300",https://files.cardrush.media/pokemon/ocha_products/49651.webp,2300
サザンドラex 【SAR】{133/106}[SV8],H,133/106,SAR,"¥2,300","¥1,600","¥1,100",¥500,¥70,,"¥2,500",https://files.cardrush.media/pokemon/ocha_products/60258.webp,2300
メガガルーラex 【SAR】{089/063}[M1S],I,089/063,SAR,"¥2,300","¥1,600","¥1,100",¥500,¥70,,"¥2,500",https://files.cardrush.media/pokemon/ocha_products/70077.webp,2300
チラチーノex 【SAR】{117/083}[M4],J,117/083,SAR,"¥2,300","¥1,600","¥1,100",¥500,¥70,,"¥2,500",https://files.cardrush.media/pokemon/ocha_products/79902.webp,2300
モルペコex 【SAR】{115/081}[M5],J,115/081,SAR,"¥2,300","¥1,600","¥1,100",¥500,¥70,,"¥2,500",https://files.cardrush.media/pokemon/ocha_products/81472.webp,2300
ウルトラネクロズマGX 【SR】{099/094}[sm6],B,099/094,SR,"¥2,300","¥1,600","¥1,100",¥550,¥100,,"¥2,300",https://files.cardrush.media/pokemon/ocha_products/229.webp,2300
デデンネGX 【SR】{057/055}[SM9a],C,057/055,SR,"¥2,300","¥1,600","¥1,100",¥550,¥100,,"¥2,300",https://files.cardrush.media/pokemon/ocha_products/2924.webp,2300
ミミッキュV 【SR】{073/070}[S5I],E,073/070,SR,"¥2,300","¥1,600","¥1,100",¥550,¥100,,"¥2,300",https://files.cardrush.media/pokemon/ocha_products/18234.webp,2300
アンノーンV SA【SR】{103/098}[S12],F,103/098,SR,"¥2,300","¥1,600","¥1,100",¥550,¥100,,"¥2,300",https://files.cardrush.media/pokemon/ocha_products/37605.webp,2300
バシャーモVMAX 【CSR】{217/184}[S8b],E,217/184,CSR,"¥2,300","¥1,600","¥1,100",¥500,¥70,,"¥2,500",https://files.cardrush.media/pokemon/ocha_products/22996.webp,2300
Nのゾロアークex 【UR】{131/100}[SV9],I,131/100,UR,"¥2,300","¥1,400","¥1,000",¥450,¥100,,"¥2,300",https://files.cardrush.media/pokemon/ocha_products/63640.webp,2300
マルマインGX 【SSR】{217/150}[sm8b],B,217/150,SSR,"¥2,300","¥1,400","¥1,000",¥450,¥100,,"¥2,300",https://files.cardrush.media/pokemon/ocha_products/2419.webp,2300
ロケット団のニャース 【P】{259/SV-P}[その他],I,259/SV-P,P,"¥2,300","¥1,400","¥1,000",¥450,¥100,,"¥2,300",https://files.cardrush.media/pokemon/ocha_products/66661.webp,2300
ビクティニ AR仕様【P】{271/SV-P}[PROMO],I,271/SV-P,P,"¥2,300","¥1,400","¥1,000",¥450,¥100,,"¥2,300",https://files.cardrush.media/pokemon/ocha_products/67585.webp,2300
カプ・レヒレ 【P】{153/SM-P}[その他],A,153/SM-P,P,"¥2,300","¥1,400","¥1,000",¥450,¥100,,"¥2,300",https://files.cardrush.media/pokemon/ocha_products/3739.webp,2300
アローラサンド 【P】{077/SM-P}[その他],A,077/SM-P,P,"¥2,300","¥1,400","¥1,000",¥450,¥100,,"¥2,300",https://files.cardrush.media/pokemon/ocha_products/4084.webp,2300
ルガルガン 【P】{221/SM-P}[その他],B,221/SM-P,P,"¥2,300","¥1,400","¥1,000",¥450,¥100,,"¥2,300",https://files.cardrush.media/pokemon/ocha_products/1614.webp,2300
ポケモンだいすきクラブ 【P】{273/SM-P}[その他],B,273/SM-P,P,"¥2,300","¥1,400","¥1,000",¥450,¥100,,"¥2,300",https://files.cardrush.media/pokemon/ocha_products/2122.webp,2300
レッドの挑戦 【P】{370/SM-P}[その他],C,370/SM-P,P,"¥2,300","¥1,400","¥1,000",¥450,¥100,,"¥2,300",https://files.cardrush.media/pokemon/ocha_products/5259.webp,2300
ネクロズマたそがれのたてがみGX 【HR】{074/066}[sm5s],B,074/066,HR,"¥2,300","¥1,400","¥1,000",¥450,¥100,,"¥2,300",https://files.cardrush.media/pokemon/ocha_products/998.webp,2300
ジジーロンGX 【HR】{065/051}[sm1+],A,065/051,HR,"¥2,300","¥1,400","¥1,000",¥450,¥100,,"¥2,300",https://files.cardrush.media/pokemon/ocha_products/664.webp,2300
ソニア 【HR】{082/070}[s1a],D,082/070,HR,"¥2,300","¥1,400","¥1,000",¥450,¥100,,"¥2,300",https://files.cardrush.media/pokemon/ocha_products/7366.webp,2300
サカキのカリスマ 【SAR】{207/165}[SV2a],G,207/165,SAR,"¥2,200","¥1,500","¥1,100",¥550,¥100,,"¥2,200",https://files.cardrush.media/pokemon/ocha_products/43866.webp,2200
オーキド博士のセッティング 【SR】{072/064}[sm11a],C,072/064,SR,"¥2,200","¥1,500","¥1,100",¥550,¥100,,"¥2,200",https://files.cardrush.media/pokemon/ocha_products/5036.webp,2200
フヨウ 【SR】{080/070}[S5I],E,080/070,SR,"¥2,200","¥1,500","¥1,100",¥550,¥100,,"¥2,200",https://files.cardrush.media/pokemon/ocha_products/18246.webp,2200
ナンジャモ 【SR】{091/071}[SV2D],G,091/071,SR,"¥2,200","¥1,600","¥1,100",¥500,¥70,,"¥2,500",https://files.cardrush.media/pokemon/ocha_products/41853.webp,2200
ロケット団のラムダ 【SR】{122/098}[SV10],I,122/098,SR,"¥2,200","¥1,600","¥1,100",¥500,¥70,,"¥2,500",https://files.cardrush.media/pokemon/ocha_products/65282.webp,2200
トウコ 【SR】{166/086}[SV11W],I,166/086,SR,"¥2,200","¥1,600","¥1,100",¥500,¥70,,"¥2,500",https://files.cardrush.media/pokemon/ocha_products/67575.webp,2200
ガチグマアカツキex 【SAR】{091/066}[SV5a],H,091/066,SAR,"¥2,200","¥1,600","¥1,100",¥500,¥70,,"¥2,500",https://files.cardrush.media/pokemon/ocha_products/54811.webp,2200
ラティオスGX 【SR】{099/094}[sm11],C,099/094,SR,"¥2,200","¥1,500","¥1,100",¥550,¥100,,"¥2,200",https://files.cardrush.media/pokemon/ocha_products/4676.webp,2200
リザードンex 【SR】{185/165}[SV2a],G,185/165,SR,"¥2,200","¥1,600","¥1,100",¥500,¥70,,"¥2,500",https://files.cardrush.media/pokemon/ocha_products/43844.webp,2200
ゾロア 【AR】{140/086}[SV11W],I,140/086,AR,"¥2,200","¥1,600","¥1,100",¥500,¥70,,"¥2,500",https://files.cardrush.media/pokemon/ocha_products/67549.webp,2200
フシギソウ LV.23 【-】{旧裏}[その他],,旧裏,-,"¥2,200",¥850,¥350,¥150,¥50,,"¥2,500",https://files.cardrush.media/pokemon/ocha_products/76963.webp,2200
ピジョット LV.39 【-】{旧裏}[その他],,旧裏,-,"¥2,200",¥850,¥350,¥150,¥50,,"¥2,500",https://files.cardrush.media/pokemon/ocha_products/76966.webp,2200
バタフリー LV.37 【-】{旧裏}[その他],,旧裏,-,"¥2,200",¥850,¥350,¥150,¥50,,"¥2,500",https://files.cardrush.media/pokemon/ocha_products/76970.webp,2200
ニャース 【P】{250/XY-P}[その他],EX,250/XY-P,P,"¥2,200","¥1,100",¥400,¥200,¥60,,"¥2,500",https://files.cardrush.media/pokemon/ocha_products/4042.webp,2200
ゾロア 【P】{116/BW-P}[その他],EX,116/BW-P,P,"¥2,200","¥1,100",¥400,¥200,¥60,,"¥2,500",https://files.cardrush.media/pokemon/ocha_products/3699.webp,2200
ライチュウ 【P】{152/BW-P}[その他],,152/BW-P,P,"¥2,200","¥1,100",¥400,¥200,¥60,,"¥2,500",https://files.cardrush.media/pokemon/ocha_products/65237.webp,2200
ラティアス 【P】{145/XY-P}[XY],PROMO,145/XY-P,P,"¥2,200","¥1,100",¥400,¥200,¥60,,"¥2,500",https://files.cardrush.media/pokemon/ocha_products/72372.webp,2200
MプテラEX 【P】{183/XY-P}[XY],PROMO,183/XY-P,P,"¥2,200","¥1,100",¥400,¥200,¥60,,"¥2,500",https://files.cardrush.media/pokemon/ocha_products/72392.webp,2200
ボーマンダ 【P】{124/XY-P}[XY],PROMO,124/XY-P,P,"¥2,200","¥1,100",¥400,¥200,¥60,,"¥2,500",https://files.cardrush.media/pokemon/ocha_products/72362.webp,2200
マグマ団のしたっぱ 【P】{120/XY-P}[XY],PROMO,120/XY-P,P,"¥2,200","¥1,100",¥400,¥200,¥60,,"¥2,500",https://files.cardrush.media/pokemon/ocha_products/72361.webp,2200
どくさいみん光線 【P】{175/BW-P}[その他],EX,175/BW-P,P,"¥2,200","¥1,100",¥400,¥200,¥60,,"¥2,500",https://files.cardrush.media/pokemon/ocha_products/953.webp,2200
ツタージャ 【P】{042/BW-P}[BW-P],PROMO,042/BW-P,P,"¥2,200","¥1,100",¥400,¥200,¥60,,"¥2,500",https://files.cardrush.media/pokemon/ocha_products/71186.webp,2200
ポカブ 【P】{043/BW-P}[BW-P],PROMO,043/BW-P,P,"¥2,200","¥1,100",¥400,¥200,¥60,,"¥2,500",https://files.cardrush.media/pokemon/ocha_products/71187.webp,2200
ミジュマル 【P】{044/BW-P}[BW-P],PROMO,044/BW-P,P,"¥2,200","¥1,100",¥400,¥200,¥60,,"¥2,500",https://files.cardrush.media/pokemon/ocha_products/71188.webp,2200
キバゴ 【P】{050/BW-P}[BW-P],PROMO,050/BW-P,P,"¥2,200","¥1,100",¥400,¥200,¥60,,"¥2,500",https://files.cardrush.media/pokemon/ocha_products/71196.webp,2200
N 【P】{180/BW-P}[BW-P],PROMO,180/BW-P,P,"¥2,200","¥1,100",¥400,¥200,¥60,,"¥2,500",https://files.cardrush.media/pokemon/ocha_products/71301.webp,2200
クロバット 【P】{181/BW-P}[BW-P],PROMO,181/BW-P,P,"¥2,200","¥1,100",¥400,¥200,¥60,,"¥2,500",https://files.cardrush.media/pokemon/ocha_products/71302.webp,2200
ランドロス 【P】{192/BW-P}[BW-P],PROMO,192/BW-P,P,"¥2,200","¥1,100",¥400,¥200,¥60,,"¥2,500",https://files.cardrush.media/pokemon/ocha_products/71304.webp,2200
メタグロス 【P】{197/BW-P}[BW-P],PROMO,197/BW-P,P,"¥2,200","¥1,100",¥400,¥200,¥60,,"¥2,500",https://files.cardrush.media/pokemon/ocha_products/71309.webp,2200
サーナイト 【-】{017/046}[MDB],BW,017/046,-,"¥2,200","¥1,100",¥400,¥200,¥60,,"¥2,500",https://files.cardrush.media/pokemon/ocha_products/55188.webp,2200
カイリュー 【R】{040/051}[BW8],BW,040/051,R,"¥2,200","¥1,100",¥400,¥200,¥60,,"¥2,500",https://files.cardrush.media/pokemon/ocha_products/55406.webp,2200
リザードンGX 【RR】{007/024}[smP2],状態減額大,007/024,RR,"¥2,200","¥1,100",¥400,¥200,¥60,,"¥2,500",https://files.cardrush.media/pokemon/ocha_products/4383.webp,2200
レジギガス 【R】{023/027}[CP2],EX,023/027,R,"¥2,200","¥1,100",¥400,¥200,¥60,,"¥2,500",https://files.cardrush.media/pokemon/ocha_products/18528.webp,2200
チラチーノ 【U】{019/020}[SC],,019/020,U,"¥2,200","¥1,100",¥400,¥200,¥60,,"¥2,500",https://files.cardrush.media/pokemon/ocha_products/47119.webp,2200
マグマ団のグラードン 【-】{019/033}[その他],-,019/033,-,"¥2,200","¥1,100",¥400,¥200,¥60,,"¥2,500",https://files.cardrush.media/pokemon/ocha_products/84734.webp,2200
ウツボット 【★】{003/086}[その他],-,003/086,★,"¥2,200","¥1,100",¥400,¥200,¥60,,"¥2,500",https://files.cardrush.media/pokemon/ocha_products/84709.webp,2200
ピカチュウ 【C】{023/052}[BW3],状態減額大,023/052,C,"¥2,200","¥1,100",¥400,¥200,¥60,,"¥2,500",https://files.cardrush.media/pokemon/ocha_products/20968.webp,2200
イーブイ 【P】{243/SM-P}[その他],状態減額大,243/SM-P,P,"¥2,200","¥1,100",¥400,¥200,¥60,,"¥2,500",https://files.cardrush.media/pokemon/ocha_products/6417.webp,2200
リザード 【C】{004/032}[CP3],状態減額大,004/032,C,"¥2,200","¥1,100",¥400,¥200,¥60,,"¥2,500",https://files.cardrush.media/pokemon/ocha_products/18536.webp,2200
リザードδ-デルタ種 【P】{133/PCG-P}[その他],EX,133/PCG-P,P,"¥2,200","¥1,100",¥400,¥200,¥60,,"¥2,500",https://files.cardrush.media/pokemon/ocha_products/56522.webp,2200
リザードδ-デルタ種 【-】{005/016}[その他],EX,005/016,-,"¥2,200","¥1,100",¥400,¥200,¥60,,"¥2,500",https://files.cardrush.media/pokemon/ocha_products/56523.webp,2200
イーブイδ-デルタ種 【-】{073/086}[その他],EX,073/086,-,"¥2,200","¥1,100",¥400,¥200,¥60,,"¥2,500",https://files.cardrush.media/pokemon/ocha_products/56576.webp,2200
プテラδ-デルタ種 【-】{009/052}[その他],EX,009/052,-,"¥2,200","¥1,100",¥400,¥200,¥60,,"¥2,500",https://files.cardrush.media/pokemon/ocha_products/56584.webp,2200
キモリδ-デルタ種 【P】{131/PCG-P}[その他],EX,131/PCG-P,P,"¥2,200","¥1,100",¥400,¥200,¥60,,"¥2,500",https://files.cardrush.media/pokemon/ocha_products/56638.webp,2200
ムウマージGLLV.X 【P】{011/DPt-P}[その他],EX,011/DPt-P,P,"¥2,200","¥1,100",¥400,¥200,¥60,,"¥2,500",https://files.cardrush.media/pokemon/ocha_products/58640.webp,2200
ポケパークのジラーチ 【P】{050/PCG-P}[その他],EX,050/PCG-P,P,"¥2,200","¥1,100",¥400,¥200,¥60,,"¥2,500",https://files.cardrush.media/pokemon/ocha_products/59111.webp,2200
イベルタルBREAK 【RR】{034/054}[その他],EX,034/054,RR,"¥2,200","¥1,100",¥400,¥200,¥60,,"¥2,500",https://files.cardrush.media/pokemon/ocha_products/3927.webp,2200
ゾロアークBREAK 【RR】{037/059}[XY8青],EX,037/059,RR,"¥2,200","¥1,100",¥400,¥200,¥60,,"¥2,500",https://files.cardrush.media/pokemon/ocha_products/807.webp,2200
ゾロアークBREAK 【-】{075/171}[XY],EX,075/171,-,"¥2,200","¥1,100",¥400,¥200,¥60,,"¥2,500",https://files.cardrush.media/pokemon/ocha_products/806.webp,2200
ロコン マクドナルド【-】{005/018}[e],状態減額大,005/018,-,"¥2,200","¥1,100",¥400,¥200,¥60,,"¥2,500",https://files.cardrush.media/pokemon/ocha_products/48311.webp,2200
サンド マクドナルド【-】{016/018}[e],状態減額大,016/018,-,"¥2,200","¥1,100",¥400,¥200,¥60,,"¥2,500",https://files.cardrush.media/pokemon/ocha_products/48319.webp,2200
ゴマゾウ マクドナルド【-】{017/018}[e],状態減額大,017/018,-,"¥2,200","¥1,100",¥400,¥200,¥60,,"¥2,500",https://files.cardrush.media/pokemon/ocha_products/48320.webp,2200
バティックシャツのピカチュウ ピカチュウ柄緑【P】{101/SV-P}[その他],,101/SV-P,P,"¥2,200","¥1,100",¥400,¥200,¥60,,"¥2,500",https://files.cardrush.media/pokemon/ocha_products/71003.webp,2200
MジュカインEX 【-】{007/131}[その他],EX,007/131,-,"¥2,200","¥1,100",¥400,¥200,¥60,,"¥2,500",https://files.cardrush.media/pokemon/ocha_products/4029.webp,2200
MライボルトEX 【RR】{024/088}[その他],EX,024/088,RR,"¥2,200","¥1,100",¥400,¥200,¥60,,"¥2,500",https://files.cardrush.media/pokemon/ocha_products/3916.webp,2200
MオニゴーリEX 【RR】{015/059}[XY8],,015/059,RR,"¥2,200","¥1,100",¥400,¥200,¥60,,"¥2,500",https://files.cardrush.media/pokemon/ocha_products/80612.webp,2200
ダークライEX ノーマル仕様【-】{012/048}[EXB01],EX,012/048,-,"¥2,200","¥1,100",¥400,¥200,¥60,,"¥2,500",https://files.cardrush.media/pokemon/ocha_products/6102.webp,2200
ガブリアスEX XY激アツ始動キャンペーン【P】{010/XY-P}[その他],EX,010/XY-P,P,"¥2,200","¥1,100",¥400,¥200,¥60,,"¥2,500",https://files.cardrush.media/pokemon/ocha_products/21960.webp,2200
ふしぎなアメ LEGEND【U】{071/080}[その他],I,071/080,U,"¥2,200","¥1,400",¥950,¥400,¥100,,"¥2,200",https://files.cardrush.media/pokemon/ocha_products/4261.webp,2200
ふしぎなアメ LEGEND【-】{009/014}[その他],I,009/014,-,"¥2,200","¥1,400",¥950,¥400,¥100,,"¥2,200",https://files.cardrush.media/pokemon/ocha_products/48754.webp,2200
いたずら好きのピチュー 【P】{214/S-P}[その他],F,214/S-P,P,"¥2,200","¥1,400",¥950,¥400,¥100,,"¥2,200",https://files.cardrush.media/pokemon/ocha_products/35635.webp,2200
ヒスイバクフーンV RR仕様【P】{308/S-P}[PROMO],F,308/S-P,P,"¥2,200","¥1,400",¥950,¥400,¥100,,"¥2,200",https://files.cardrush.media/pokemon/ocha_products/37305.webp,2200
ハリマロン 【P】{260/SM-P}[その他],B,260/SM-P,P,"¥2,200","¥1,400",¥950,¥400,¥100,,"¥2,200",https://files.cardrush.media/pokemon/ocha_products/19953.webp,2200
デデンネ 【P】{215/SM-P}[その他],B,215/SM-P,P,"¥2,200","¥1,400",¥950,¥400,¥100,,"¥2,200",https://files.cardrush.media/pokemon/ocha_products/3644.webp,2200
トゲデマル 【P】{039/SM-P}[その他],A,039/SM-P,P,"¥2,200","¥1,400",¥950,¥400,¥100,,"¥2,200",https://files.cardrush.media/pokemon/ocha_products/3642.webp,2200
ミミッキュ 【P】{294/SM-P}[その他],A,294/SM-P,P,"¥2,200","¥1,400",¥950,¥400,¥100,,"¥2,200",https://files.cardrush.media/pokemon/ocha_products/2821.webp,2200
エリカ 【P】{362/SM-P}[その他],C,362/SM-P,P,"¥2,200","¥1,400",¥950,¥400,¥100,,"¥2,200",https://files.cardrush.media/pokemon/ocha_products/5050.webp,2200
フェローチェGX 【HR】{121/114}[sm4+],A,121/114,HR,"¥2,200","¥1,400",¥950,¥400,¥100,,"¥2,200",https://files.cardrush.media/pokemon/ocha_products/1221.webp,2200
クチートGX 【HR】{065/054}[sm10a],C,065/054,HR,"¥2,200","¥1,400",¥950,¥400,¥100,,"¥2,200",https://files.cardrush.media/pokemon/ocha_products/4007.webp,2200
アーゴヨン＆アクジキングGX 【HR】{113/095}[sm12],C,113/095,HR,"¥2,200","¥1,400",¥950,¥400,¥100,,"¥2,200",https://files.cardrush.media/pokemon/ocha_products/5494.webp,2200
ミミッキュ 【R】{020/050}[sm2L],A,020/050,R,"¥2,200","¥1,400",¥950,¥400,¥100,,"¥2,200",https://files.cardrush.media/pokemon/ocha_products/1805.webp,2200
ミミッキュGX 【RR】{038/050}[sm7b],B,038/050,RR,"¥2,200","¥1,400",¥950,¥400,¥100,,"¥2,200",https://files.cardrush.media/pokemon/ocha_products/1747.webp,2200
エーフィGX 【RR】{024/060}[sm1S],A,024/060,RR,"¥2,200","¥1,400",¥950,¥400,¥100,,"¥2,200",https://files.cardrush.media/pokemon/ocha_products/239.webp,2200
ヒカリ 【SAR】{115/080}[M2],I,115/080,SAR,"¥2,100","¥1,500","¥1,000",¥450,¥70,,"¥2,400",https://files.cardrush.media/pokemon/ocha_products/71718.webp,2100
メガピクシーex 【SAR】{112/080}[M3],J,112/080,SAR,"¥2,100","¥1,400","¥1,000",¥450,¥60,,"¥2,300",https://files.cardrush.media/pokemon/ocha_products/78739.webp,2100
ギャラドスV 【SR】{070/067}[S7R],E,070/067,SR,"¥2,100","¥1,400","¥1,000",¥450,¥60,,"¥2,300",https://files.cardrush.media/pokemon/ocha_products/21470.webp,2100
ロトムV SA【SR】{104/100}[S11],F,104/100,SR,"¥2,100","¥1,400","¥1,000",¥450,¥60,,"¥2,300",https://files.cardrush.media/pokemon/ocha_products/36371.webp,2100
カビゴン 【C】{057/078}[その他],,057/078,C,"¥2,100","¥1,000",¥400,¥200,¥60,,"¥2,400",https://files.cardrush.media/pokemon/ocha_products/66055.webp,2100
じてんしゃ 【U】{054/059}[その他],EX,054/059,U,"¥2,100","¥1,000",¥400,¥200,¥60,,"¥2,400",https://files.cardrush.media/pokemon/ocha_products/6207.webp,2100
ピチュー 【★】{031/070}[L1],状態減額大,031/070,★,"¥2,100","¥1,000",¥400,¥200,¥60,,"¥2,400",https://files.cardrush.media/pokemon/ocha_products/20893.webp,2100
キュウコン 【R】{015/087}[CP6],XY,015/087,R,"¥2,100","¥1,000",¥400,¥200,¥60,,"¥2,400",https://files.cardrush.media/pokemon/ocha_products/19714.webp,2100
ピカチュウ 【P】{024/S-P}[その他],PIKA,024/S-P,P,"¥2,100","¥1,000",¥400,¥200,¥60,,"¥2,400",https://files.cardrush.media/pokemon/ocha_products/7623.webp,2100
ガラルフリーザーV 【UR】{420/414}[SI],E,420/414,UR,"¥2,100","¥1,300",¥900,¥400,¥100,,"¥2,100",https://files.cardrush.media/pokemon/ocha_products/23753.webp,2100
ウツロイドGX 【SSR】{222/150}[sm8b],A,222/150,SSR,"¥2,100","¥1,300",¥900,¥400,¥100,,"¥2,100",https://files.cardrush.media/pokemon/ocha_products/2181.webp,2100
ピカチュウ&ゼクロムGX 30th/復刻版【-】{160/103}[M6a],J,160/103,-,"¥2,100","¥1,300",¥900,¥400,¥100,,"¥2,100",https://files.cardrush.media/pokemon/ocha_products/85134.webp,2100
ジャラランガGX 【HR】{059/050}[sm2K],A,059/050,HR,"¥2,100","¥1,300",¥900,¥400,¥100,,"¥2,100",https://files.cardrush.media/pokemon/ocha_products/707.webp,2100
グルーシャ 【SAR】{095/071}[SV2P],G,095/071,SAR,"¥2,000","¥1,400","¥1,000",¥500,¥100,,"¥2,000",https://files.cardrush.media/pokemon/ocha_products/41829.webp,2000
ビワ 【SAR】{096/071}[SV5K],H,096/071,SAR,"¥2,000","¥1,400","¥1,000",¥500,¥100,,"¥2,000",https://files.cardrush.media/pokemon/ocha_products/53297.webp,2000
ミカンのまなざし 【SAR】{135/106}[SV8],H,135/106,SAR,"¥2,000","¥1,400",¥950,¥400,¥60,,"¥2,200",https://files.cardrush.media/pokemon/ocha_products/60260.webp,2000
ハラ 【SR】{055/050}[sm2K],A,055/050,SR,"¥2,000","¥1,400","¥1,000",¥500,¥100,,"¥2,000",https://files.cardrush.media/pokemon/ocha_products/1092.webp,2000
デンジ 【SR】{071/066}[sm5m],B,071/066,SR,"¥2,000","¥1,400","¥1,000",¥500,¥100,,"¥2,000",https://files.cardrush.media/pokemon/ocha_products/935.webp,2000
ザオボー 【SR】{103/095}[sm8],B,103/095,SR,"¥2,000","¥1,400","¥1,000",¥500,¥100,,"¥2,000",https://files.cardrush.media/pokemon/ocha_products/1899.webp,2000
アンズ 【SR】{062/055}[SM9a],C,062/055,SR,"¥2,000","¥1,400",¥950,¥400,¥60,,"¥2,200",https://files.cardrush.media/pokemon/ocha_products/2929.webp,2000
サカキの追放 【SR】{105/095}[sm10],C,105/095,SR,"¥2,000","¥1,400","¥1,000",¥500,¥100,,"¥2,000",https://files.cardrush.media/pokemon/ocha_products/3400.webp,2000
溶接工 【SR】{106/095}[sm10],C,106/095,SR,"¥2,000","¥1,400","¥1,000",¥500,¥100,,"¥2,000",https://files.cardrush.media/pokemon/ocha_products/3401.webp,2000
きとうし 【SR】{105/094}[sm11],C,105/094,SR,"¥2,000","¥1,400","¥1,000",¥500,¥100,,"¥2,000",https://files.cardrush.media/pokemon/ocha_products/4688.webp,2000
コルニの気合い 【SR】{079/070}[S5R],E,079/070,SR,"¥2,000","¥1,400","¥1,000",¥500,¥100,,"¥2,000",https://files.cardrush.media/pokemon/ocha_products/18265.webp,2000
カミツレのきらめき 【SR】{246/172}[S12a],E,246/172,SR,"¥2,000","¥1,400","¥1,000",¥500,¥100,,"¥2,000",https://files.cardrush.media/pokemon/ocha_products/38426.webp,2000
ミモザ 【SR】{100/078}[SV1V],G,100/078,SR,"¥2,000","¥1,400","¥1,000",¥450,¥60,,"¥2,300",https://files.cardrush.media/pokemon/ocha_products/39551.webp,2000
エンテイV 【SAR】{213/172}[S12a],F,213/172,SAR,"¥2,000","¥1,400","¥1,000",¥500,¥100,,"¥2,000",https://files.cardrush.media/pokemon/ocha_products/38393.webp,2000
ヒスイゾロアークVSTAR 【SAR】{234/172}[S12a],F,234/172,SAR,"¥2,000","¥1,400","¥1,000",¥500,¥100,,"¥2,000",https://files.cardrush.media/pokemon/ocha_products/38414.webp,2000
ルカリオVSTAR 【SAR】{226/172}[S12a],F,226/172,SAR,"¥2,000","¥1,400","¥1,000",¥500,¥100,,"¥2,000",https://files.cardrush.media/pokemon/ocha_products/38406.webp,2000
ピジョットex 【SAR】{136/108}[SV3],G,136/108,SAR,"¥2,000","¥1,400","¥1,000",¥500,¥100,,"¥2,000",https://files.cardrush.media/pokemon/ocha_products/45927.webp,2000
テツノブジンex 【SAR】{089/066}[SV4M],G,089/066,SAR,"¥2,000","¥1,400","¥1,000",¥500,¥100,,"¥2,000",https://files.cardrush.media/pokemon/ocha_products/49681.webp,2000
テツノイサハex 【SAR】{093/071}[SV5M],H,093/071,SAR,"¥2,000","¥1,400","¥1,000",¥500,¥100,,"¥2,000",https://files.cardrush.media/pokemon/ocha_products/53323.webp,2000
モモワロウex 【SAR】{090/064}[SV6a],H,090/064,SAR,"¥2,000","¥1,400","¥1,000",¥500,¥100,,"¥2,000",https://files.cardrush.media/pokemon/ocha_products/57379.webp,2000
オドリドリex 【SAR】{111/080}[M2],I,111/080,SAR,"¥2,000","¥1,400","¥1,000",¥500,¥100,,"¥2,000",https://files.cardrush.media/pokemon/ocha_products/71714.webp,2000
メガユキメノコex 【SAR】{233/193}[M2a],I,233/193,SAR,"¥2,000","¥1,400","¥1,000",¥500,¥100,,"¥2,000",https://files.cardrush.media/pokemon/ocha_products/73730.webp,2000
モクロー＆アローラナッシーGX 【SR】{055/054}[sm10b],C,055/054,SR,"¥2,000","¥1,400","¥1,000",¥500,¥100,,"¥2,000",https://files.cardrush.media/pokemon/ocha_products/4407.webp,2000
ビクティニV 【SR】{072/070}[S5R],E,072/070,SR,"¥2,000","¥1,400","¥1,000",¥500,¥100,,"¥2,000",https://files.cardrush.media/pokemon/ocha_products/18252.webp,2000
ニンフィアV 【SR】{082/069}[S6a],E,082/069,SR,"¥2,000","¥1,400","¥1,000",¥500,¥100,,"¥2,000",https://files.cardrush.media/pokemon/ocha_products/20748.webp,2000
ゲノセクトV SA【SR】{109/100}[S8],E,109/100,SR,"¥2,000","¥1,400","¥1,000",¥500,¥100,,"¥2,000",https://files.cardrush.media/pokemon/ocha_products/22194.webp,2000
ジラーチV 【SR】{071/067}[S10D],F,071/067,SR,"¥2,000","¥1,400","¥1,000",¥500,¥100,,"¥2,000",https://files.cardrush.media/pokemon/ocha_products/34739.webp,2000
リザードンex 【SR】{125/108}[SV3],G,125/108,SR,"¥2,000","¥1,400",¥950,¥400,¥60,,"¥2,200",https://files.cardrush.media/pokemon/ocha_products/45916.webp,2000
メガリザードンXex 【SR】{094/080}[M2],I,094/080,SR,"¥2,000","¥1,400","¥1,000",¥500,¥100,,"¥2,000",https://files.cardrush.media/pokemon/ocha_products/71697.webp,2000
メガレックウザex 【SR】{095/076}[M6],J,095/076,SR,"¥2,000","¥1,400","¥1,000",¥500,¥100,,"¥2,000",https://files.cardrush.media/pokemon/ocha_products/83030.webp,2000
コダック 【AR】{175/165}[SV2a],G,175/165,AR,"¥2,000","¥1,400","¥1,000",¥500,¥100,,"¥2,000",https://files.cardrush.media/pokemon/ocha_products/43834.webp,2000
ゼニガメ 【AR】{170/165}[SV2a],G,170/165,AR,"¥2,000","¥1,400","¥1,000",¥500,¥100,,"¥2,000",https://files.cardrush.media/pokemon/ocha_products/43829.webp,2000
モルペコV-UNION 【CSR】{226/184~229/184}[S8b],E,226/184~229/184,CSR,"¥2,000","¥1,400","¥1,000",¥500,¥100,,"¥2,000",https://files.cardrush.media/pokemon/ocha_products/23005.webp,2000
アグノムLv.55 【★】{-}[その他],HOF,-,★,"¥2,000","¥1,000",¥400,¥200,¥60,,"¥2,300",https://files.cardrush.media/pokemon/ocha_products/3712.webp,2000
チリーンδ-デルタ種 【P】{128/PCG-P}[その他],EX,128/PCG-P,P,"¥2,000","¥1,000",¥400,¥200,¥60,,"¥2,300",https://files.cardrush.media/pokemon/ocha_products/56674.webp,2000
チョンチー マクドナルド【-】{011/018}[e],状態減額大,011/018,-,"¥2,000","¥1,000",¥400,¥200,¥60,,"¥2,300",https://files.cardrush.media/pokemon/ocha_products/48315.webp,2000
ネイティ マクドナルド【-】{015/018}[e],状態減額大,015/018,-,"¥2,000","¥1,000",¥400,¥200,¥60,,"¥2,300",https://files.cardrush.media/pokemon/ocha_products/48318.webp,2000
メガゲンガーex 【MA】{230/193}[M2a],I,230/193,MA,"¥2,000","¥1,300",¥900,¥400,¥100,,"¥2,000",https://files.cardrush.media/pokemon/ocha_products/73727.webp,2000
ミュウex 【SSR】{327/190}[SV4a],G,327/190,SSR,"¥2,000","¥1,300",¥900,¥400,¥100,,"¥2,000",https://files.cardrush.media/pokemon/ocha_products/51056.webp,2000
リザードンex 【SSR】{331/190}[SV4a],G,331/190,SSR,"¥2,000","¥1,300",¥900,¥400,¥100,,"¥2,000",https://files.cardrush.media/pokemon/ocha_products/51060.webp,2000
エリカのモンジャラ AR仕様【-】{743/742}[MC],J,743/742,-,"¥2,000","¥1,300",¥900,¥400,¥100,,"¥2,000",https://files.cardrush.media/pokemon/ocha_products/75854.webp,2000
イーブイ AR仕様【-】{020/019}[MEE],J,020/019,-,"¥2,000","¥1,300",¥900,¥400,¥100,,"¥2,000",https://files.cardrush.media/pokemon/ocha_products/82986.webp,2000
ポケギア3.0 LEGEND【U】{064/070}[L1],I,064/070,U,"¥2,000","¥1,300",¥900,¥400,¥100,,"¥2,000",https://files.cardrush.media/pokemon/ocha_products/3655.webp,2000
セレビィ 【A】{009/076}[s3a],D,009/076,A,"¥2,000","¥1,300",¥900,¥400,¥100,,"¥2,000",https://files.cardrush.media/pokemon/ocha_products/14044.webp,2000
レックウザV RR仕様【P】{210/S-P}[その他],E,210/S-P,P,"¥2,000","¥1,300",¥900,¥400,¥100,,"¥2,000",https://files.cardrush.media/pokemon/ocha_products/21494.webp,2000
エネくじ 【P】{309/S-P}[PROMO],F,309/S-P,P,"¥2,000","¥1,300",¥900,¥400,¥100,,"¥2,000",https://files.cardrush.media/pokemon/ocha_products/36806.webp,2000
ニャビー 【P】{063/SM-P}[その他],A,063/SM-P,P,"¥2,000","¥1,300",¥900,¥400,¥100,,"¥2,000",https://files.cardrush.media/pokemon/ocha_products/4039.webp,2000
トゲデマル 【P】{011/SM-P}[その他],A,011/SM-P,P,"¥2,000","¥1,300",¥900,¥400,¥100,,"¥2,000",https://files.cardrush.media/pokemon/ocha_products/19894.webp,2000
ネクロズマGX 【P】{220/SM-P}[その他],A,220/SM-P,P,"¥2,000","¥1,300",¥900,¥400,¥100,,"¥2,000",https://files.cardrush.media/pokemon/ocha_products/990.webp,2000
マオ 【P】{246/SM-P}[その他],A,246/SM-P,P,"¥2,000","¥1,300",¥900,¥400,¥100,,"¥2,000",https://files.cardrush.media/pokemon/ocha_products/1445.webp,2000
ともだちてちょう 【P】{329/SM-P}[その他],D,329/SM-P,P,"¥2,000","¥1,300",¥900,¥400,¥100,,"¥2,000",https://files.cardrush.media/pokemon/ocha_products/4442.webp,2000
アルセウスVSTAR 【HR】{120/100}[S9],F,120/100,HR,"¥2,000","¥1,300",¥900,¥400,¥100,,"¥2,000",https://files.cardrush.media/pokemon/ocha_products/24432.webp,2000
ラランテスGX 【HR】{067/060}[sm1M],A,067/060,HR,"¥2,000","¥1,300",¥900,¥400,¥100,,"¥2,000",https://files.cardrush.media/pokemon/ocha_products/1567.webp,2000
プテラGX 【HR】{110/094}[sm11],C,110/094,HR,"¥2,000","¥1,300",¥900,¥400,¥100,,"¥2,000",https://files.cardrush.media/pokemon/ocha_products/4679.webp,2000
カミツルギGX 【HR】{058/050}[sm4S],A,058/050,HR,"¥2,000","¥1,300",¥900,¥400,¥100,,"¥2,000",https://files.cardrush.media/pokemon/ocha_products/395.webp,2000
カトレア 【HR】{088/070}[S6K],E,088/070,HR,"¥2,000","¥1,300",¥900,¥400,¥100,,"¥2,000",https://files.cardrush.media/pokemon/ocha_products/20185.webp,2000
ダートじてんしゃ 【UR】{110/096}[sm7],B,110/096,UR,"¥2,000","¥1,300",¥900,¥400,¥100,,"¥2,000",https://files.cardrush.media/pokemon/ocha_products/830.webp,2000
ポケナビ 【UR】{085/066}[sm6b],B,085/066,UR,"¥2,000","¥1,300",¥900,¥400,¥100,,"¥2,000",https://files.cardrush.media/pokemon/ocha_products/1318.webp,2000
学習装置 【UR】{090/070}[S5I],G,090/070,UR,"¥2,000","¥1,300",¥900,¥400,¥100,,"¥2,000",https://files.cardrush.media/pokemon/ocha_products/18243.webp,2000
セレビィ＆フシギバナGX 【RR】{001/095}[sm9],C,001/095,RR,"¥2,000","¥1,300",¥900,¥400,¥100,,"¥2,000",https://files.cardrush.media/pokemon/ocha_products/2598.webp,2000
フェローチェ＆マッシブーンGX 【HR】{063/054}[SM9b],C,063/054,HR,"¥2,000","¥1,300",¥900,¥400,¥100,,"¥2,000",https://files.cardrush.media/pokemon/ocha_products/3125.webp,2000
ライチュウ＆アローラライチュウGX 【RR】{008/054}[sm10a],C,008/054,RR,"¥2,000","¥1,300",¥900,¥400,¥100,,"¥2,000",https://files.cardrush.media/pokemon/ocha_products/3950.webp,2000
メガヤミラミ＆バンギラスGX 【RR】{054/094}[sm11],C,054/094,RR,"¥2,000","¥1,300",¥900,¥400,¥100,,"¥2,000",https://files.cardrush.media/pokemon/ocha_products/4565.webp,2000
ラティアス＆ラティオスGX 【RR】{060/095}[sm9],C,060/095,RR,"¥2,000","¥1,300",¥900,¥400,¥100,,"¥2,000",https://files.cardrush.media/pokemon/ocha_products/2657.webp,2000
ファイヤー＆サンダー＆フリーザーGX 【RR】{102/173}[sm12a],C,102/173,RR,"¥2,000","¥1,300",¥900,¥400,¥100,,"¥2,000",https://files.cardrush.media/pokemon/ocha_products/5880.webp,2000
ファイヤー＆サンダー＆フリーザーGX 【RR】{035/054}[sm10b],C,035/054,RR,"¥2,000","¥1,300",¥900,¥400,¥100,,"¥2,000",https://files.cardrush.media/pokemon/ocha_products/4356.webp,2000
ファイヤー 【P】{277/SM-P}[その他],C,277/SM-P,P,"¥2,000","¥1,300",¥900,¥400,¥100,,"¥2,000",https://files.cardrush.media/pokemon/ocha_products/2578.webp,2000
ゲンガー 【U】{033/095}[sm10],C,033/095,U,"¥2,000","¥1,300",¥900,¥400,¥100,,"¥2,000",https://files.cardrush.media/pokemon/ocha_products/3328.webp,2000
エーフィVMAX RRR仕様【-】{004/004}[SP4],E,004/004,-,"¥2,000","¥1,300",¥900,¥400,¥100,,"¥2,000",https://files.cardrush.media/pokemon/ocha_products/20723.webp,2000
ゲンガーVMAX RRR仕様【-】{002/019}[SGG],E,002/019,-,"¥2,000","¥1,300",¥900,¥400,¥100,,"¥2,000",https://files.cardrush.media/pokemon/ocha_products/20609.webp,2000
レックウザVMAX RRR仕様【-】{016/030}[SO],E,016/030,-,"¥2,000","¥1,300",¥900,¥400,¥100,,"¥2,000",https://files.cardrush.media/pokemon/ocha_products/37839.webp,2000
ルギアV RR仕様【P】{324/S-P}[その他],F,324/S-P,P,"¥2,000","¥1,300",¥900,¥400,¥100,,"¥2,000",https://files.cardrush.media/pokemon/ocha_products/37628.webp,2000
カビゴンVMAX 【RRR】{046/060}[s1H],D,046/060,RRR,"¥2,000","¥1,300",¥900,¥400,¥100,,"¥2,000",https://files.cardrush.media/pokemon/ocha_products/6966.webp,2000
カスミの水さばき 【-】{021/031}[SMK],C,021/031,-,"¥2,000","¥1,300",¥900,¥400,¥100,,"¥2,000",https://files.cardrush.media/pokemon/ocha_products/3055.webp,2000
リーリエ 【TR】{053/054}[sm10b],A,053/054,TR,"¥2,000","¥1,300",¥900,¥400,¥100,,"¥2,000",https://files.cardrush.media/pokemon/ocha_products/4373.webp,2000
ピカチュウ 【P】{001/SV-P}[その他],G,001/SV-P,P,"¥2,000","¥1,300",¥900,¥400,¥100,,"¥2,000",https://files.cardrush.media/pokemon/ocha_products/38014.webp,2000
ピカチュウ R仕様【P】{272/S-P}[その他],F,272/S-P,P,"¥2,000","¥1,300",¥900,¥400,¥100,,"¥2,000",https://files.cardrush.media/pokemon/ocha_products/35808.webp,2000
デオキシスVSTAR 【SAR】{223/172}[S12a],F,223/172,SAR,"¥1,900","¥1,300",¥900,¥400,¥60,,"¥2,000",https://files.cardrush.media/pokemon/ocha_products/38403.webp,1900
カミツオロチex 【SAR】{127/102}[SV7],H,127/102,SAR,"¥1,900","¥1,300",¥900,¥400,¥60,,"¥2,000",https://files.cardrush.media/pokemon/ocha_products/58237.webp,1900
アローラキュウコンGX 【SR】{053/050}[sm7b],B,053/050,SR,"¥1,900","¥1,400",¥950,¥400,¥60,,"¥2,200",https://files.cardrush.media/pokemon/ocha_products/1745.webp,1900
グラードン 【AR】{069/062}[SV3a],G,069/062,AR,"¥1,900","¥1,300",¥900,¥400,¥60,,"¥2,000",https://files.cardrush.media/pokemon/ocha_products/47858.webp,1900
R団のサンダー 25th【P】{008/025}[S8a-P],その他,008/025,P,"¥1,900",¥950,¥350,¥150,¥50,,"¥2,200",https://files.cardrush.media/pokemon/ocha_products/22386.webp,1900
ギラティナ 【P】{284/XY-P}[その他],EX,284/XY-P,P,"¥1,900",¥950,¥350,¥150,¥50,,"¥2,200",https://files.cardrush.media/pokemon/ocha_products/500.webp,1900
オニドリル 【P】{115/XY-P}[XY],PROMO,115/XY-P,P,"¥1,900",¥950,¥350,¥150,¥50,,"¥2,200",https://files.cardrush.media/pokemon/ocha_products/72358.webp,1900
アクア団のしたっぱ 【P】{119/XY-P}[XY],PROMO,119/XY-P,P,"¥1,900",¥950,¥350,¥150,¥50,,"¥2,200",https://files.cardrush.media/pokemon/ocha_products/72360.webp,1900
チョロネコ 【P】{149/BW-P}[BW-P],PROMO,149/BW-P,P,"¥1,900",¥950,¥350,¥150,¥50,,"¥2,200",https://files.cardrush.media/pokemon/ocha_products/71277.webp,1900
ホロンのレアコイル 【★】{072/086}[-],-,072/086,★,"¥1,900",¥950,¥350,¥150,¥50,,"¥2,200",https://files.cardrush.media/pokemon/ocha_products/66281.webp,1900
ラッキー 【R】{068/087}[CP6],XY,068/087,R,"¥1,900",¥950,¥350,¥150,¥50,,"¥2,200",https://files.cardrush.media/pokemon/ocha_products/19760.webp,1900
イーブイ 【P】{326/SM-P}[その他],状態減額大,326/SM-P,P,"¥1,900",¥950,¥350,¥150,¥50,,"¥2,200",https://files.cardrush.media/pokemon/ocha_products/4315.webp,1900
ザマゼンタV 【UR】{073/060}[s1H],D,073/060,UR,"¥1,900","¥1,200",¥850,¥350,¥90,,"¥1,900",https://files.cardrush.media/pokemon/ocha_products/7045.webp,1900
オンバーンGX 【SSR】{241/150}[sm8b],A,241/150,SSR,"¥1,900","¥1,200",¥850,¥350,¥90,,"¥1,900",https://files.cardrush.media/pokemon/ocha_products/2197.webp,1900
レックウザEX 30th/復刻版【-】{154/103}[M6a],J,154/103,-,"¥1,900","¥1,200",¥850,¥350,¥90,,"¥1,900",https://files.cardrush.media/pokemon/ocha_products/85128.webp,1900
メタモン 【S】{309/190}[SV4a],G,309/190,S,"¥1,900","¥1,200",¥850,¥350,¥90,,"¥1,900",https://files.cardrush.media/pokemon/ocha_products/51038.webp,1900
ラティアス コロコロイチバン【P】{119/SV-P}[PROMO],G,119/SV-P,P,"¥1,900","¥1,200",¥850,¥350,¥90,,"¥1,900",https://files.cardrush.media/pokemon/ocha_products/50553.webp,1900
マーシャドー 【P】{155/SM-P}[その他],A,155/SM-P,P,"¥1,900","¥1,200",¥850,¥350,¥90,,"¥1,900",https://files.cardrush.media/pokemon/ocha_products/1428.webp,1900
マーシャドーGX 【P】{116/SM-P}[その他],A,116/SM-P,P,"¥1,900","¥1,200",¥850,¥350,¥90,,"¥1,900",https://files.cardrush.media/pokemon/ocha_products/1432.webp,1900
サーナイト 【P】{408/SM-P}[その他],C,408/SM-P,P,"¥1,900","¥1,200",¥850,¥350,¥90,,"¥1,900",https://files.cardrush.media/pokemon/ocha_products/6140.webp,1900
ロトム図鑑 【P】{015/SM-P}[その他],A,015/SM-P,P,"¥1,900","¥1,200",¥850,¥350,¥90,,"¥1,900",https://files.cardrush.media/pokemon/ocha_products/1698.webp,1900
頂への雪道 【UR】{088/067}[S10D],E,088/067,UR,"¥1,900","¥1,200",¥850,¥350,¥90,,"¥1,900",https://files.cardrush.media/pokemon/ocha_products/34756.webp,1900
ブースターVMAX RRR仕様【-】{001/004}[SP4],E,001/004,-,"¥1,900","¥1,200",¥850,¥350,¥90,,"¥1,900",https://files.cardrush.media/pokemon/ocha_products/20720.webp,1900
ボタン 【SAR】{105/078}[SV1S],G,105/078,SAR,"¥1,800","¥1,200",¥850,¥350,¥50,,"¥1,900",https://files.cardrush.media/pokemon/ocha_products/39526.webp,1800
メロコ 【SAR】{092/066}[SV4K],G,092/066,SAR,"¥1,800","¥1,300",¥900,¥400,¥60,,"¥2,000",https://files.cardrush.media/pokemon/ocha_products/49655.webp,1800
カナリィ 【SAR】{248/193}[M2a],I,248/193,SAR,"¥1,800","¥1,300",¥900,¥400,¥60,,"¥2,000",https://files.cardrush.media/pokemon/ocha_products/73745.webp,1800
ヒガナの信頼 【SAR】{112/076}[M6],J,112/076,SAR,"¥1,800","¥1,200",¥900,¥450,¥90,,"¥1,800",https://files.cardrush.media/pokemon/ocha_products/83047.webp,1800
マツバ 【SR】{055/050}[sm7b],B,055/050,SR,"¥1,800","¥1,200",¥900,¥450,¥90,,"¥1,800",https://files.cardrush.media/pokemon/ocha_products/1767.webp,1800
カリンの信念 【SR】{081/070}[S5a],E,081/070,SR,"¥1,800","¥1,200",¥900,¥450,¥90,,"¥1,800",https://files.cardrush.media/pokemon/ocha_products/18998.webp,1800
モミ 【SR】{081/070}[S5R],E,081/070,SR,"¥1,800","¥1,200",¥900,¥450,¥90,,"¥1,800",https://files.cardrush.media/pokemon/ocha_products/18269.webp,1800
ガラルの仲間たち 【SR】{258/184}[S8b],E,258/184,SR,"¥1,800","¥1,200",¥900,¥450,¥90,,"¥1,800",https://files.cardrush.media/pokemon/ocha_products/23034.webp,1800
シロナの覇気 【SR】{114/100}[S9],F,114/100,SR,"¥1,800","¥1,200",¥900,¥450,¥90,,"¥1,800",https://files.cardrush.media/pokemon/ocha_products/24426.webp,1800
ルチアのアピール 【SR】{086/064}[SV7a],H,086/064,SR,"¥1,800","¥1,200",¥900,¥450,¥90,,"¥1,800",https://files.cardrush.media/pokemon/ocha_products/59574.webp,1800
キチキギスex 【SAR】{089/064}[SV6a],H,089/064,SAR,"¥1,800","¥1,200",¥900,¥450,¥90,,"¥1,800",https://files.cardrush.media/pokemon/ocha_products/57378.webp,1800
アローラナッシーex 【SAR】{089/064}[SV7a],H,089/064,SAR,"¥1,800","¥1,300",¥900,¥400,¥60,,"¥2,000",https://files.cardrush.media/pokemon/ocha_products/59577.webp,1800
トドロクツキex 【SAR】{218/187}[SV8a],G,218/187,SAR,"¥1,800","¥1,300",¥900,¥400,¥60,,"¥2,000",https://files.cardrush.media/pokemon/ocha_products/62019.webp,1800
メガディアンシーex 【SAR】{238/193}[M2a],I,238/193,SAR,"¥1,800","¥1,300",¥900,¥400,¥60,,"¥2,000",https://files.cardrush.media/pokemon/ocha_products/73735.webp,1800
メガジガルデex 【SAR】{113/080}[M3],J,113/080,SAR,"¥1,800","¥1,300",¥900,¥400,¥60,,"¥2,000",https://files.cardrush.media/pokemon/ocha_products/78740.webp,1800
メガスターミーex 【SAR】{111/080}[M3],J,111/080,SAR,"¥1,800","¥1,300",¥900,¥400,¥60,,"¥2,000",https://files.cardrush.media/pokemon/ocha_products/78738.webp,1800
メガゼラオラex 【SAR】{112/081}[M5],J,112/081,SAR,"¥1,800","¥1,200",¥900,¥450,¥90,,"¥1,800",https://files.cardrush.media/pokemon/ocha_products/81469.webp,1800
アシレーヌGX 【SR】{054/051}[sm1+],A,054/051,SR,"¥1,800","¥1,300",¥900,¥400,¥60,,"¥2,000",https://files.cardrush.media/pokemon/ocha_products/149.webp,1800
ガオガエンGX 【SR】{053/051}[sm1+],A,053/051,SR,"¥1,800","¥1,300",¥900,¥400,¥60,,"¥2,000",https://files.cardrush.media/pokemon/ocha_products/335.webp,1800
ラティアスex 【SR】{078/064}[SV7a],H,078/064,SR,"¥1,800","¥1,300",¥900,¥400,¥60,,"¥2,000",https://files.cardrush.media/pokemon/ocha_products/59566.webp,1800
リオル 【AR】{201/172}[S12a],F,201/172,AR,"¥1,800","¥1,200",¥850,¥350,¥50,,"¥1,900",https://files.cardrush.media/pokemon/ocha_products/38381.webp,1800
イッカネズミ 【AR】{081/071}[SV2D],G,081/071,AR,"¥1,800","¥1,200",¥900,¥450,¥90,,"¥1,800",https://files.cardrush.media/pokemon/ocha_products/41843.webp,1800
カスミのラプラス 【AR】{072/063}[SV9a],I,072/063,AR,"¥1,800","¥1,200",¥900,¥450,¥90,,"¥1,800",https://files.cardrush.media/pokemon/ocha_products/64571.webp,1800
ユニラン 【AR】{123/086}[SV11B],I,123/086,AR,"¥1,800","¥1,200",¥900,¥450,¥90,,"¥1,800",https://files.cardrush.media/pokemon/ocha_products/67292.webp,1800
ゾロアーク 【AR】{141/086}[SV11W],I,141/086,AR,"¥1,800","¥1,300",¥900,¥400,¥60,,"¥2,000",https://files.cardrush.media/pokemon/ocha_products/67550.webp,1800
バシャーモV 【CSR】{216/184}[S8b],E,216/184,CSR,"¥1,800","¥1,300",¥900,¥400,¥60,,"¥2,000",https://files.cardrush.media/pokemon/ocha_products/22995.webp,1800
メガリザードンXex 【MA】{223/193}[M2a],I,223/193,MA,"¥1,800","¥1,300",¥900,¥400,¥60,,"¥2,000",https://files.cardrush.media/pokemon/ocha_products/73720.webp,1800
ウソッキー LV.27 【-】{旧裏}[その他],,旧裏,-,"¥1,800",¥700,¥250,¥100,¥40,,"¥2,000",https://files.cardrush.media/pokemon/ocha_products/76944.webp,1800
ゴーゴート 【P】{017/XY-P}[XY],PROMO,017/XY-P,P,"¥1,800",¥900,¥350,¥150,¥50,,"¥2,000",https://files.cardrush.media/pokemon/ocha_products/72301.webp,1800
カイオーガ 【P】{143/XY-P}[XY],PROMO,143/XY-P,P,"¥1,800",¥900,¥350,¥150,¥50,,"¥2,000",https://files.cardrush.media/pokemon/ocha_products/72370.webp,1800
ハクリュー 【P】{132/XY-P}[XY],PROMO,132/XY-P,P,"¥1,800",¥900,¥350,¥150,¥50,,"¥2,000",https://files.cardrush.media/pokemon/ocha_products/72366.webp,1800
ちからのハチマキ ファミ通【P】{019/XY-P}[その他],EX,019/XY-P,P,"¥1,800",¥900,¥350,¥150,¥50,,"¥2,000",https://files.cardrush.media/pokemon/ocha_products/896.webp,1800
みがわりロボ バトルフェスタ2014【P】{XY-P}[その他],EX,XY-P,P,"¥1,800",¥900,¥350,¥150,¥50,,"¥2,000",https://files.cardrush.media/pokemon/ocha_products/1483.webp,1800
オカルトマニア 【P】{173/XY-P}[その他],EX,173/XY-P,P,"¥1,800",¥900,¥350,¥150,¥50,,"¥2,000",https://files.cardrush.media/pokemon/ocha_products/289.webp,1800
ダルマッカ 【P】{048/BW-P}[BW-P],PROMO,048/BW-P,P,"¥1,800",¥900,¥350,¥150,¥50,,"¥2,000",https://files.cardrush.media/pokemon/ocha_products/71194.webp,1800
メグロコ 【P】{113/BW-P}[BW-P],PROMO,113/BW-P,P,"¥1,800",¥900,¥350,¥150,¥50,,"¥2,000",https://files.cardrush.media/pokemon/ocha_products/71255.webp,1800
ワルビル 【P】{114/BW-P}[BW-P],PROMO,114/BW-P,P,"¥1,800",¥900,¥350,¥150,¥50,,"¥2,000",https://files.cardrush.media/pokemon/ocha_products/71256.webp,1800
ウルガモス 【P】{119/BW-P}[BW-P],PROMO,119/BW-P,P,"¥1,800",¥900,¥350,¥150,¥50,,"¥2,000",https://files.cardrush.media/pokemon/ocha_products/71261.webp,1800
オタマロ 【P】{191/BW-P}[BW-P],PROMO,191/BW-P,P,"¥1,800",¥900,¥350,¥150,¥50,,"¥2,000",https://files.cardrush.media/pokemon/ocha_products/71303.webp,1800
ヨノワール 【R】{026/059}[BW6],EX,026/059,R,"¥1,800",¥900,¥350,¥150,¥50,,"¥2,000",https://files.cardrush.media/pokemon/ocha_products/6494.webp,1800
ジャローダ 【U】{003/020}[SC],,003/020,U,"¥1,800",¥900,¥350,¥150,¥50,,"¥2,000",https://files.cardrush.media/pokemon/ocha_products/47105.webp,1800
キルリア 【C】{009/020}[SC],,009/020,C,"¥1,800",¥900,¥350,¥150,¥50,,"¥2,000",https://files.cardrush.media/pokemon/ocha_products/47110.webp,1800
チラーミィ 【C】{018/020}[SC],,018/020,C,"¥1,800",¥900,¥350,¥150,¥50,,"¥2,000",https://files.cardrush.media/pokemon/ocha_products/47118.webp,1800
シェイミ 【-】{003/036}[CP5],EX,003/036,-,"¥1,800",¥900,¥350,¥150,¥50,,"¥2,000",https://files.cardrush.media/pokemon/ocha_products/18476.webp,1800
ビクティニ 【-】{006/036}[CP5],EX,006/036,-,"¥1,800",¥900,¥350,¥150,¥50,,"¥2,000",https://files.cardrush.media/pokemon/ocha_products/18479.webp,1800
メロエッタ 【-】{018/036}[CP5],EX,018/036,-,"¥1,800",¥900,¥350,¥150,¥50,,"¥2,000",https://files.cardrush.media/pokemon/ocha_products/18491.webp,1800
ゼルネアス 【-】{032/036}[CP5],EX,032/036,-,"¥1,800",¥900,¥350,¥150,¥50,,"¥2,000",https://files.cardrush.media/pokemon/ocha_products/18503.webp,1800
ユクシー 【R】{Lv.55}[その他],HOF,Lv.55,R,"¥1,800",¥900,¥350,¥150,¥50,,"¥2,000",https://files.cardrush.media/pokemon/ocha_products/3714.webp,1800
ガバイト 【P】{103/DP-P}[その他],状態減額大,103/DP-P,P,"¥1,800",¥900,¥350,¥150,¥50,,"¥2,000",https://files.cardrush.media/pokemon/ocha_products/20925.webp,1800
キモリ 【P】{015/ADV-P}[その他],状態減額大,015/ADV-P,P,"¥1,800",¥900,¥350,¥150,¥50,,"¥2,000",https://files.cardrush.media/pokemon/ocha_products/20932.webp,1800
エネコ 【●】{072/108}[PWCP],-,072/108,●,"¥1,800",¥900,¥350,¥150,¥50,,"¥2,000",https://files.cardrush.media/pokemon/ocha_products/66244.webp,1800
ふしぎなアメ 【◆】{048/052}[P7],-,048/052,◆,"¥1,800",¥900,¥350,¥150,¥50,,"¥2,000",https://files.cardrush.media/pokemon/ocha_products/66177.webp,1800
わるいマルマイン 【★】{037/084}[その他],-,037/084,★,"¥1,800",¥900,¥350,¥150,¥50,,"¥2,000",https://files.cardrush.media/pokemon/ocha_products/84706.webp,1800
アンノーン 【◆】{047/106}[その他],-,047/106,◆,"¥1,800",¥900,¥350,¥150,¥50,,"¥2,000",https://files.cardrush.media/pokemon/ocha_products/84707.webp,1800
メタグロス 【★】{044/082}[その他],-,044/082,★,"¥1,800",¥900,¥350,¥150,¥50,,"¥2,000",https://files.cardrush.media/pokemon/ocha_products/84737.webp,1800
ニドキング 【R】{043/087}[CP6],XY,043/087,R,"¥1,800",¥900,¥350,¥150,¥50,,"¥2,000",https://files.cardrush.media/pokemon/ocha_products/19740.webp,1800
ピカチュウVMAX RRR仕様/コロコロコミック【P】{265/S-P}[その他],PIKA,265/S-P,P,"¥1,800",¥900,¥350,¥150,¥50,,"¥2,000",https://files.cardrush.media/pokemon/ocha_products/24562.webp,1800
ピカチュウ 【C】{029/072}[sm3+],PIKA,029/072,C,"¥1,800",¥900,¥350,¥150,¥50,,"¥2,000",https://files.cardrush.media/pokemon/ocha_products/1126.webp,1800
ピカチュウ 【C】{009/054}[sm10a],PIKA,009/054,C,"¥1,800",¥900,¥350,¥150,¥50,,"¥2,000",https://files.cardrush.media/pokemon/ocha_products/3951.webp,1800
ピカチュウ 【●】{032/070}[L1],状態減額大,032/070,●,"¥1,800",¥900,¥350,¥150,¥50,,"¥2,000",https://files.cardrush.media/pokemon/ocha_products/20962.webp,1800
ピカチュウ 【◆】{024/092}[その他],状態減額大,024/092,◆,"¥1,800",¥900,¥350,¥150,¥50,,"¥2,000",https://files.cardrush.media/pokemon/ocha_products/20964.webp,1800
イーブイVMAX 【P】{101/S-P}[その他],状態減額大,101/S-P,P,"¥1,800",¥900,¥350,¥150,¥50,,"¥2,000",https://files.cardrush.media/pokemon/ocha_products/14123.webp,1800
イーブイ 【P】{399/SM-P}[その他],状態減額大,399/SM-P,P,"¥1,800",¥900,¥350,¥150,¥50,,"¥2,000",https://files.cardrush.media/pokemon/ocha_products/6141.webp,1800
イーブイ 【P】{245/SM-P}[その他],状態減額大,245/SM-P,P,"¥1,800",¥900,¥350,¥150,¥50,,"¥2,000",https://files.cardrush.media/pokemon/ocha_products/197.webp,1800
リザードンGX ノーマル仕様【-】{013/131}[smH],状態減額大,013/131,-,"¥1,800",¥900,¥350,¥150,¥50,,"¥2,000",https://files.cardrush.media/pokemon/ocha_products/1598.webp,1800
アーマルドex 【P】{013/ADV-P}[AD-P],その他,013/ADV-P,P,"¥1,800",¥900,¥350,¥150,¥50,,"¥2,000",https://files.cardrush.media/pokemon/ocha_products/65709.webp,1800
ドダイトスLV.X 【★】{-}[その他],EX,-,★,"¥1,800",¥900,¥350,¥150,¥50,,"¥2,000",https://files.cardrush.media/pokemon/ocha_products/58574.webp,1800
ドンカラスLV.X 【★】{-}[その他],EX,-,★,"¥1,800",¥900,¥350,¥150,¥50,,"¥2,000",https://files.cardrush.media/pokemon/ocha_products/58595.webp,1800
ドラピオンLV.X 【★】{060/096}[その他],EX,060/096,★,"¥1,800",¥900,¥350,¥150,¥50,,"¥2,000",https://files.cardrush.media/pokemon/ocha_products/58619.webp,1800
ジバコイルLV.X 【★】{-}[その他],EX,-,★,"¥1,800",¥900,¥350,¥150,¥50,,"¥2,000",https://files.cardrush.media/pokemon/ocha_products/58603.webp,1800
ファイアローBREAK 【P】{238/XY-P}[PROMO],,238/XY-P,P,"¥1,800",¥900,¥350,¥150,¥50,,"¥2,000",https://files.cardrush.media/pokemon/ocha_products/63123.webp,1800
ゴルダックBREAK 【-】{003/016}[XYF],,003/016,-,"¥1,800",¥900,¥350,¥150,¥50,,"¥2,000",https://files.cardrush.media/pokemon/ocha_products/63115.webp,1800
スターミーBREAK 【RR】{030/087}[CP6],XY,030/087,RR,"¥1,800",¥900,¥350,¥150,¥50,,"¥2,000",https://files.cardrush.media/pokemon/ocha_products/19728.webp,1800
ブロスターBREAK 【RR】{020/054}[XY11],,020/054,RR,"¥1,800",¥900,¥350,¥150,¥50,,"¥2,000",https://files.cardrush.media/pokemon/ocha_products/63108.webp,1800
オーベムBREAK 【P】{189/XY-P}[PROMO],,189/XY-P,P,"¥1,800",¥900,¥350,¥150,¥50,,"¥2,000",https://files.cardrush.media/pokemon/ocha_products/63120.webp,1800
ガラガラBREAK 【RR】{036/059}[XY8],,036/059,RR,"¥1,800",¥900,¥350,¥150,¥50,,"¥2,000",https://files.cardrush.media/pokemon/ocha_products/63118.webp,1800
バルジーナBREAK 【P】{217/XY-P}[PROMO],,217/XY-P,P,"¥1,800",¥900,¥350,¥150,¥50,,"¥2,000",https://files.cardrush.media/pokemon/ocha_products/63122.webp,1800
ドータクンBREAK 【RR】{049/078}[その他],EX,049/078,RR,"¥1,800",¥900,¥350,¥150,¥50,,"¥2,000",https://files.cardrush.media/pokemon/ocha_products/3910.webp,1800
ドータクンBREAK 【-】{083/171}[XY],EX,083/171,-,"¥1,800",¥900,¥350,¥150,¥50,,"¥2,000",https://files.cardrush.media/pokemon/ocha_products/3911.webp,1800
ラッタBREAK 【RR】{066/080}[XY9],,066/080,RR,"¥1,800",¥900,¥350,¥150,¥50,,"¥2,000",https://files.cardrush.media/pokemon/ocha_products/63114.webp,1800
ナゾノクサ マクドナルド【-】{002/018}[e],状態減額大,002/018,-,"¥1,800",¥900,¥350,¥150,¥50,,"¥2,000",https://files.cardrush.media/pokemon/ocha_products/48310.webp,1800
ワニノコ マクドナルド【-】{008/018}[e],状態減額大,008/018,-,"¥1,800",¥900,¥350,¥150,¥50,,"¥2,000",https://files.cardrush.media/pokemon/ocha_products/48313.webp,1800
メリープ マクドナルド【-】{012/018}[e],状態減額大,012/018,-,"¥1,800",¥900,¥350,¥150,¥50,,"¥2,000",https://files.cardrush.media/pokemon/ocha_products/48316.webp,1800
ケーシィ マクドナルド【-】{013/018}[e],状態減額大,013/018,-,"¥1,800",¥900,¥350,¥150,¥50,,"¥2,000",https://files.cardrush.media/pokemon/ocha_products/48317.webp,1800
フシギバナ Classicキラ【-】{003/032}[CLF],-,003/032,-,"¥1,800",¥900,¥350,¥150,¥50,,"¥2,000",https://files.cardrush.media/pokemon/ocha_products/48981.webp,1800
ミュウツーGX ジャンボカード【P】{SM-P}[その他],,SM-P,P,"¥1,800",¥900,¥350,¥150,¥50,,"¥2,000",https://files.cardrush.media/pokemon/ocha_products/71425.webp,1800
バティックシャツのピカチュウ ピカチュウ柄ピンク【P】{190/SV-P}[その他],,190/SV-P,P,"¥1,800",¥900,¥350,¥150,¥50,,"¥2,000",https://files.cardrush.media/pokemon/ocha_products/71006.webp,1800
イーブイ AR仕様/英語版【P】{173}[海外版],-,173,P,"¥1,800",¥900,¥350,¥150,¥50,,"¥2,000",https://files.cardrush.media/pokemon/ocha_products/65604.webp,1800
MライボルトEX 【-】{035/171}[XY],EX,035/171,-,"¥1,800",¥900,¥350,¥150,¥50,,"¥2,000",https://files.cardrush.media/pokemon/ocha_products/3914.webp,1800
MライボルトEX 【-】{014/049}[その他],EX,014/049,-,"¥1,800",¥900,¥350,¥150,¥50,,"¥2,000",https://files.cardrush.media/pokemon/ocha_products/3913.webp,1800
MライボルトEX 【-】{043/131}[その他],EX,043/131,-,"¥1,800",¥900,¥350,¥150,¥50,,"¥2,000",https://files.cardrush.media/pokemon/ocha_products/3917.webp,1800
MデンリュウEX 【RR】{028/081}[その他],EX,028/081,RR,"¥1,800",¥900,¥350,¥150,¥50,,"¥2,000",https://files.cardrush.media/pokemon/ocha_products/3880.webp,1800
セレビィEX 【R】{004/059}[BW6],,004/059,R,"¥1,800",¥900,¥350,¥150,¥50,,"¥2,000",https://files.cardrush.media/pokemon/ocha_products/80602.webp,1800
キュレムEX 【R】{022/052}[BW3],,022/052,R,"¥1,800",¥900,¥350,¥150,¥50,,"¥2,000",https://files.cardrush.media/pokemon/ocha_products/80617.webp,1800
フリーザーEX 【R】{016/070}[BW7],,016/070,R,"¥1,800",¥900,¥350,¥150,¥50,,"¥2,000",https://files.cardrush.media/pokemon/ocha_products/80622.webp,1800
エモンガEX 【RR】{023/060}[XY1],,023/060,RR,"¥1,800",¥900,¥350,¥150,¥50,,"¥2,000",https://files.cardrush.media/pokemon/ocha_products/80623.webp,1800
クレセリアEX 【R】{027/059}[BW6],,027/059,R,"¥1,800",¥900,¥350,¥150,¥50,,"¥2,000",https://files.cardrush.media/pokemon/ocha_products/80629.webp,1800
イベルタルEX RR仕様【-】{079/131}[CP4],,079/131,-,"¥1,800",¥900,¥350,¥150,¥50,,"¥2,000",https://files.cardrush.media/pokemon/ocha_products/80636.webp,1800
バンギラスEX 【RR】{042/081}[XY7],,042/081,RR,"¥1,800",¥900,¥350,¥150,¥50,,"¥2,000",https://files.cardrush.media/pokemon/ocha_products/80638.webp,1800
マフォクシーEX リザードンメガバトル【P】{048/XY-P}[その他],状態減額大,048/XY-P,P,"¥1,800",¥900,¥350,¥150,¥50,,"¥2,000",https://files.cardrush.media/pokemon/ocha_products/20879.webp,1800
キュウコンEX 【P】{193/XY-P}[その他],EX,193/XY-P,P,"¥1,800",¥900,¥350,¥150,¥50,,"¥2,000",https://files.cardrush.media/pokemon/ocha_products/4064.webp,1800
カメックスEX 【P】{234/XY-P}[その他],状態減額大,234/XY-P,P,"¥1,800",¥900,¥350,¥150,¥50,,"¥2,000",https://files.cardrush.media/pokemon/ocha_products/20889.webp,1800
カメックスEX 【RR】{021/087}[CP6],XY,021/087,RR,"¥1,800",¥900,¥350,¥150,¥50,,"¥2,000",https://files.cardrush.media/pokemon/ocha_products/19720.webp,1800
ゲンシカイオーガEX 【-】{009/049}[その他],EX,009/049,-,"¥1,800",¥900,¥350,¥150,¥50,,"¥2,000",https://files.cardrush.media/pokemon/ocha_products/4125.webp,1800
パルキアEX 【-】{007/016}[その他],EX,007/016,-,"¥1,800",¥900,¥350,¥150,¥50,,"¥2,000",https://files.cardrush.media/pokemon/ocha_products/4044.webp,1800
サーナイトEX 【-】{091/171}[XY],EX,091/171,-,"¥1,800",¥900,¥350,¥150,¥50,,"¥2,000",https://files.cardrush.media/pokemon/ocha_products/613.webp,1800
クチートEX 【P】{185/XY-P}[その他],EX,185/XY-P,P,"¥1,800",¥900,¥350,¥150,¥50,,"¥2,000",https://files.cardrush.media/pokemon/ocha_products/21952.webp,1800
ラティオスEX 【R】{039/051}[その他],EX,039/051,R,"¥1,800",¥900,¥350,¥150,¥50,,"¥2,000",https://files.cardrush.media/pokemon/ocha_products/3896.webp,1800
ヤミラミ 【P】{147/XY-P}[XY],EX,147/XY-P,P,"¥1,800",¥900,¥350,¥150,¥50,,"¥2,000",https://files.cardrush.media/pokemon/ocha_products/69735.webp,1800
ユキメノコ 【UR】{087/067}[S7R],E,087/067,UR,"¥1,800","¥1,100",¥800,¥350,¥90,,"¥1,800",https://files.cardrush.media/pokemon/ocha_products/21487.webp,1800
タケルライコex 【UR】{100/071}[SV5K],H,100/071,UR,"¥1,800","¥1,100",¥800,¥350,¥90,,"¥1,800",https://files.cardrush.media/pokemon/ocha_products/53301.webp,1800
マリル AR仕様【-】{748/742}[MC],J,748/742,-,"¥1,800","¥1,100",¥800,¥350,¥90,,"¥1,800",https://files.cardrush.media/pokemon/ocha_products/75859.webp,1800
ひかるセレビィ LV.18 30th/復刻版【-】{141/103}[M6a],J,141/103,-,"¥1,800","¥1,100",¥800,¥350,¥90,,"¥1,800",https://files.cardrush.media/pokemon/ocha_products/85116.webp,1800
アローラロコン 【S】{168/150}[sm8b],A,168/150,S,"¥1,800","¥1,100",¥800,¥350,¥90,,"¥1,800",https://files.cardrush.media/pokemon/ocha_products/2165.webp,1800
ルカリオ 【S】{182/150}[sm8b],B,182/150,S,"¥1,800","¥1,100",¥800,¥350,¥90,,"¥1,800",https://files.cardrush.media/pokemon/ocha_products/2471.webp,1800
モクロー 【P】{071/SV-P}[PROMO],G,071/SV-P,P,"¥1,800","¥1,100",¥800,¥350,¥90,,"¥1,800",https://files.cardrush.media/pokemon/ocha_products/46116.webp,1800
ジュラルドン 【P】{030/S-P}[その他],D,030/S-P,P,"¥1,800","¥1,100",¥800,¥350,¥90,,"¥1,800",https://files.cardrush.media/pokemon/ocha_products/7942.webp,1800
カビゴン 【P】{156/S-P}[その他],E,156/S-P,P,"¥1,800","¥1,100",¥800,¥350,¥90,,"¥1,800",https://files.cardrush.media/pokemon/ocha_products/18293.webp,1800
ニャビー 【P】{050/SM-P}[その他],A,050/SM-P,P,"¥1,800","¥1,100",¥800,¥350,¥90,,"¥1,800",https://files.cardrush.media/pokemon/ocha_products/19910.webp,1800
イーブイ 【P】{378/SM-P}[その他],B,378/SM-P,P,"¥1,800","¥1,100",¥800,¥350,¥90,,"¥1,800",https://files.cardrush.media/pokemon/ocha_products/19968.webp,1800
ドラパルトVMAX 【HR】{108/096}[S2],D,108/096,HR,"¥1,800","¥1,100",¥800,¥350,¥90,,"¥1,800",https://files.cardrush.media/pokemon/ocha_products/7554.webp,1800
バクガメスGX 【HR】{056/050}[sm2K],A,056/050,HR,"¥1,800","¥1,100",¥800,¥350,¥90,,"¥1,800",https://files.cardrush.media/pokemon/ocha_products/1058.webp,1800
ヨワシGX 【HR】{056/050}[sm2L],A,056/050,HR,"¥1,800","¥1,100",¥800,¥350,¥90,,"¥1,800",https://files.cardrush.media/pokemon/ocha_products/1550.webp,1800
ミュウex 【SR】{195/165}[SV2a],G,195/165,SR,"¥1,800","¥1,100",¥800,¥350,¥90,,"¥1,800",https://files.cardrush.media/pokemon/ocha_products/43854.webp,1800
セレナ 【HR】{089/068}[S11a],F,089/068,HR,"¥1,800","¥1,100",¥800,¥350,¥90,,"¥1,800",https://files.cardrush.media/pokemon/ocha_products/37028.webp,1800
ホップ SR仕様【P】{005/S-P}[その他],D,005/S-P,P,"¥1,800","¥1,100",¥800,¥350,¥90,,"¥1,800",https://files.cardrush.media/pokemon/ocha_products/7032.webp,1800
ルリナ 【HR】{118/100}[s4],D,118/100,HR,"¥1,800","¥1,100",¥800,¥350,¥90,,"¥1,800",https://files.cardrush.media/pokemon/ocha_products/14606.webp,1800
カウンターキャッチャー 【UR】{094/066}[SV4M],G,094/066,UR,"¥1,800","¥1,100",¥800,¥350,¥90,,"¥1,800",https://files.cardrush.media/pokemon/ocha_products/49686.webp,1800
プレシャスボール 【UR】{113/094}[sm11],C,113/094,UR,"¥1,800","¥1,100",¥800,¥350,¥90,,"¥1,800",https://files.cardrush.media/pokemon/ocha_products/4685.webp,1800
エーフィ＆デオキシスGX RR仕様【-】{001/031}[smM],C,001/031,-,"¥1,800","¥1,100",¥800,¥350,¥90,,"¥1,800",https://files.cardrush.media/pokemon/ocha_products/4606.webp,1800
トゲピー＆ピィ＆ププリンGX 【RR】{094/173}[sm12a],C,094/173,RR,"¥1,800","¥1,100",¥800,¥350,¥90,,"¥1,800",https://files.cardrush.media/pokemon/ocha_products/5869.webp,1800
アルセウス＆ディアルガ＆パルキアGX 【RR】{065/095}[sm12],C,065/095,RR,"¥1,800","¥1,100",¥800,¥350,¥90,,"¥1,800",https://files.cardrush.media/pokemon/ocha_products/5446.webp,1800
リザードンVSTAR RRR仕様【-】{002/030}[SO],F,002/030,-,"¥1,800","¥1,100",¥800,¥350,¥90,,"¥1,800",https://files.cardrush.media/pokemon/ocha_products/37825.webp,1800
ギャラドスGX 【RR】{008/050}[sm4A],A,008/050,RR,"¥1,800","¥1,100",¥800,¥350,¥90,,"¥1,800",https://files.cardrush.media/pokemon/ocha_products/491.webp,1800
ゲンガー 【R】{022/050}[sm4S],A,022/050,R,"¥1,800","¥1,100",¥800,¥350,¥90,,"¥1,800",https://files.cardrush.media/pokemon/ocha_products/3710.webp,1800
タケシのガッツ 【SR】{108/095}[sm9],C,108/095,SR,"¥1,700","¥1,100",¥800,¥350,¥50,,"¥1,800",https://files.cardrush.media/pokemon/ocha_products/2705.webp,1700
グズマ＆ハラ 【SR】{105/095}[sm12],C,105/095,SR,"¥1,700","¥1,100",¥850,¥400,¥80,,"¥1,700",https://files.cardrush.media/pokemon/ocha_products/5486.webp,1700
シアノ 【SR】{127/106}[SV8],H,127/106,SR,"¥1,700","¥1,100",¥850,¥400,¥80,,"¥1,700",https://files.cardrush.media/pokemon/ocha_products/60252.webp,1700
チオンジェンex 【SAR】{092/071}[SV2P],G,092/071,SAR,"¥1,700","¥1,100",¥800,¥350,¥50,,"¥1,800",https://files.cardrush.media/pokemon/ocha_products/41826.webp,1700
アイアントex 【SAR】{130/106}[SV8],H,130/106,SAR,"¥1,700","¥1,100",¥800,¥350,¥50,,"¥1,800",https://files.cardrush.media/pokemon/ocha_products/60255.webp,1700
ホップのザシアンex 【SAR】{128/100}[SV9],I,128/100,SAR,"¥1,700","¥1,100",¥800,¥350,¥50,,"¥1,800",https://files.cardrush.media/pokemon/ocha_products/63637.webp,1700
ブルンゲルex 【SAR】{170/086}[SV11W],I,170/086,SAR,"¥1,700","¥1,100",¥800,¥350,¥50,,"¥1,800",https://files.cardrush.media/pokemon/ocha_products/67579.webp,1700
メガアブソルex 【SAR】{089/063}[M1L],I,089/063,SAR,"¥1,700","¥1,100",¥800,¥350,¥50,,"¥1,800",https://files.cardrush.media/pokemon/ocha_products/70048.webp,1700
ゼラオラGX 【SR】{063/060}[sm7a],B,063/060,SR,"¥1,700","¥1,100",¥850,¥400,¥80,,"¥1,700",https://files.cardrush.media/pokemon/ocha_products/780.webp,1700
デンリュウGX 【SR】{053/052}[sm8a],B,053/052,SR,"¥1,700","¥1,100",¥850,¥400,¥80,,"¥1,700",https://files.cardrush.media/pokemon/ocha_products/1961.webp,1700
キュウコンV 【SR】{098/096}[S2],D,098/096,SR,"¥1,700","¥1,100",¥850,¥400,¥80,,"¥1,700",https://files.cardrush.media/pokemon/ocha_products/7544.webp,1700
リーフィアV 【SR】{070/069}[S6a],E,070/069,SR,"¥1,700","¥1,100",¥850,¥400,¥80,,"¥1,700",https://files.cardrush.media/pokemon/ocha_products/20736.webp,1700
ビクティニ 【AR】{097/086}[SV11B],I,097/086,AR,"¥1,700","¥1,100",¥800,¥350,¥50,,"¥1,800",https://files.cardrush.media/pokemon/ocha_products/67266.webp,1700
ポカブ 【AR】{096/086}[SV11W],I,096/086,AR,"¥1,700","¥1,200",¥850,¥350,¥50,,"¥1,900",https://files.cardrush.media/pokemon/ocha_products/67505.webp,1700
ロケット団のクロバットex 【UR】{131/098}[SV10],I,131/098,UR,"¥1,700","¥1,100",¥750,¥300,¥80,,"¥1,700",https://files.cardrush.media/pokemon/ocha_products/65291.webp,1700
ガラルサンダーV 【UR】{421/414}[SI],E,421/414,UR,"¥1,700","¥1,100",¥750,¥300,¥80,,"¥1,700",https://files.cardrush.media/pokemon/ocha_products/23754.webp,1700
オリジンディアルガVSTAR 【UR】{086/067}[S10D],F,086/067,UR,"¥1,700","¥1,100",¥750,¥300,¥80,,"¥1,700",https://files.cardrush.media/pokemon/ocha_products/34754.webp,1700
ジュナイパーGX 【SSR】{207/150}[sm8b],A,207/150,SSR,"¥1,700","¥1,100",¥750,¥300,¥80,,"¥1,700",https://files.cardrush.media/pokemon/ocha_products/2277.webp,1700
ミュウVMAX 30th/復刻版【-】{163/103}[M6a],J,163/103,-,"¥1,700","¥1,100",¥750,¥300,¥80,,"¥1,700",https://files.cardrush.media/pokemon/ocha_products/85137.webp,1700
エネルギーつけかえ LEGEND【-】{063/070}[その他],I,063/070,-,"¥1,700","¥1,100",¥750,¥300,¥80,,"¥1,700",https://files.cardrush.media/pokemon/ocha_products/4246.webp,1700
ピッピ 【P】{075/SV-P}[PROMO],G,075/SV-P,P,"¥1,700","¥1,100",¥750,¥300,¥80,,"¥1,700",https://files.cardrush.media/pokemon/ocha_products/46120.webp,1700
ワンパチ 【P】{244/S-P}[その他],E,244/S-P,P,"¥1,700","¥1,100",¥750,¥300,¥80,,"¥1,700",https://files.cardrush.media/pokemon/ocha_products/22245.webp,1700
シェイミ 【P】{225/SM-P}[その他],B,225/SM-P,P,"¥1,700","¥1,100",¥750,¥300,¥80,,"¥1,700",https://files.cardrush.media/pokemon/ocha_products/2099.webp,1700
ヒトカゲ 【P】{060/SM-P}[その他],A,060/SM-P,P,"¥1,700","¥1,100",¥750,¥300,¥80,,"¥1,700",https://files.cardrush.media/pokemon/ocha_products/19914.webp,1700
アシレーヌ 【P】{019/SM-P}[その他],A,019/SM-P,P,"¥1,700","¥1,100",¥750,¥300,¥80,,"¥1,700",https://files.cardrush.media/pokemon/ocha_products/19899.webp,1700
アローラニャース 【P】{010/SM-P}[その他],A,010/SM-P,P,"¥1,700","¥1,100",¥750,¥300,¥80,,"¥1,700",https://files.cardrush.media/pokemon/ocha_products/19893.webp,1700
チルタリス 【P】{222/SM-P}[その他],B,222/SM-P,P,"¥1,700","¥1,100",¥750,¥300,¥80,,"¥1,700",https://files.cardrush.media/pokemon/ocha_products/1822.webp,1700
ともだちてちょう 【P】{272/SM-P}[その他],D,272/SM-P,P,"¥1,700","¥1,100",¥750,¥300,¥80,,"¥1,700",https://files.cardrush.media/pokemon/ocha_products/2113.webp,1700
ラプラスVMAX 【HR】{069/060}[s1W],D,069/060,HR,"¥1,700","¥1,100",¥750,¥300,¥80,,"¥1,700",https://files.cardrush.media/pokemon/ocha_products/7025.webp,1700
オリジンディアルガVSTAR 【HR】{082/067}[S10D],F,082/067,HR,"¥1,700","¥1,100",¥750,¥300,¥80,,"¥1,700",https://files.cardrush.media/pokemon/ocha_products/34750.webp,1700
トキワの森 【UR】{068/054}[sm10b],C,068/054,UR,"¥1,700","¥1,100",¥750,¥300,¥80,,"¥1,700",https://files.cardrush.media/pokemon/ocha_products/4419.webp,1700
カイリューVSTAR RRR仕様【P】{293/S-P}[その他],F,293/S-P,P,"¥1,700","¥1,100",¥750,¥300,¥80,,"¥1,700",https://files.cardrush.media/pokemon/ocha_products/35835.webp,1700
レックウザ 【-】{099/131}[smH],A,099/131,-,"¥1,700","¥1,100",¥750,¥300,¥80,,"¥1,700",https://files.cardrush.media/pokemon/ocha_products/2138.webp,1700
レックウザ 【-】{010/013}[smP1],A,010/013,-,"¥1,700","¥1,100",¥750,¥300,¥80,,"¥1,700",https://files.cardrush.media/pokemon/ocha_products/2139.webp,1700
ボタン 【SAR】{354/190}[SV4a],G,354/190,SAR,"¥1,600","¥1,100",¥800,¥350,¥50,,"¥1,800",https://files.cardrush.media/pokemon/ocha_products/51083.webp,1600
デオキシスVMAX 【SAR】{222/172}[S12a],F,222/172,SAR,"¥1,600","¥1,100",¥800,¥350,¥50,,"¥1,800",https://files.cardrush.media/pokemon/ocha_products/38402.webp,1600
ヤバソチャex 【SAR】{089/066}[SV5a],H,089/066,SAR,"¥1,600","¥1,100",¥800,¥400,¥80,,"¥1,600",https://files.cardrush.media/pokemon/ocha_products/54809.webp,1600
ペパーのマフィティフex 【SAR】{088/063}[SV9a],I,088/063,SAR,"¥1,600","¥1,100",¥800,¥350,¥50,,"¥1,800",https://files.cardrush.media/pokemon/ocha_products/64587.webp,1600
メガヤンマex 【SAR】{085/063}[SV9a],I,085/063,SAR,"¥1,600","¥1,100",¥750,¥300,¥50,,"¥1,700",https://files.cardrush.media/pokemon/ocha_products/64584.webp,1600
ジュナイパーGX 【SR】{052/051}[sm1+],A,052/051,SR,"¥1,600","¥1,100",¥800,¥350,¥50,,"¥1,800",https://files.cardrush.media/pokemon/ocha_products/716.webp,1600
マーシャドーGX 【SR】{054/051}[sm3N],A,054/051,SR,"¥1,600","¥1,100",¥800,¥350,¥50,,"¥1,800",https://files.cardrush.media/pokemon/ocha_products/1434.webp,1600
ネクロズマたそがれのたてがみGX 【SR】{068/066}[sm5s],B,068/066,SR,"¥1,600","¥1,100",¥800,¥350,¥50,,"¥1,800",https://files.cardrush.media/pokemon/ocha_products/1000.webp,1600
ジュペッタGX 【SR】{070/066}[sm6b],B,070/066,SR,"¥1,600","¥1,100",¥800,¥350,¥50,,"¥1,800",https://files.cardrush.media/pokemon/ocha_products/719.webp,1600
ベトベトン＆アローラベトベトンGX 【SR】{098/095}[sm10],C,098/095,SR,"¥1,600","¥1,100",¥800,¥400,¥80,,"¥1,600",https://files.cardrush.media/pokemon/ocha_products/3393.webp,1600
ガラルファイヤーV 【SR】{077/070}[S5a],E,077/070,SR,"¥1,600","¥1,100",¥800,¥400,¥80,,"¥1,600",https://files.cardrush.media/pokemon/ocha_products/18994.webp,1600
ニャースex 【SR】{100/080}[M3],J,100/080,SR,"¥1,600","¥1,100",¥800,¥350,¥50,,"¥1,800",https://files.cardrush.media/pokemon/ocha_products/78727.webp,1600
ナエトル 【AR】{206/172}[S12a],F,206/172,AR,"¥1,600","¥1,100",¥800,¥400,¥80,,"¥1,600",https://files.cardrush.media/pokemon/ocha_products/38386.webp,1600
ヨワシ 【CHR】{053/049}[sm11b],C,053/049,CHR,"¥1,600","¥1,100",¥750,¥300,¥50,,"¥1,700",https://files.cardrush.media/pokemon/ocha_products/5187.webp,1600
イベルタルEX 【RR】{037/060}[XY1],,037/060,RR,"¥1,600",¥800,¥300,¥150,¥40,,"¥2,000",https://files.cardrush.media/pokemon/ocha_products/80637.webp,1600
マグマ団のグラードン 25th【P】{011/025}[S8a-P],その他,011/025,P,"¥1,600",¥800,¥300,¥150,¥40,,"¥1,800",https://files.cardrush.media/pokemon/ocha_products/22389.webp,1600
サーナイトexδ-デルタ種 25th【P】{015/025}[S8a-P],その他,015/025,P,"¥1,600",¥800,¥300,¥150,¥40,,"¥1,800",https://files.cardrush.media/pokemon/ocha_products/22393.webp,1600
ダークライ 【P】{037/XY-P}[その他],PROMO,037/XY-P,P,"¥1,600",¥800,¥300,¥150,¥40,,"¥1,800",https://files.cardrush.media/pokemon/ocha_products/18897.webp,1600
シンカソーダ 【P】{201/XY-P}[その他],EX,201/XY-P,P,"¥1,600",¥800,¥300,¥150,¥40,,"¥1,800",https://files.cardrush.media/pokemon/ocha_products/1717.webp,1600
ツタージャ 【P】{034/BW-P}[BW-P],PROMO,034/BW-P,P,"¥1,600",¥800,¥300,¥150,¥40,,"¥1,800",https://files.cardrush.media/pokemon/ocha_products/71177.webp,1600
ミジュマル 【P】{036/BW-P}[BW-P],PROMO,036/BW-P,P,"¥1,600",¥800,¥300,¥150,¥40,,"¥1,800",https://files.cardrush.media/pokemon/ocha_products/71179.webp,1600
ランドロス 【P】{047/BW-P}[BW-P],PROMO,047/BW-P,P,"¥1,600",¥800,¥300,¥150,¥40,,"¥1,800",https://files.cardrush.media/pokemon/ocha_products/71193.webp,1600
プリン 【P】{127/BW-P}[BW-P],PROMO,127/BW-P,P,"¥1,600",¥800,¥300,¥150,¥40,,"¥1,800",https://files.cardrush.media/pokemon/ocha_products/71268.webp,1600
ポリゴンZ 【P】{208/BW-P}[BW-P],PROMO,208/BW-P,P,"¥1,600",¥800,¥300,¥150,¥40,,"¥1,800",https://files.cardrush.media/pokemon/ocha_products/71321.webp,1600
いのちのしずく 【R】{050/051}[BW8緑],EX,050/051,R,"¥1,600",¥800,¥300,¥150,¥40,,"¥1,800",https://files.cardrush.media/pokemon/ocha_products/198.webp,1600
サンダー 【R】{040/087}[CP6],XY,040/087,R,"¥1,600",¥800,¥300,¥150,¥40,,"¥1,800",https://files.cardrush.media/pokemon/ocha_products/19737.webp,1600
ピカチュウ 【C】{013/051}[sm3N],PIKA,013/051,C,"¥1,600",¥800,¥300,¥150,¥40,,"¥1,800",https://files.cardrush.media/pokemon/ocha_products/1127.webp,1600
ピカチュウ 【P】{125/S-P}[その他],PIKA,125/S-P,P,"¥1,600",¥800,¥300,¥150,¥40,,"¥1,800",https://files.cardrush.media/pokemon/ocha_products/14572.webp,1600
イーブイ 【P】{403/SM-P}[その他],状態減額大,403/SM-P,P,"¥1,600",¥800,¥300,¥150,¥40,,"¥1,800",https://files.cardrush.media/pokemon/ocha_products/5626.webp,1600
リザードン 【R】{003/053}[sm6a],状態減額大,003/053,R,"¥1,600",¥800,¥300,¥150,¥40,,"¥1,800",https://files.cardrush.media/pokemon/ocha_products/2136.webp,1600
MバクーダEX 【-】{013/171}[XY],EX,013/171,-,"¥1,600",¥800,¥300,¥150,¥40,,"¥1,800",https://files.cardrush.media/pokemon/ocha_products/4058.webp,1600
サーナイトEX 【RR】{050/070}[その他],EX,050/070,RR,"¥1,600",¥800,¥300,¥150,¥40,,"¥1,800",https://files.cardrush.media/pokemon/ocha_products/4122.webp,1600
カプ・レヒレGX 【UR】{245/150}[sm8b],A,245/150,UR,"¥1,600","¥1,000",¥700,¥300,¥80,,"¥1,600",https://files.cardrush.media/pokemon/ocha_products/2212.webp,1600
マルマイン 【UR】{092/070}[S6K],E,092/070,UR,"¥1,600","¥1,000",¥700,¥300,¥80,,"¥1,600",https://files.cardrush.media/pokemon/ocha_products/20166.webp,1600
ザシアンV 【UR】{329/190}[s4a],D,329/190,UR,"¥1,600","¥1,000",¥700,¥300,¥80,,"¥1,600",https://files.cardrush.media/pokemon/ocha_products/17478.webp,1600
メタモンV 【SSR】{323/190}[s4a],D,323/190,SSR,"¥1,600","¥1,000",¥700,¥300,¥80,,"¥1,600",https://files.cardrush.media/pokemon/ocha_products/17472.webp,1600
ジュペッタGX 【SSR】{221/150}[sm8b],B,221/150,SSR,"¥1,600","¥1,000",¥700,¥300,¥80,,"¥1,600",https://files.cardrush.media/pokemon/ocha_products/2278.webp,1600
ルガルガンGX 【SSR】{226/150}[sm8b],A,226/150,SSR,"¥1,600","¥1,000",¥700,¥300,¥80,,"¥1,600",https://files.cardrush.media/pokemon/ocha_products/2476.webp,1600
ルガルガンGX 【SSR】{227/150}[sm8b],B,227/150,SSR,"¥1,600","¥1,000",¥700,¥300,¥80,,"¥1,600",https://files.cardrush.media/pokemon/ocha_products/2475.webp,1600
アクジキングGX 【SSR】{232/150}[sm8b],A,232/150,SSR,"¥1,600","¥1,000",¥700,¥300,¥80,,"¥1,600",https://files.cardrush.media/pokemon/ocha_products/2147.webp,1600
ポケギア3.0 【TR】{092/094}[sm11],I,092/094,TR,"¥1,600","¥1,000",¥700,¥300,¥80,,"¥1,600",https://files.cardrush.media/pokemon/ocha_products/4603.webp,1600
夜のタンカ 【UR】{137/106}[SV8],H,137/106,UR,"¥1,600","¥1,000",¥700,¥300,¥80,,"¥1,600",https://files.cardrush.media/pokemon/ocha_products/60262.webp,1600
トゲデマル 【P】{002/SM-P}[その他],A,002/SM-P,P,"¥1,600","¥1,000",¥700,¥300,¥80,,"¥1,600",https://files.cardrush.media/pokemon/ocha_products/19890.webp,1600
ヤングース 【P】{004/SM-P}[その他],A,004/SM-P,P,"¥1,600","¥1,000",¥700,¥300,¥80,,"¥1,600",https://files.cardrush.media/pokemon/ocha_products/19891.webp,1600
エネルギースピナー 【P】{258/SM-P}[その他],B,258/SM-P,P,"¥1,600","¥1,000",¥700,¥300,¥80,,"¥1,600",https://files.cardrush.media/pokemon/ocha_products/1937.webp,1600
ボーマンダVMAX 【HR】{114/100}[s3],D,114/100,HR,"¥1,600","¥1,000",¥700,¥300,¥80,,"¥1,600",https://files.cardrush.media/pokemon/ocha_products/13926.webp,1600
ジュカインGX 【HR】{057/050}[sm7b],B,057/050,HR,"¥1,600","¥1,000",¥700,¥300,¥80,,"¥1,600",https://files.cardrush.media/pokemon/ocha_products/1731.webp,1600
フライゴンGX 【HR】{111/095}[sm12],C,111/095,HR,"¥1,600","¥1,000",¥700,¥300,¥80,,"¥1,600",https://files.cardrush.media/pokemon/ocha_products/5492.webp,1600
カイ 【HR】{083/067}[S10P],F,083/067,HR,"¥1,600","¥1,000",¥700,¥300,¥80,,"¥1,600",https://files.cardrush.media/pokemon/ocha_products/34772.webp,1600
ミッシングクローバー 【UR】{077/066}[sm5s],B,077/066,UR,"¥1,600","¥1,000",¥700,¥300,¥80,,"¥1,600",https://files.cardrush.media/pokemon/ocha_products/1493.webp,1600
ホウオウGX 【RR】{012/051}[sm3H],A,012/051,RR,"¥1,600","¥1,000",¥700,¥300,¥80,,"¥1,600",https://files.cardrush.media/pokemon/ocha_products/1304.webp,1600
フリーザーGX 【RR】{014/066}[sm6b],B,014/066,RR,"¥1,600","¥1,000",¥700,¥300,¥80,,"¥1,600",https://files.cardrush.media/pokemon/ocha_products/1287.webp,1600
ゲッコウガGX 【RR】{013/024}[smP2],C,013/024,RR,"¥1,600","¥1,000",¥700,¥300,¥80,,"¥1,600",https://files.cardrush.media/pokemon/ocha_products/4389.webp,1600
エーフィ 【P】{179/S-P}[その他],E,179/S-P,P,"¥1,600","¥1,000",¥700,¥300,¥80,,"¥1,600",https://files.cardrush.media/pokemon/ocha_products/21175.webp,1600
ネルケ 【SAR】{352/190}[SV4a],G,352/190,SAR,"¥1,500","¥1,000",¥750,¥350,¥70,,"¥1,500",https://files.cardrush.media/pokemon/ocha_products/51081.webp,1500
リップ 【SAR】{092/066}[SV4M],G,092/066,SAR,"¥1,500","¥1,000",¥700,¥300,¥40,,"¥1,600",https://files.cardrush.media/pokemon/ocha_products/49684.webp,1500
ローラースケーター 【SR】{073/064}[sm11a],C,073/064,SR,"¥1,500","¥1,000",¥750,¥350,¥70,,"¥1,500",https://files.cardrush.media/pokemon/ocha_products/5037.webp,1500
オリーヴ 【SR】{105/096}[S2],D,105/096,SR,"¥1,500","¥1,000",¥750,¥350,¥70,,"¥1,500",https://files.cardrush.media/pokemon/ocha_products/7551.webp,1500
ポケモンごっこ 【SR】{197/190}[s4a],D,197/190,SR,"¥1,500","¥1,000",¥750,¥350,¥70,,"¥1,500",https://files.cardrush.media/pokemon/ocha_products/17346.webp,1500
ルリナ 【SR】{277/184}[S8b],D,277/184,SR,"¥1,500","¥1,000",¥750,¥350,¥70,,"¥1,500",https://files.cardrush.media/pokemon/ocha_products/23053.webp,1500
ボスの指令/アカギ 【SR】{250/172}[S12a],I,250/172,SR,"¥1,500","¥1,000",¥750,¥350,¥70,,"¥1,500",https://files.cardrush.media/pokemon/ocha_products/38430.webp,1500
メイのはげまし 【SR】{107/080}[M3],J,107/080,SR,"¥1,500","¥1,100",¥750,¥300,¥50,,"¥1,700",https://files.cardrush.media/pokemon/ocha_products/78734.webp,1500
カスミの元気 【SR】{108/081}[M5],J,108/081,SR,"¥1,500","¥1,000",¥750,¥350,¥70,,"¥1,500",https://files.cardrush.media/pokemon/ocha_products/81489.webp,1500
イダイナキバex 【SAR】{102/078}[SV1S],G,102/078,SAR,"¥1,500","¥1,000",¥700,¥300,¥40,,"¥1,600",https://files.cardrush.media/pokemon/ocha_products/39523.webp,1500
カプ・コケコex 【SAR】{086/062}[SV3a],G,086/062,SAR,"¥1,500","¥1,000",¥750,¥350,¥70,,"¥1,500",https://files.cardrush.media/pokemon/ocha_products/47875.webp,1500
テツノカイナex 【SAR】{088/066}[SV4M],G,088/066,SAR,"¥1,500","¥1,000",¥750,¥350,¥70,,"¥1,500",https://files.cardrush.media/pokemon/ocha_products/49680.webp,1500
オーガポンみどりのめんex 【SAR】{125/101}[SV6],H,125/101,SAR,"¥1,500","¥1,100",¥750,¥300,¥50,,"¥1,700",https://files.cardrush.media/pokemon/ocha_products/55722.webp,1500
エルフーンex 【SAR】{167/086}[SV11W],I,167/086,SAR,"¥1,500","¥1,000",¥750,¥350,¥70,,"¥1,500",https://files.cardrush.media/pokemon/ocha_products/67576.webp,1500
カプ・コケコGX 【SR】{053/050}[sm2K],A,053/050,SR,"¥1,500","¥1,100",¥750,¥300,¥50,,"¥1,700",https://files.cardrush.media/pokemon/ocha_products/373.webp,1500
マッシブーンGX 【SR】{052/050}[sm4S],A,052/050,SR,"¥1,500","¥1,100",¥750,¥300,¥50,,"¥1,700",https://files.cardrush.media/pokemon/ocha_products/1462.webp,1500
ゼルネアスGX 【SR】{098/094}[sm6],B,098/094,SR,"¥1,500","¥1,100",¥750,¥300,¥50,,"¥1,700",https://files.cardrush.media/pokemon/ocha_products/783.webp,1500
フェローチェ＆マッシブーンGX 【SR】{055/054}[SM9b],C,055/054,SR,"¥1,500","¥1,100",¥750,¥300,¥50,,"¥1,700",https://files.cardrush.media/pokemon/ocha_products/3117.webp,1500
ネオラントV SA【SR】{105/100}[S9],F,105/100,SR,"¥1,500","¥1,000",¥750,¥350,¥70,,"¥1,500",https://files.cardrush.media/pokemon/ocha_products/24417.webp,1500
ヒスイオオニューラV SA【SR】{075/067}[S10P],F,075/067,SR,"¥1,500","¥1,000",¥750,¥350,¥70,,"¥1,500",https://files.cardrush.media/pokemon/ocha_products/34764.webp,1500
ホウオウV 【SR】{080/068}[S11a],F,080/068,SR,"¥1,500","¥1,000",¥750,¥350,¥70,,"¥1,500",https://files.cardrush.media/pokemon/ocha_products/37019.webp,1500
パラス 【AR】{207/172}[S12a],F,207/172,AR,"¥1,500","¥1,000",¥750,¥350,¥70,,"¥1,500",https://files.cardrush.media/pokemon/ocha_products/38387.webp,1500
フシギダネ 【AR】{166/165}[SV2a],G,166/165,AR,"¥1,500","¥1,000",¥750,¥350,¥70,,"¥1,500",https://files.cardrush.media/pokemon/ocha_products/43825.webp,1500
ミミッキュ 【AR】{341/190}[SV4a],G,341/190,AR,"¥1,500","¥1,000",¥750,¥350,¥70,,"¥1,500",https://files.cardrush.media/pokemon/ocha_products/51070.webp,1500
イシズマイ 【AR】{135/086}[SV11B],I,135/086,AR,"¥1,500","¥1,000",¥750,¥350,¥70,,"¥1,500",https://files.cardrush.media/pokemon/ocha_products/67304.webp,1500
ツタージャ 【AR】{087/086}[SV11B],I,087/086,AR,"¥1,500","¥1,100",¥750,¥300,¥50,,"¥1,700",https://files.cardrush.media/pokemon/ocha_products/67256.webp,1500
ドレディア 【AR】{092/086}[SV11B],I,092/086,AR,"¥1,500","¥1,000",¥750,¥350,¥70,,"¥1,500",https://files.cardrush.media/pokemon/ocha_products/67261.webp,1500
バチュル 【AR】{113/086}[SV11W],I,113/086,AR,"¥1,500","¥1,000",¥700,¥300,¥40,,"¥1,600",https://files.cardrush.media/pokemon/ocha_products/67522.webp,1500
ドガース 【CHR】{056/049}[sm11b],C,056/049,CHR,"¥1,500","¥1,000",¥750,¥350,¥70,,"¥1,500",https://files.cardrush.media/pokemon/ocha_products/5190.webp,1500
ハガネール 【CHR】{060/049}[sm11b],C,060/049,CHR,"¥1,500","¥1,000",¥750,¥350,¥70,,"¥1,500",https://files.cardrush.media/pokemon/ocha_products/5194.webp,1500
リザードン 【CHR】{187/184}[S8b],D,187/184,CHR,"¥1,500","¥1,000",¥750,¥350,¥70,,"¥1,500",https://files.cardrush.media/pokemon/ocha_products/22966.webp,1500
ハッサムex 【P】{210/SV-P}[その他],,210/SV-P,P,"¥1,500",¥750,¥300,¥150,¥40,,"¥1,700",https://files.cardrush.media/pokemon/ocha_products/59773.webp,1500
フライゴンEX 【P】{114/XY-P}[XY],PROMO,114/XY-P,P,"¥1,500",¥750,¥300,¥150,¥40,,"¥1,700",https://files.cardrush.media/pokemon/ocha_products/72357.webp,1500
メガターボ 【P】{XY-P}[その他],EX,XY-P,P,"¥1,500",¥750,¥300,¥150,¥40,,"¥1,700",https://files.cardrush.media/pokemon/ocha_products/1516.webp,1500
ビクティニ 【P】{109/BW-P}[BW-P],PROMO,109/BW-P,P,"¥1,500",¥750,¥300,¥150,¥40,,"¥1,700",https://files.cardrush.media/pokemon/ocha_products/71252.webp,1500
ドレディア 【P】{117/BW-P}[BW-P],PROMO,117/BW-P,P,"¥1,500",¥750,¥300,¥150,¥40,,"¥1,700",https://files.cardrush.media/pokemon/ocha_products/71257.webp,1500
デンリュウ 【P】{134/BW-P}[BW-P],PROMO,134/BW-P,P,"¥1,500",¥750,¥300,¥150,¥40,,"¥1,700",https://files.cardrush.media/pokemon/ocha_products/71270.webp,1500
ジバコイル 【R】{025/070}[BW7],EX,025/070,R,"¥1,500",¥750,¥300,¥150,¥40,,"¥1,700",https://files.cardrush.media/pokemon/ocha_products/6226.webp,1500
ピッピ 【R】{061/087}[その他],EX,061/087,R,"¥1,500",¥750,¥300,¥150,¥40,,"¥1,700",https://files.cardrush.media/pokemon/ocha_products/3929.webp,1500
ホロンのポワルン 【◆】{034/052}[-],-,034/052,◆,"¥1,500",¥750,¥300,¥150,¥40,,"¥1,700",https://files.cardrush.media/pokemon/ocha_products/66279.webp,1500
ピカチュウδ-デルタ種 【-】{041/052}[その他],EX,041/052,-,"¥1,500",¥750,¥300,¥150,¥40,,"¥1,700",https://files.cardrush.media/pokemon/ocha_products/56532.webp,1500
ポケるんTVのピカチュウとなかまたち ジャンボカード【P】{S-P}[その他],,S-P,P,"¥1,500",¥750,¥300,¥150,¥40,,"¥1,700",https://files.cardrush.media/pokemon/ocha_products/48324.webp,1500
ゴリランダー 【UR】{084/070}[S2a],D,084/070,UR,"¥1,500",¥950,¥650,¥300,¥70,,"¥1,500",https://files.cardrush.media/pokemon/ocha_products/13185.webp,1500
オクタン 【UR】{089/070}[S5R],E,089/070,UR,"¥1,500",¥950,¥650,¥300,¥70,,"¥1,500",https://files.cardrush.media/pokemon/ocha_products/18254.webp,1500
メタモンVMAX 【SSR】{324/190}[s4a],D,324/190,SSR,"¥1,500",¥950,¥650,¥300,¥70,,"¥1,500",https://files.cardrush.media/pokemon/ocha_products/17473.webp,1500
メガリザードンYex ノーマル仕様【-】{085/742}[MC],J,085/742,-,"¥1,500",¥950,¥650,¥300,¥70,,"¥1,500",https://files.cardrush.media/pokemon/ocha_products/75033.webp,1500
マスターボール R仕様【-】{017/018}[その他],H,017/018,-,"¥1,500",¥950,¥650,¥300,¥70,,"¥1,500",https://files.cardrush.media/pokemon/ocha_products/6505.webp,1500
モンスターボール 【-】{002/015}[S8a-G],J,002/015,-,"¥1,500",¥950,¥650,¥300,¥70,,"¥1,500",https://files.cardrush.media/pokemon/ocha_products/23853.webp,1500
ミミッキュ 【S】{265/190}[SV4a],G,265/190,S,"¥1,500",¥950,¥650,¥300,¥70,,"¥1,500",https://files.cardrush.media/pokemon/ocha_products/50994.webp,1500
モクロー 【S】{162/150}[sm8b],A,162/150,S,"¥1,500",¥950,¥650,¥300,¥70,,"¥1,500",https://files.cardrush.media/pokemon/ocha_products/2431.webp,1500
リザード 【S】{167/150}[sm8b],B,167/150,S,"¥1,500",¥950,¥650,¥300,¥70,,"¥1,500",https://files.cardrush.media/pokemon/ocha_products/2467.webp,1500
ザマゼンタ 【A】{044/076}[s3a],D,044/076,A,"¥1,500",¥950,¥650,¥300,¥70,,"¥1,500",https://files.cardrush.media/pokemon/ocha_products/14079.webp,1500
ピカチュウ マクドナルド【P】{020/M-P}[その他],I,020/M-P,P,"¥1,500",¥950,¥650,¥300,¥70,,"¥1,500",https://files.cardrush.media/pokemon/ocha_products/69972.webp,1500
パルデアウパー AR仕様【P】{193/SV-P}[PROMO],H,193/SV-P,P,"¥1,500",¥950,¥650,¥300,¥70,,"¥1,500",https://files.cardrush.media/pokemon/ocha_products/60984.webp,1500
ピカチュウ 【P】{242/SV-P}[その他],I,242/SV-P,P,"¥1,500",¥950,¥650,¥300,¥70,,"¥1,500",https://files.cardrush.media/pokemon/ocha_products/64706.webp,1500
フシギダネ 【P】{337/S-P}[その他],F,337/S-P,P,"¥1,500",¥950,¥650,¥300,¥70,,"¥1,500",https://files.cardrush.media/pokemon/ocha_products/38082.webp,1500
リザードン 【P】{143/S-P}[その他],D,143/S-P,P,"¥1,500",¥950,¥650,¥300,¥70,,"¥1,500",https://files.cardrush.media/pokemon/ocha_products/14757.webp,1500
ルギア 【P】{151/S-P}[その他],D,151/S-P,P,"¥1,500",¥950,¥650,¥300,¥70,,"¥1,500",https://files.cardrush.media/pokemon/ocha_products/17836.webp,1500
シロナ＆カトレア 【P】{088/S-P}[その他],C,088/S-P,P,"¥1,500",¥950,¥650,¥300,¥70,,"¥1,500",https://files.cardrush.media/pokemon/ocha_products/13090.webp,1500
モクロー 【P】{049/SM-P}[その他],A,049/SM-P,P,"¥1,500",¥950,¥650,¥300,¥70,,"¥1,500",https://files.cardrush.media/pokemon/ocha_products/19909.webp,1500
ヒトカゲ 【P】{112/SM-P}[その他],A,112/SM-P,P,"¥1,500",¥950,¥650,¥300,¥70,,"¥1,500",https://files.cardrush.media/pokemon/ocha_products/2115.webp,1500
ベベノム 【P】{202/SM-P}[その他],B,202/SM-P,P,"¥1,500",¥950,¥650,¥300,¥70,,"¥1,500",https://files.cardrush.media/pokemon/ocha_products/1300.webp,1500
マケンカニ 【P】{026/SM-P}[その他],A,026/SM-P,P,"¥1,500",¥950,¥650,¥300,¥70,,"¥1,500",https://files.cardrush.media/pokemon/ocha_products/2128.webp,1500
ジジーロン 【P】{016/SM-P}[その他],A,016/SM-P,P,"¥1,500",¥950,¥650,¥300,¥70,,"¥1,500",https://files.cardrush.media/pokemon/ocha_products/19896.webp,1500
ジガルデ 【P】{178/SM-P}[その他],A,178/SM-P,P,"¥1,500",¥950,¥650,¥300,¥70,,"¥1,500",https://files.cardrush.media/pokemon/ocha_products/19938.webp,1500
シロナ 【P】{266/SM-P}[その他],B,266/SM-P,P,"¥1,500",¥950,¥650,¥300,¥70,,"¥1,500",https://files.cardrush.media/pokemon/ocha_products/1942.webp,1500
ハラ チャンピオンズリーグ2017【P】{082/SM-P}[その他],A,082/SM-P,P,"¥1,500",¥950,¥650,¥300,¥70,,"¥1,500",https://files.cardrush.media/pokemon/ocha_products/1093.webp,1500
こくばバドレックスVMAX 【HR】{085/070}[S6K],E,085/070,HR,"¥1,500",¥950,¥650,¥300,¥70,,"¥1,500",https://files.cardrush.media/pokemon/ocha_products/20182.webp,1500
ネクロズマあかつきのつばさGX 【HR】{074/066}[sm5m],B,074/066,HR,"¥1,500",¥950,¥650,¥300,¥70,,"¥1,500",https://files.cardrush.media/pokemon/ocha_products/995.webp,1500
テッカグヤGX 【HR】{123/114}[sm4+],A,123/114,HR,"¥1,500",¥950,¥650,¥300,¥70,,"¥1,500",https://files.cardrush.media/pokemon/ocha_products/930.webp,1500
すごいつりざお 【UR】{098/071}[SV2P],G,098/071,UR,"¥1,500",¥950,¥650,¥300,¥70,,"¥1,500",https://files.cardrush.media/pokemon/ocha_products/41832.webp,1500
ビーストリング 【UR】{062/050}[sm5+],B,062/050,UR,"¥1,500",¥950,¥650,¥300,¥70,,"¥1,500",https://files.cardrush.media/pokemon/ocha_products/1108.webp,1500
マルチつけかえ 【UR】{065/049}[sm2+],A,065/049,UR,"¥1,500",¥950,¥650,¥300,¥70,,"¥1,500",https://files.cardrush.media/pokemon/ocha_products/1473.webp,1500
レベルボール 【UR】{090/070}[S5R],E,090/070,UR,"¥1,500",¥950,¥650,¥300,¥70,,"¥1,500",https://files.cardrush.media/pokemon/ocha_products/18264.webp,1500
霧の水晶 【UR】{093/070}[S6K],E,093/070,UR,"¥1,500",¥950,¥650,¥300,¥70,,"¥1,500",https://files.cardrush.media/pokemon/ocha_products/20189.webp,1500
こだわりハチマキ 【UR】{064/049}[sm2+],A,064/049,UR,"¥1,500",¥950,¥650,¥300,¥70,,"¥1,500",https://files.cardrush.media/pokemon/ocha_products/1716.webp,1500
ねがいのバトン 【UR】{060/050}[sm4A],A,060/050,UR,"¥1,500",¥950,¥650,¥300,¥70,,"¥1,500",https://files.cardrush.media/pokemon/ocha_products/987.webp,1500
ムキムキダンベル 【UR】{063/051}[sm3H],A,063/051,UR,"¥1,500",¥950,¥650,¥300,¥70,,"¥1,500",https://files.cardrush.media/pokemon/ocha_products/1512.webp,1500
ジムバッジ マチス【P】{XY-P}[その他],P,XY-P,P,"¥1,500",¥750,¥300,¥150,¥40,,"¥1,500",https://files.cardrush.media/pokemon/ocha_products/689.webp,1500
まんたんのくすり バトルフェスタ2015【P】{XY-P}[その他],A,XY-P,P,"¥1,500",¥950,¥650,¥300,¥70,,"¥1,500",https://files.cardrush.media/pokemon/ocha_products/1482.webp,1500
フシギバナ＆ツタージャGX 【RR】{001/064}[sm11a],C,001/064,RR,"¥1,500",¥950,¥650,¥300,¥70,,"¥1,500",https://files.cardrush.media/pokemon/ocha_products/4965.webp,1500
ソルガレオ＆ルナアーラGX 【RR】{020/049}[sm11b],C,020/049,RR,"¥1,500",¥950,¥650,¥300,¥70,,"¥1,500",https://files.cardrush.media/pokemon/ocha_products/5154.webp,1500
メガミミロップ＆プリンGX 【RR】{073/095}[sm12],C,073/095,RR,"¥1,500",¥950,¥650,¥300,¥70,,"¥1,500",https://files.cardrush.media/pokemon/ocha_products/5454.webp,1500
モクロー 【-】{001/026}[smD],A,001/026,-,"¥1,500",¥950,¥650,¥300,¥70,,"¥1,500",https://files.cardrush.media/pokemon/ocha_products/1531.webp,1500
ホウオウGX 【RR】{013/114}[sm4+],A,013/114,RR,"¥1,500",¥950,¥650,¥300,¥70,,"¥1,500",https://files.cardrush.media/pokemon/ocha_products/1305.webp,1500
シャワーズVMAX RRR仕様【-】{002/004}[SP4],E,002/004,-,"¥1,500",¥950,¥650,¥300,¥70,,"¥1,500",https://files.cardrush.media/pokemon/ocha_products/20721.webp,1500
サンダースVMAX RRR仕様【-】{003/004}[SP4],E,003/004,-,"¥1,500",¥950,¥650,¥300,¥70,,"¥1,500",https://files.cardrush.media/pokemon/ocha_products/20722.webp,1500
ラティアス◇ 【PR】{066/096}[sm7],B,066/096,PR,"¥1,500",¥950,¥650,¥300,¥70,,"¥1,500",https://files.cardrush.media/pokemon/ocha_products/1559.webp,1500
カイリューGX 【RR】{028/053}[sm6a],B,028/053,RR,"¥1,500",¥950,¥650,¥300,¥70,,"¥1,500",https://files.cardrush.media/pokemon/ocha_products/325.webp,1500
クイックボール 【-】{DP2}[その他],D,DP2,-,"¥1,500",¥950,¥650,¥300,¥70,,"¥1,500",https://files.cardrush.media/pokemon/ocha_products/7068.webp,1500
ピカチュウ WCS2025/英語版【P】{225}[SVP EN],I,225,P,"¥1,500",¥950,¥650,¥300,¥70,,"¥1,500",https://files.cardrush.media/pokemon/ocha_products/70821.webp,1500
アイリスの闘志 【SAR】{247/193}[M2a],I,247/193,SAR,"¥1,400",¥950,¥700,¥350,¥70,,"¥1,400",https://files.cardrush.media/pokemon/ocha_products/73744.webp,1400
コーチトレーナー 【SR】{062/054}[sm10a],C,062/054,SR,"¥1,400",¥950,¥700,¥350,¥70,,"¥1,400",https://files.cardrush.media/pokemon/ocha_products/4004.webp,1400
ふりそで 【SR】{082/068}[S11a],F,082/068,SR,"¥1,400",¥950,¥650,¥300,¥40,,"¥1,500",https://files.cardrush.media/pokemon/ocha_products/37021.webp,1400
イキリンコex 【SAR】{094/071}[SV2P],G,094/071,SAR,"¥1,400",¥950,¥700,¥350,¥70,,"¥1,400",https://files.cardrush.media/pokemon/ocha_products/41828.webp,1400
オーガポンいどのめんex 【SAR】{127/101}[SV6],H,127/101,SAR,"¥1,400",¥950,¥650,¥300,¥40,,"¥1,500",https://files.cardrush.media/pokemon/ocha_products/55724.webp,1400
デンチュラex 【SAR】{128/102}[SV7],H,128/102,SAR,"¥1,400",¥950,¥650,¥300,¥40,,"¥1,500",https://files.cardrush.media/pokemon/ocha_products/58238.webp,1400
ブリジュラスex 【SAR】{088/064}[SV7a],H,088/064,SAR,"¥1,400",¥950,¥650,¥300,¥40,,"¥1,500",https://files.cardrush.media/pokemon/ocha_products/59576.webp,1400
ドリュウズex 【SAR】{171/086}[SV11B],I,171/086,SAR,"¥1,400",¥950,¥700,¥350,¥70,,"¥1,400",https://files.cardrush.media/pokemon/ocha_products/67340.webp,1400
メタグロスGX 【SR】{054/050}[sm2L],A,054/050,SR,"¥1,400","¥1,000",¥700,¥300,¥40,,"¥1,600",https://files.cardrush.media/pokemon/ocha_products/1523.webp,1400
ヨクバリスV SA【SR】{111/100}[S8],E,111/100,SR,"¥1,400",¥950,¥700,¥350,¥70,,"¥1,400",https://files.cardrush.media/pokemon/ocha_products/22196.webp,1400
シャンデラ 【AR】{102/086}[SV11B],I,102/086,AR,"¥1,400","¥1,000",¥700,¥300,¥40,,"¥1,600",https://files.cardrush.media/pokemon/ocha_products/67271.webp,1400
ハピナスV 【CSR】{254/184}[S8b],E,254/184,CSR,"¥1,400",¥950,¥650,¥300,¥40,,"¥1,500",https://files.cardrush.media/pokemon/ocha_products/23030.webp,1400
イベルタル 【P】{052/XY-P}[その他],PROMO,052/XY-P,P,"¥1,400",¥700,¥250,¥100,¥40,,"¥1,600",https://files.cardrush.media/pokemon/ocha_products/22598.webp,1400
カメックス 【R】{014/059}[その他],EX,014/059,R,"¥1,400",¥700,¥250,¥100,¥40,,"¥1,600",https://files.cardrush.media/pokemon/ocha_products/6225.webp,1400
マイナン 【★】{035/082}[-],-,035/082,★,"¥1,400",¥700,¥250,¥100,¥40,,"¥1,600",https://files.cardrush.media/pokemon/ocha_products/66287.webp,1400
カビゴン Classicキラ【-】{016/032}[CLF],-,016/032,-,"¥1,400",¥700,¥250,¥100,¥40,,"¥1,600",https://files.cardrush.media/pokemon/ocha_products/48994.webp,1400
フシギバナEX 【RR】{001/087}[CP6],XY,001/087,RR,"¥1,400",¥700,¥250,¥100,¥40,,"¥1,600",https://files.cardrush.media/pokemon/ocha_products/19703.webp,1400
マスカーニャex 【UR】{101/073}[SV1a],G,101/073,UR,"¥1,400",¥900,¥600,¥250,¥70,,"¥1,400",https://files.cardrush.media/pokemon/ocha_products/40603.webp,1400
ミライドンex 【UR】{358/190}[SV4a],G,358/190,UR,"¥1,400",¥900,¥600,¥250,¥70,,"¥1,400",https://files.cardrush.media/pokemon/ocha_products/51087.webp,1400
ダイゴのダンバル AR仕様【-】{019/018}[SVOD],I,019/018,-,"¥1,400",¥900,¥600,¥250,¥70,,"¥1,400",https://files.cardrush.media/pokemon/ocha_products/64092.webp,1400
ダークライ＆クレセリアLEGEND 30th/復刻版【-】{151/103+152/103}[M6a],J,151/103+152/103,-,"¥1,400",¥900,¥600,¥250,¥70,,"¥1,400",https://files.cardrush.media/pokemon/ocha_products/85126.webp,1400
ハッコウシティ 【UR】{092/063}[SV9a],I,092/063,UR,"¥1,400",¥900,¥600,¥250,¥70,,"¥1,400",https://files.cardrush.media/pokemon/ocha_products/64591.webp,1400
イエッサン コロコロイチバン【P】{109/S-P}[その他],D,109/S-P,P,"¥1,400",¥900,¥600,¥250,¥70,,"¥1,400",https://files.cardrush.media/pokemon/ocha_products/18898.webp,1400
アマージョGX 【P】{065/SM-P}[その他],A,065/SM-P,P,"¥1,400",¥900,¥600,¥250,¥70,,"¥1,400",https://files.cardrush.media/pokemon/ocha_products/170.webp,1400
アローラロコン 【P】{052/SM-P}[その他],A,052/SM-P,P,"¥1,400",¥900,¥600,¥250,¥70,,"¥1,400",https://files.cardrush.media/pokemon/ocha_products/192.webp,1400
アローラロコン 【P】{293/SM-P}[その他],A,293/SM-P,P,"¥1,400",¥900,¥600,¥250,¥70,,"¥1,400",https://files.cardrush.media/pokemon/ocha_products/2807.webp,1400
サンダー 【P】{305/SM-P}[その他],C,305/SM-P,P,"¥1,400",¥900,¥600,¥250,¥70,,"¥1,400",https://files.cardrush.media/pokemon/ocha_products/3544.webp,1400
ラティアス 【P】{101/SM-P}[その他],A,101/SM-P,P,"¥1,400",¥900,¥600,¥250,¥70,,"¥1,400",https://files.cardrush.media/pokemon/ocha_products/19920.webp,1400
アローラニャース 【P】{032/SM-P}[その他],A,032/SM-P,P,"¥1,400",¥900,¥600,¥250,¥70,,"¥1,400",https://files.cardrush.media/pokemon/ocha_products/19904.webp,1400
ロイヤルマスク 【P】{084/SM-P}[その他],A,084/SM-P,P,"¥1,400",¥900,¥600,¥250,¥70,,"¥1,400",https://files.cardrush.media/pokemon/ocha_products/1684.webp,1400
バタフリーVMAX 【HR】{079/070}[S2a],D,079/070,HR,"¥1,400",¥900,¥600,¥250,¥70,,"¥1,400",https://files.cardrush.media/pokemon/ocha_products/13180.webp,1400
ビクティニVMAX 【HR】{082/070}[S5R],E,082/070,HR,"¥1,400",¥900,¥600,¥250,¥70,,"¥1,400",https://files.cardrush.media/pokemon/ocha_products/18253.webp,1400
れんげきウーラオスVMAX 【HR】{083/070}[S5R],E,083/070,HR,"¥1,400",¥900,¥600,¥250,¥70,,"¥1,400",https://files.cardrush.media/pokemon/ocha_products/18260.webp,1400
いちげきウーラオスVMAX 【HR】{084/070}[S5I],E,084/070,HR,"¥1,400",¥900,¥600,¥250,¥70,,"¥1,400",https://files.cardrush.media/pokemon/ocha_products/18237.webp,1400
ガラルヤドキングVMAX 【HR】{088/070}[S5a],E,088/070,HR,"¥1,400",¥900,¥600,¥250,¥70,,"¥1,400",https://files.cardrush.media/pokemon/ocha_products/19005.webp,1400
マニューラGX 【HR】{216/173}[sm12a],C,216/173,HR,"¥1,400",¥900,¥600,¥250,¥70,,"¥1,400",https://files.cardrush.media/pokemon/ocha_products/6056.webp,1400
サナ 【HR】{084/067}[S7R],E,084/067,HR,"¥1,400",¥900,¥600,¥250,¥70,,"¥1,400",https://files.cardrush.media/pokemon/ocha_products/21484.webp,1400
ヒガナの決意 【HR】{086/067}[S7R],E,086/067,HR,"¥1,400",¥900,¥600,¥250,¥70,,"¥1,400",https://files.cardrush.media/pokemon/ocha_products/21486.webp,1400
エスケープボード 【UR】{077/066}[sm5m],B,077/066,UR,"¥1,400",¥900,¥600,¥250,¥70,,"¥1,400",https://files.cardrush.media/pokemon/ocha_products/244.webp,1400
大きなおまもり 【UR】{085/070}[s1a],D,085/070,UR,"¥1,400",¥900,¥600,¥250,¥70,,"¥1,400",https://files.cardrush.media/pokemon/ocha_products/7369.webp,1400
ミミッキュ 【-】{051/131}[smH],A,051/131,-,"¥1,400",¥900,¥600,¥250,¥70,,"¥1,400",https://files.cardrush.media/pokemon/ocha_products/1791.webp,1400
ブラッキー 【U】{058/095}[sm8],B,058/095,U,"¥1,400",¥900,¥600,¥250,¥70,,"¥1,400",https://files.cardrush.media/pokemon/ocha_products/1907.webp,1400
ダークライGX 【RR】{064/114}[sm4+],A,064/114,RR,"¥1,400",¥900,¥600,¥250,¥70,,"¥1,400",https://files.cardrush.media/pokemon/ocha_products/818.webp,1400
ジラーチ◇ 【PR】{057/096}[sm7],B,057/096,PR,"¥1,400",¥900,¥600,¥250,¥70,,"¥1,400",https://files.cardrush.media/pokemon/ocha_products/721.webp,1400
ジラーチ◇ 【PR】{091/173}[sm12a],B,091/173,PR,"¥1,400",¥900,¥600,¥250,¥70,,"¥1,400",https://files.cardrush.media/pokemon/ocha_products/5864.webp,1400
ラティオス◇ 【PR】{067/096}[sm7],B,067/096,PR,"¥1,400",¥900,¥600,¥250,¥70,,"¥1,400",https://files.cardrush.media/pokemon/ocha_products/1560.webp,1400
アルセウス◇ 【PR】{037/050}[sm5+],B,037/050,PR,"¥1,400",¥900,¥600,¥250,¥70,,"¥1,400",https://files.cardrush.media/pokemon/ocha_products/171.webp,1400
ニンフィアGX 【RR】{040/051}[sm1+],A,040/051,RR,"¥1,400",¥900,¥600,¥250,¥70,,"¥1,400",https://files.cardrush.media/pokemon/ocha_products/983.webp,1400
ニンフィアGX 【RR】{073/114}[sm4+],A,073/114,RR,"¥1,400",¥900,¥600,¥250,¥70,,"¥1,400",https://files.cardrush.media/pokemon/ocha_products/984.webp,1400
レックウザGX 【RR】{068/096}[sm7],B,068/096,RR,"¥1,400",¥900,¥600,¥250,¥70,,"¥1,400",https://files.cardrush.media/pokemon/ocha_products/1777.webp,1400
レックウザGX 【RR】{098/150}[sm8b],B,098/150,RR,"¥1,400",¥900,¥600,¥250,¥70,,"¥1,400",https://files.cardrush.media/pokemon/ocha_products/2496.webp,1400
ナタネの活気 【SAR】{243/172}[S12a],F,243/172,SAR,"¥1,300",¥900,¥600,¥250,¥40,,"¥1,400",https://files.cardrush.media/pokemon/ocha_products/38423.webp,1300
ビート 【SR】{068/060}[s1W],D,068/060,SR,"¥1,300",¥900,¥650,¥300,¥60,,"¥1,300",https://files.cardrush.media/pokemon/ocha_products/7024.webp,1300
ポケモンブリーダーの育成 【SR】{078/070}[S2a],D,078/070,SR,"¥1,300",¥900,¥650,¥300,¥60,,"¥1,300",https://files.cardrush.media/pokemon/ocha_products/13179.webp,1300
シャクヤ 【SR】{082/070}[S6K],E,082/070,SR,"¥1,300",¥900,¥650,¥300,¥60,,"¥1,300",https://files.cardrush.media/pokemon/ocha_products/20179.webp,1300
カミツレのきらめき 【SR】{113/100}[S8],E,113/100,SR,"¥1,300",¥900,¥650,¥300,¥60,,"¥1,300",https://files.cardrush.media/pokemon/ocha_products/22198.webp,1300
ナタネの活気 【SR】{078/067}[S10D],F,078/067,SR,"¥1,300",¥900,¥650,¥300,¥60,,"¥1,300",https://files.cardrush.media/pokemon/ocha_products/34746.webp,1300
おじょうさま 【SR】{114/100}[S11],F,114/100,SR,"¥1,300",¥900,¥650,¥300,¥60,,"¥1,300",https://files.cardrush.media/pokemon/ocha_products/36381.webp,1300
イルカマンex 【SAR】{207/187}[SV8a],H,207/187,SAR,"¥1,300",¥950,¥650,¥300,¥40,,"¥1,500",https://files.cardrush.media/pokemon/ocha_products/62008.webp,1300
ボルケニオンex 【SAR】{124/100}[SV9],I,124/100,SAR,"¥1,300",¥950,¥650,¥300,¥40,,"¥1,500",https://files.cardrush.media/pokemon/ocha_products/63633.webp,1300
メガルチャブルex 【SAR】{239/193}[M2a],I,239/193,SAR,"¥1,300",¥950,¥650,¥300,¥40,,"¥1,500",https://files.cardrush.media/pokemon/ocha_products/73736.webp,1300
メガドラミドロex 【SAR】{116/083}[M4],J,116/083,SAR,"¥1,300",¥900,¥600,¥250,¥40,,"¥1,400",https://files.cardrush.media/pokemon/ocha_products/79901.webp,1300
メガシャンデラex 【SAR】{113/081}[M5],J,113/081,SAR,"¥1,300",¥950,¥650,¥300,¥40,,"¥1,500",https://files.cardrush.media/pokemon/ocha_products/81470.webp,1300
ジャラランガGX 【SR】{054/050}[sm2K],A,054/050,SR,"¥1,300",¥950,¥650,¥300,¥40,,"¥1,500",https://files.cardrush.media/pokemon/ocha_products/709.webp,1300
ジガルデGX 【SR】{096/094}[sm6],B,096/094,SR,"¥1,300",¥950,¥650,¥300,¥40,,"¥1,500",https://files.cardrush.media/pokemon/ocha_products/658.webp,1300
アーゴヨン＆アクジキングGX 【SR】{101/095}[sm12],C,101/095,SR,"¥1,300",¥950,¥650,¥300,¥40,,"¥1,500",https://files.cardrush.media/pokemon/ocha_products/5482.webp,1300
バンギラスV 【SR】{076/070}[S5I],E,076/070,SR,"¥1,300",¥900,¥650,¥300,¥60,,"¥1,300",https://files.cardrush.media/pokemon/ocha_products/18240.webp,1300
シロナのガブリアスex 【SR】{080/063}[SV9a],I,080/063,SR,"¥1,300",¥950,¥650,¥300,¥40,,"¥1,500",https://files.cardrush.media/pokemon/ocha_products/64579.webp,1300
メリープ 【AR】{209/172}[S12a],E,209/172,AR,"¥1,300",¥950,¥650,¥300,¥40,,"¥1,500",https://files.cardrush.media/pokemon/ocha_products/38389.webp,1300
カビゴン 【AR】{181/165}[SV2a],G,181/165,AR,"¥1,300",¥950,¥650,¥300,¥40,,"¥1,500",https://files.cardrush.media/pokemon/ocha_products/43840.webp,1300
リザード 【AR】{169/165}[SV2a],G,169/165,AR,"¥1,300",¥900,¥650,¥300,¥60,,"¥1,300",https://files.cardrush.media/pokemon/ocha_products/43828.webp,1300
ライチュウ 【AR】{074/071}[SV2D],G,074/071,AR,"¥1,300",¥900,¥650,¥300,¥60,,"¥1,300",https://files.cardrush.media/pokemon/ocha_products/41836.webp,1300
プラスル 【AR】{065/062}[SV3a],G,065/062,AR,"¥1,300",¥950,¥650,¥300,¥40,,"¥1,500",https://files.cardrush.media/pokemon/ocha_products/47854.webp,1300
シキジカ 【AR】{073/071}[SV5M],H,073/071,AR,"¥1,300",¥950,¥650,¥300,¥40,,"¥1,500",https://files.cardrush.media/pokemon/ocha_products/53303.webp,1300
ラティオス 【AR】{070/064}[SV7a],H,070/064,AR,"¥1,300",¥950,¥650,¥300,¥40,,"¥1,500",https://files.cardrush.media/pokemon/ocha_products/59558.webp,1300
ヒビキのバクフーン 【AR】{070/063}[SV9a],I,070/063,AR,"¥1,300",¥900,¥650,¥300,¥60,,"¥1,300",https://files.cardrush.media/pokemon/ocha_products/64569.webp,1300
ウルガモス 【AR】{104/086}[SV11B],I,104/086,AR,"¥1,300",¥950,¥650,¥300,¥40,,"¥1,500",https://files.cardrush.media/pokemon/ocha_products/67273.webp,1300
タブンネ 【AR】{156/086}[SV11B],I,156/086,AR,"¥1,300",¥900,¥650,¥300,¥60,,"¥1,300",https://files.cardrush.media/pokemon/ocha_products/67325.webp,1300
チラチーノ 【AR】{158/086}[SV11B],I,158/086,AR,"¥1,300",¥900,¥650,¥300,¥60,,"¥1,300",https://files.cardrush.media/pokemon/ocha_products/67327.webp,1300
コイル 【CHR】{055/049}[sm11b],C,055/049,CHR,"¥1,300",¥900,¥650,¥300,¥60,,"¥1,300",https://files.cardrush.media/pokemon/ocha_products/5189.webp,1300
ラブトロスV 【CSR】{088/071}[S10a],F,088/071,CSR,"¥1,300",¥900,¥650,¥300,¥60,,"¥1,300",https://files.cardrush.media/pokemon/ocha_products/35367.webp,1300
アンノーンN LV.14 【-】{旧裏}[その他],,旧裏,-,"¥1,300",¥500,¥200,¥100,¥30,,"¥1,500",https://files.cardrush.media/pokemon/ocha_products/76935.webp,1300
アンノーンE LV.10 【-】{旧裏}[その他],,旧裏,-,"¥1,300",¥500,¥200,¥100,¥30,,"¥1,500",https://files.cardrush.media/pokemon/ocha_products/76936.webp,1300
アンノーンO LV.12 【-】{旧裏}[その他],,旧裏,-,"¥1,300",¥500,¥200,¥100,¥30,,"¥1,500",https://files.cardrush.media/pokemon/ocha_products/76937.webp,1300
ラッタ LV.25 【-】{旧裏}[その他],,旧裏,-,"¥1,300",¥500,¥200,¥100,¥30,,"¥1,500",https://files.cardrush.media/pokemon/ocha_products/76964.webp,1300
イワーク LV.40 【-】{旧裏}[その他],,旧裏,-,"¥1,300",¥500,¥200,¥100,¥30,,"¥1,500",https://files.cardrush.media/pokemon/ocha_products/76967.webp,1300
ロケット団参上！ 25th【P】{006/025}[S8a-P],その他,006/025,P,"¥1,300",¥650,¥250,¥100,¥30,,"¥1,500",https://files.cardrush.media/pokemon/ocha_products/22384.webp,1300
キモリ 【P】{107/XY-P}[XY],PROMO,107/XY-P,P,"¥1,300",¥650,¥250,¥100,¥30,,"¥1,500",https://files.cardrush.media/pokemon/ocha_products/72347.webp,1300
アチャモ 【P】{108/XY-P}[XY],PROMO,108/XY-P,P,"¥1,300",¥650,¥250,¥100,¥30,,"¥1,500",https://files.cardrush.media/pokemon/ocha_products/72349.webp,1300
スイクン 【P】{205/XY-P}[XY],PROMO,205/XY-P,P,"¥1,300",¥650,¥250,¥100,¥30,,"¥1,500",https://files.cardrush.media/pokemon/ocha_products/72397.webp,1300
ミズゴロウ 【P】{109/XY-P}[XY],PROMO,109/XY-P,P,"¥1,300",¥650,¥250,¥100,¥30,,"¥1,500",https://files.cardrush.media/pokemon/ocha_products/72351.webp,1300
アグノム 【P】{219/XY-P}[XY],PROMO,219/XY-P,P,"¥1,300",¥650,¥250,¥100,¥30,,"¥1,500",https://files.cardrush.media/pokemon/ocha_products/72401.webp,1300
バンギラス 【P】{287/XY-P}[XY],PROMO,287/XY-P,P,"¥1,300",¥650,¥250,¥100,¥30,,"¥1,500",https://files.cardrush.media/pokemon/ocha_products/72430.webp,1300
カラマネロ 【P】{130/XY-P}[XY],PROMO,130/XY-P,P,"¥1,300",¥650,¥250,¥100,¥30,,"¥1,500",https://files.cardrush.media/pokemon/ocha_products/72364.webp,1300
クチートソウルリンク 【P】{188/XY-P}[XY],PROMO,188/XY-P,P,"¥1,300",¥650,¥250,¥100,¥30,,"¥1,500",https://files.cardrush.media/pokemon/ocha_products/72395.webp,1300
ヤドランソウルリンク 【P】{265/XY-P}[XY],PROMO,265/XY-P,P,"¥1,300",¥650,¥250,¥100,¥30,,"¥1,500",https://files.cardrush.media/pokemon/ocha_products/72423.webp,1300
アララギ博士 【P】{012/BW-P}[その他],EX,012/BW-P,P,"¥1,300",¥650,¥250,¥100,¥30,,"¥1,500",https://files.cardrush.media/pokemon/ocha_products/4094.webp,1300
ツタージャ 【P】{075/BW-P}[BW-P],PROMO,075/BW-P,P,"¥1,300",¥650,¥250,¥100,¥30,,"¥1,500",https://files.cardrush.media/pokemon/ocha_products/71235.webp,1300
ポカブ 【P】{076/BW-P}[BW-P],PROMO,076/BW-P,P,"¥1,300",¥650,¥250,¥100,¥30,,"¥1,500",https://files.cardrush.media/pokemon/ocha_products/71236.webp,1300
ミジュマル 【P】{077/BW-P}[BW-P],PROMO,077/BW-P,P,"¥1,300",¥650,¥250,¥100,¥30,,"¥1,500",https://files.cardrush.media/pokemon/ocha_products/71237.webp,1300
ヒュウ 【P】{170/BW-P}[BW-P],PROMO,170/BW-P,P,"¥1,300",¥650,¥250,¥100,¥30,,"¥1,500",https://files.cardrush.media/pokemon/ocha_products/71292.webp,1300
バリヤード 【U】{023/051}[BW8],EX,023/051,U,"¥1,300",¥650,¥250,¥100,¥30,,"¥1,500",https://files.cardrush.media/pokemon/ocha_products/22614.webp,1300
ガラガラ 【P】{169/XY-P}[その他],EX,169/XY-P,P,"¥1,300",¥650,¥250,¥100,¥30,,"¥1,500",https://files.cardrush.media/pokemon/ocha_products/42496.webp,1300
ジラーチ 【-】{080/171}[XY],EX,080/171,-,"¥1,300",¥650,¥250,¥100,¥30,,"¥1,500",https://files.cardrush.media/pokemon/ocha_products/55403.webp,1300
ダウジングマシン 【R】{069/070}[BW7青],EX,069/070,R,"¥1,300",¥650,¥250,¥100,¥30,,"¥1,500",https://files.cardrush.media/pokemon/ocha_products/851.webp,1300
バトルサーチャー 【-】{076/082}[その他],EX,076/082,-,"¥1,300",¥650,¥250,¥100,¥30,,"¥1,500",https://files.cardrush.media/pokemon/ocha_products/22615.webp,1300
レックウザソウルリンク 【P】{126/XY-P}[その他],EX,126/XY-P,P,"¥1,300",¥650,¥250,¥100,¥30,,"¥1,500",https://files.cardrush.media/pokemon/ocha_products/1673.webp,1300
魅惑のポフレ 【P】{243/XY-P}[その他],EX,243/XY-P,P,"¥1,300",¥650,¥250,¥100,¥30,,"¥1,500",https://files.cardrush.media/pokemon/ocha_products/1509.webp,1300
ミツル 【U】{032/032}[CP3],EX,032/032,U,"¥1,300",¥650,¥250,¥100,¥30,,"¥1,500",https://files.cardrush.media/pokemon/ocha_products/1496.webp,1300
ラルトス 【C】{008/020}[SC],,008/020,C,"¥1,300",¥650,¥250,¥100,¥30,,"¥1,500",https://files.cardrush.media/pokemon/ocha_products/47109.webp,1300
マナフィ 【-】{011/036}[CP5],EX,011/036,-,"¥1,300",¥650,¥250,¥100,¥30,,"¥1,500",https://files.cardrush.media/pokemon/ocha_products/18484.webp,1300
ホワイトキュレム 【-】{015/036}[CP5],EX,015/036,-,"¥1,300",¥650,¥250,¥100,¥30,,"¥1,500",https://files.cardrush.media/pokemon/ocha_products/18488.webp,1300
アルセウス 【-】{035/036}[CP5],EX,035/036,-,"¥1,300",¥650,¥250,¥100,¥30,,"¥1,500",https://files.cardrush.media/pokemon/ocha_products/18504.webp,1300
バトルタワー 【P】{019/DPt-P}[その他],HOF,019/DPt-P,P,"¥1,300",¥650,¥250,¥100,¥30,,"¥1,500",https://files.cardrush.media/pokemon/ocha_products/6380.webp,1300
ソルロック 【★】{056/086}[その他],-,056/086,★,"¥1,300",¥650,¥250,¥100,¥30,,"¥1,500",https://files.cardrush.media/pokemon/ocha_products/84675.webp,1300
アリアドス 【★】{006/106}[その他],-,006/106,★,"¥1,300",¥650,¥250,¥100,¥30,,"¥1,500",https://files.cardrush.media/pokemon/ocha_products/84689.webp,1300
カイリキー 【R】{057/087}[CP6],XY,057/087,R,"¥1,300",¥650,¥250,¥100,¥30,,"¥1,500",https://files.cardrush.media/pokemon/ocha_products/19751.webp,1300
ピカチュウV RR仕様【P】{121/S-P}[その他],状態減額大,121/S-P,P,"¥1,300",¥650,¥250,¥100,¥30,,"¥1,500",https://files.cardrush.media/pokemon/ocha_products/14568.webp,1300
なみのりピカチュウVMAX 25th【RRR】{022/028}[その他],PIKA,022/028,RRR,"¥1,300",¥650,¥250,¥100,¥30,,"¥1,500",https://files.cardrush.media/pokemon/ocha_products/22367.webp,1300
そらをとぶピカチュウVMAX 25th【RRR】{024/028}[その他],PIKA,024/028,RRR,"¥1,300",¥650,¥250,¥100,¥30,,"¥1,500",https://files.cardrush.media/pokemon/ocha_products/22369.webp,1300
ピカチュウ 【P】{126/S-P}[その他],PIKA,126/S-P,P,"¥1,300",¥650,¥250,¥100,¥30,,"¥1,500",https://files.cardrush.media/pokemon/ocha_products/14573.webp,1300
ピカチュウ 【●】{031/090}[Pt4],状態減額大,031/090,●,"¥1,300",¥650,¥250,¥100,¥30,,"¥1,500",https://files.cardrush.media/pokemon/ocha_products/20965.webp,1300
ピカチュウ 【-】{007/012}[その他],状態減額大,007/012,-,"¥1,300",¥650,¥250,¥100,¥30,,"¥1,500",https://files.cardrush.media/pokemon/ocha_products/20971.webp,1300
ヒノアラシ マクドナルド【-】{006/018}[e],状態減額大,006/018,-,"¥1,300",¥650,¥250,¥100,¥30,,"¥1,500",https://files.cardrush.media/pokemon/ocha_products/48312.webp,1300
マリル マクドナルド【-】{009/018}[e],状態減額大,009/018,-,"¥1,300",¥650,¥250,¥100,¥30,,"¥1,500",https://files.cardrush.media/pokemon/ocha_products/48314.webp,1300
ヒトカゲ Classicキラ【-】{001/032}[CLL],-,001/032,-,"¥1,300",¥650,¥250,¥100,¥30,,"¥1,500",https://files.cardrush.media/pokemon/ocha_products/49013.webp,1300
バティックシャツのピカチュウ ヒトデマン柄【P】{155/SV-P}[その他],,155/SV-P,P,"¥1,300",¥650,¥250,¥100,¥30,,"¥1,500",https://files.cardrush.media/pokemon/ocha_products/71005.webp,1300
フシギバナEX RR仕様【-】{001/072}[20th],,001/072,-,"¥1,300",¥650,¥250,¥100,¥30,,"¥1,500",https://files.cardrush.media/pokemon/ocha_products/80606.webp,1300
レシラムEX 【RR】{021/093}[EBB],,021/093,RR,"¥1,300",¥650,¥250,¥100,¥30,,"¥1,500",https://files.cardrush.media/pokemon/ocha_products/80611.webp,1300
ジュカインEX 【P】{163/XY-P}[その他],EX,163/XY-P,P,"¥1,300",¥650,¥250,¥100,¥30,,"¥1,500",https://files.cardrush.media/pokemon/ocha_products/4033.webp,1300
ジュカインEX 【-】{006/131}[その他],EX,006/131,-,"¥1,300",¥650,¥250,¥100,¥30,,"¥1,500",https://files.cardrush.media/pokemon/ocha_products/4036.webp,1300
フーディンEX 【RR】{023/078}[その他],EX,023/078,RR,"¥1,300",¥650,¥250,¥100,¥30,,"¥1,500",https://files.cardrush.media/pokemon/ocha_products/4078.webp,1300
フーディンEX 【-】{040/171}[XY],EX,040/171,-,"¥1,300",¥650,¥250,¥100,¥30,,"¥1,500",https://files.cardrush.media/pokemon/ocha_products/4077.webp,1300
ダークライEX 【-】{021/046}[その他],EX,021/046,-,"¥1,300",¥650,¥250,¥100,¥30,,"¥1,500",https://files.cardrush.media/pokemon/ocha_products/4297.webp,1300
カイリューEX 【P】{134/SV-P}[PROMO],XY,134/SV-P,P,"¥1,300",¥650,¥250,¥100,¥30,,"¥1,500",https://files.cardrush.media/pokemon/ocha_products/52526.webp,1300
ピジョットEX 【RR】{062/087}[CP6],XY,062/087,RR,"¥1,300",¥650,¥250,¥100,¥30,,"¥1,500",https://files.cardrush.media/pokemon/ocha_products/19755.webp,1300
カプ・ブルルGX 【UR】{244/150}[sm8b],A,244/150,UR,"¥1,300",¥800,¥550,¥250,¥60,,"¥1,300",https://files.cardrush.media/pokemon/ocha_products/2211.webp,1300
モスノウ 【UR】{084/070}[s1a],D,084/070,UR,"¥1,300",¥800,¥550,¥250,¥60,,"¥1,300",https://files.cardrush.media/pokemon/ocha_products/7368.webp,1300
モココ 【UR】{125/100}[S8],E,125/100,UR,"¥1,300",¥800,¥550,¥250,¥60,,"¥1,300",https://files.cardrush.media/pokemon/ocha_products/22210.webp,1300
カプ・コケコGX 【UR】{246/150}[sm8b],A,246/150,UR,"¥1,300",¥800,¥550,¥250,¥60,,"¥1,300",https://files.cardrush.media/pokemon/ocha_products/2208.webp,1300
ミライドンex 【UR】{106/078}[SV1V],G,106/078,UR,"¥1,300",¥800,¥550,¥250,¥60,,"¥1,300",https://files.cardrush.media/pokemon/ocha_products/39557.webp,1300
こくばバドレックスVMAX 【UR】{281/184}[S8b],E,281/184,UR,"¥1,300",¥800,¥550,¥250,¥60,,"¥1,300",https://files.cardrush.media/pokemon/ocha_products/23057.webp,1300
トドロクツキex 【UR】{093/066}[SV4K],G,093/066,UR,"¥1,300",¥800,¥550,¥250,¥60,,"¥1,300",https://files.cardrush.media/pokemon/ocha_products/49656.webp,1300
マリィのモルペコ AR仕様【-】{020/019}[SVOM],I,020/019,-,"¥1,300",¥800,¥550,¥250,¥60,,"¥1,300",https://files.cardrush.media/pokemon/ocha_products/64091.webp,1300
クチート AR仕様【-】{754/742}[MC],J,754/742,-,"¥1,300",¥800,¥550,¥250,¥60,,"¥1,300",https://files.cardrush.media/pokemon/ocha_products/75865.webp,1300
ニャオハ AR仕様【-】{018/017}[MEM],J,018/017,-,"¥1,300",¥800,¥550,¥250,¥60,,"¥1,300",https://files.cardrush.media/pokemon/ocha_products/82947.webp,1300
ゾロア AR仕様【-】{020/019}[MEZ],J,020/019,-,"¥1,300",¥800,¥550,¥250,¥60,,"¥1,300",https://files.cardrush.media/pokemon/ocha_products/82966.webp,1300
わるいバンギラス 30th/復刻版【-】{144/103}[M6a],J,144/103,-,"¥1,300",¥800,¥550,¥250,¥60,,"¥1,300",https://files.cardrush.media/pokemon/ocha_products/85119.webp,1300
改造ハンマー 【UR】{061/050}[sm2L],H,061/050,UR,"¥1,300",¥800,¥550,¥250,¥60,,"¥1,300",https://files.cardrush.media/pokemon/ocha_products/317.webp,1300
グラビティーマウンテン 【UR】{138/106}[SV8],H,138/106,UR,"¥1,300",¥800,¥550,¥250,¥60,,"¥1,300",https://files.cardrush.media/pokemon/ocha_products/60263.webp,1300
ゼロの大空洞 【UR】{135/102}[SV7],H,135/102,UR,"¥1,300",¥800,¥550,¥250,¥60,,"¥1,300",https://files.cardrush.media/pokemon/ocha_products/58245.webp,1300
ワッカネズミ 【S】{317/190}[SV4a],G,317/190,S,"¥1,300",¥800,¥550,¥250,¥60,,"¥1,300",https://files.cardrush.media/pokemon/ocha_products/51046.webp,1300
ザシアン 【A】{033/076}[s3a],D,033/076,A,"¥1,300",¥800,¥550,¥250,¥60,,"¥1,300",https://files.cardrush.media/pokemon/ocha_products/14068.webp,1300
リオル 【P】{076/SV-P}[PROMO],G,076/SV-P,P,"¥1,300",¥800,¥550,¥250,¥60,,"¥1,300",https://files.cardrush.media/pokemon/ocha_products/46121.webp,1300
バチンウニ 【P】{047/S-P}[その他],D,047/S-P,P,"¥1,300",¥800,¥550,¥250,¥60,,"¥1,300",https://files.cardrush.media/pokemon/ocha_products/7941.webp,1300
ニンフィア 【P】{237/S-P}[その他],E,237/S-P,P,"¥1,300",¥800,¥550,¥250,¥60,,"¥1,300",https://files.cardrush.media/pokemon/ocha_products/22530.webp,1300
ムゲンダイナVMAX 【P】{080/S-P}[その他],D,080/S-P,P,"¥1,300",¥800,¥550,¥250,¥60,,"¥1,300",https://files.cardrush.media/pokemon/ocha_products/13932.webp,1300
ニャースV 【P】{028/S-P}[その他],D,028/S-P,P,"¥1,300",¥800,¥550,¥250,¥60,,"¥1,300",https://files.cardrush.media/pokemon/ocha_products/7083.webp,1300
サイトウ R仕様【P】{229/S-P}[その他],D,229/S-P,P,"¥1,300",¥800,¥550,¥250,¥60,,"¥1,300",https://files.cardrush.media/pokemon/ocha_products/21870.webp,1300
ホップ 【P】{139/S-P}[その他],D,139/S-P,P,"¥1,300",¥800,¥550,¥250,¥60,,"¥1,300",https://files.cardrush.media/pokemon/ocha_products/17481.webp,1300
ヤドン 【P】{253/SM-P}[その他],B,253/SM-P,P,"¥1,300",¥800,¥550,¥250,¥60,,"¥1,300",https://files.cardrush.media/pokemon/ocha_products/19949.webp,1300
ザングース 【P】{226/SM-P}[その他],B,226/SM-P,P,"¥1,300",¥800,¥550,¥250,¥60,,"¥1,300",https://files.cardrush.media/pokemon/ocha_products/19944.webp,1300
レジギガス 【P】{391/SM-P}[その他],C,391/SM-P,P,"¥1,300",¥800,¥550,¥250,¥60,,"¥1,300",https://files.cardrush.media/pokemon/ocha_products/19970.webp,1300
グズマ 【P】{180/SM-P}[その他],A,180/SM-P,P,"¥1,300",¥800,¥550,¥250,¥60,,"¥1,300",https://files.cardrush.media/pokemon/ocha_products/519.webp,1300
ロトム図鑑 学園祭2017【P】{149/SM-P}[その他],A,149/SM-P,P,"¥1,300",¥800,¥550,¥250,¥60,,"¥1,300",https://files.cardrush.media/pokemon/ocha_products/1701.webp,1300
オリジンパルキアVSTAR 【HR】{081/067}[S10P],F,081/067,HR,"¥1,300",¥800,¥550,¥250,¥60,,"¥1,300",https://files.cardrush.media/pokemon/ocha_products/34770.webp,1300
ズガドーンGX 【HR】{105/095}[sm8],B,105/095,HR,"¥1,300",¥800,¥550,¥250,¥60,,"¥1,300",https://files.cardrush.media/pokemon/ocha_products/1856.webp,1300
ガオガエンGX 【HR】{061/052}[sm8a],B,061/052,HR,"¥1,300",¥800,¥550,¥250,¥60,,"¥1,300",https://files.cardrush.media/pokemon/ocha_products/1992.webp,1300
デカグースGX 【HR】{070/060}[sm1S],A,070/060,HR,"¥1,300",¥800,¥550,¥250,¥60,,"¥1,300",https://files.cardrush.media/pokemon/ocha_products/927.webp,1300
カリンの信念 【HR】{089/070}[S5a],E,089/070,HR,"¥1,300",¥800,¥550,¥250,¥60,,"¥1,300",https://files.cardrush.media/pokemon/ocha_products/19006.webp,1300
いれかえフロート 【UR】{064/053}[sm6a],B,064/053,UR,"¥1,300",¥800,¥550,¥250,¥60,,"¥1,300",https://files.cardrush.media/pokemon/ocha_products/209.webp,1300
ネストボール 【UR】{107/078}[SV1S],G,107/078,UR,"¥1,300",¥800,¥550,¥250,¥60,,"¥1,300",https://files.cardrush.media/pokemon/ocha_products/39528.webp,1300
モクロー＆アローラナッシーGX 【RR】{001/054}[sm10b],C,001/054,RR,"¥1,300",¥800,¥550,¥250,¥60,,"¥1,300",https://files.cardrush.media/pokemon/ocha_products/4322.webp,1300
エンテイGX 【RR】{011/072}[sm3+],A,011/072,RR,"¥1,300",¥800,¥550,¥250,¥60,,"¥1,300",https://files.cardrush.media/pokemon/ocha_products/275.webp,1300
マルマインGX 【RR】{022/066}[sm6b],B,022/066,RR,"¥1,300",¥800,¥550,¥250,¥60,,"¥1,300",https://files.cardrush.media/pokemon/ocha_products/1475.webp,1300
ダークライGX 【RR】{040/049}[sm2+],A,040/049,RR,"¥1,300",¥800,¥550,¥250,¥60,,"¥1,300",https://files.cardrush.media/pokemon/ocha_products/817.webp,1300
ゲッコウガ 【R】{028/055}[SM9a],C,028/055,R,"¥1,300",¥800,¥550,¥250,¥60,,"¥1,300",https://files.cardrush.media/pokemon/ocha_products/2895.webp,1300
レックウザGX 【RR】{100/173}[sm12a],B,100/173,RR,"¥1,300",¥800,¥550,¥250,¥60,,"¥1,300",https://files.cardrush.media/pokemon/ocha_products/5878.webp,1300
フトゥー博士のシナリオ 【SAR】{091/066}[SV4M],G,091/066,SAR,"¥1,200",¥800,¥600,¥300,¥60,,"¥1,200",https://files.cardrush.media/pokemon/ocha_products/49683.webp,1200
セイジ 【SAR】{096/071}[SV5M],H,096/071,SAR,"¥1,200",¥800,¥600,¥300,¥60,,"¥1,200",https://files.cardrush.media/pokemon/ocha_products/53326.webp,1200
ブライア 【SAR】{132/102}[SV7],H,132/102,SAR,"¥1,200",¥800,¥550,¥250,¥30,,"¥1,300",https://files.cardrush.media/pokemon/ocha_products/58242.webp,1200
スズナ 【SR】{113/098}[S12],F,113/098,SR,"¥1,200",¥800,¥550,¥250,¥30,,"¥1,300",https://files.cardrush.media/pokemon/ocha_products/37615.webp,1200
スイレンのお世話 【SR】{088/066}[SV5a],H,088/066,SR,"¥1,200",¥800,¥600,¥300,¥60,,"¥1,200",https://files.cardrush.media/pokemon/ocha_products/54808.webp,1200
ムク 【SR】{111/081}[M5],J,111/081,SR,"¥1,200",¥800,¥600,¥300,¥60,,"¥1,200",https://files.cardrush.media/pokemon/ocha_products/81492.webp,1200
ゼラオラVMAX 【SAR】{219/172}[S12a],F,219/172,SAR,"¥1,200",¥800,¥550,¥250,¥30,,"¥1,300",https://files.cardrush.media/pokemon/ocha_products/38399.webp,1200
ゼラオラVSTAR 【SAR】{220/172}[S12a],F,220/172,SAR,"¥1,200",¥800,¥600,¥300,¥60,,"¥1,200",https://files.cardrush.media/pokemon/ocha_products/38400.webp,1200
ネオラントV 【SAR】{216/172}[S12a],F,216/172,SAR,"¥1,200",¥800,¥550,¥250,¥30,,"¥1,300",https://files.cardrush.media/pokemon/ocha_products/38396.webp,1200
オーガポンいしずえのめんex 【SAR】{128/101}[SV6],H,128/101,SAR,"¥1,200",¥800,¥600,¥300,¥60,,"¥1,200",https://files.cardrush.media/pokemon/ocha_products/55725.webp,1200
メガズルズキンex 【SAR】{241/193}[M2a],I,241/193,SAR,"¥1,200",¥800,¥550,¥250,¥30,,"¥1,300",https://files.cardrush.media/pokemon/ocha_products/73738.webp,1200
キングドラGX 【SR】{055/053}[sm6a],B,055/053,SR,"¥1,200",¥900,¥600,¥250,¥40,,"¥1,400",https://files.cardrush.media/pokemon/ocha_products/509.webp,1200
チルタリスGX 【SR】{100/096}[sm7],B,100/096,SR,"¥1,200",¥900,¥600,¥250,¥40,,"¥1,400",https://files.cardrush.media/pokemon/ocha_products/905.webp,1200
ツボツボGX 【SR】{096/095}[sm8],B,096/095,SR,"¥1,200",¥800,¥600,¥300,¥60,,"¥1,200",https://files.cardrush.media/pokemon/ocha_products/1849.webp,1200
ゼラオラV 【SR】{073/070}[S6K],E,073/070,SR,"¥1,200",¥800,¥600,¥300,¥60,,"¥1,200",https://files.cardrush.media/pokemon/ocha_products/20170.webp,1200
カメックスex 【SR】{186/165}[SV2a],G,186/165,SR,"¥1,200",¥800,¥550,¥250,¥30,,"¥1,300",https://files.cardrush.media/pokemon/ocha_products/43845.webp,1200
イッカネズミex 【SR】{084/066}[SV4M],G,084/066,SR,"¥1,200",¥800,¥600,¥300,¥60,,"¥1,200",https://files.cardrush.media/pokemon/ocha_products/49676.webp,1200
リーリエのピッピex 【SR】{115/100}[SV9],I,115/100,SR,"¥1,200",¥800,¥550,¥250,¥30,,"¥1,300",https://files.cardrush.media/pokemon/ocha_products/63624.webp,1200
ビッパ 【AR】{204/172}[S12a],F,204/172,AR,"¥1,200",¥900,¥600,¥250,¥40,,"¥1,400",https://files.cardrush.media/pokemon/ocha_products/38384.webp,1200
ヤドン 【AR】{082/078}[SV1V],G,082/078,AR,"¥1,200",¥800,¥600,¥300,¥60,,"¥1,200",https://files.cardrush.media/pokemon/ocha_products/39533.webp,1200
シビシラス 【AR】{117/086}[SV11B],I,117/086,AR,"¥1,200",¥900,¥600,¥250,¥40,,"¥1,400",https://files.cardrush.media/pokemon/ocha_products/67286.webp,1200
チラーミィ 【AR】{157/086}[SV11B],I,157/086,AR,"¥1,200",¥800,¥550,¥250,¥30,,"¥1,300",https://files.cardrush.media/pokemon/ocha_products/67326.webp,1200
ヨーテリー 【AR】{153/086}[SV11W],I,153/086,AR,"¥1,200",¥800,¥600,¥300,¥60,,"¥1,200",https://files.cardrush.media/pokemon/ocha_products/67562.webp,1200
エルレイドV 【CSR】{089/071}[S10a],F,089/071,CSR,"¥1,200",¥800,¥600,¥300,¥60,,"¥1,200",https://files.cardrush.media/pokemon/ocha_products/35368.webp,1200
クチートV 【CSR】{085/068}[S11a],F,085/068,CSR,"¥1,200",¥800,¥600,¥300,¥60,,"¥1,200",https://files.cardrush.media/pokemon/ocha_products/37024.webp,1200
ゲノセクトGX 【HR】{070/060}[sm7a],B,070/060,HR,"¥1,200",¥750,¥500,¥200,¥60,,"¥1,400",https://files.cardrush.media/pokemon/ocha_products/564.webp,1200
ポカブ 【P】{035/BW-P}[BW-P],PROMO,035/BW-P,P,"¥1,200",¥600,¥200,¥100,¥30,,"¥1,400",https://files.cardrush.media/pokemon/ocha_products/71178.webp,1200
レシラム 【P】{051/BW-P}[BW-P],PROMO,051/BW-P,P,"¥1,200",¥600,¥200,¥100,¥30,,"¥1,400",https://files.cardrush.media/pokemon/ocha_products/71197.webp,1200
ゼクロム 【P】{052/BW-P}[BW-P],PROMO,052/BW-P,P,"¥1,200",¥600,¥200,¥100,¥30,,"¥1,400",https://files.cardrush.media/pokemon/ocha_products/71198.webp,1200
ケルディオ 【P】{164/BW-P}[BW-P],PROMO,164/BW-P,P,"¥1,200",¥600,¥200,¥100,¥30,,"¥1,400",https://files.cardrush.media/pokemon/ocha_products/71287.webp,1200
カメックス R仕様【-】{003/018}[その他],EX,003/018,-,"¥1,200",¥600,¥200,¥100,¥30,,"¥1,400",https://files.cardrush.media/pokemon/ocha_products/6224.webp,1200
アクロマ 【-】{014/017}[PPD],EX,014/017,-,"¥1,200",¥600,¥200,¥100,¥30,,"¥1,400",https://files.cardrush.media/pokemon/ocha_products/143.webp,1200
ニャオニクス 【U】{017/032}[CP3],EX,017/032,U,"¥1,200",¥600,¥200,¥100,¥30,,"¥1,400",https://files.cardrush.media/pokemon/ocha_products/18545.webp,1200
ディアンシー 【U】{027/032}[CP3],EX,027/032,U,"¥1,200",¥600,¥200,¥100,¥30,,"¥1,400",https://files.cardrush.media/pokemon/ocha_products/925.webp,1200
ユレイドル 【★】{005/108}[PWCP],-,005/108,★,"¥1,200",¥600,¥200,¥100,¥30,,"¥1,400",https://files.cardrush.media/pokemon/ocha_products/66242.webp,1200
バクーダ 【★】{018/082}[その他],-,018/082,★,"¥1,200",¥600,¥200,¥100,¥30,,"¥1,400",https://files.cardrush.media/pokemon/ocha_products/84730.webp,1200
ニョロボン 【R】{025/087}[CP6],XY,025/087,R,"¥1,200",¥600,¥200,¥100,¥30,,"¥1,400",https://files.cardrush.media/pokemon/ocha_products/19724.webp,1200
イーブイ 【P】{306/SM-P}[その他],状態減額大,306/SM-P,P,"¥1,200",¥600,¥200,¥100,¥30,,"¥1,400",https://files.cardrush.media/pokemon/ocha_products/2941.webp,1200
イーブイGX RR仕様【-】{018/038}[smI],状態減額大,018/038,-,"¥1,200",¥600,¥200,¥100,¥30,,"¥1,400",https://files.cardrush.media/pokemon/ocha_products/2554.webp,1200
フシギダネ Classicキラ【-】{001/032}[CLF],-,001/032,-,"¥1,200",¥600,¥200,¥100,¥30,,"¥1,400",https://files.cardrush.media/pokemon/ocha_products/48979.webp,1200
オーガポンみどりのめんex 【UR】{131/101}[SV6],H,131/101,UR,"¥1,200",¥750,¥500,¥200,¥60,,"¥1,200",https://files.cardrush.media/pokemon/ocha_products/55728.webp,1200
コライドンex 【UR】{106/078}[SV1S],G,106/078,UR,"¥1,200",¥750,¥500,¥200,¥60,,"¥1,200",https://files.cardrush.media/pokemon/ocha_products/39527.webp,1200
ムゲンダイナV 【UR】{327/190}[s4a],D,327/190,UR,"¥1,200",¥750,¥500,¥200,¥60,,"¥1,200",https://files.cardrush.media/pokemon/ocha_products/17476.webp,1200
ザマゼンタV 【UR】{330/190}[s4a],D,330/190,UR,"¥1,200",¥750,¥500,¥200,¥60,,"¥1,200",https://files.cardrush.media/pokemon/ocha_products/17479.webp,1200
ヒスイゾロアークVSTAR 【UR】{097/071}[S10a],F,097/071,UR,"¥1,200",¥750,¥500,¥200,¥60,,"¥1,200",https://files.cardrush.media/pokemon/ocha_products/35376.webp,1200
エネルギーつけかえ 【-】{049/072}[その他],I,049/072,-,"¥1,200",¥750,¥500,¥200,¥60,,"¥1,200",https://files.cardrush.media/pokemon/ocha_products/261.webp,1200
スイクン 【S】{221/190}[s4a],D,221/190,S,"¥1,200",¥750,¥500,¥200,¥60,,"¥1,200",https://files.cardrush.media/pokemon/ocha_products/17370.webp,1200
ウパー 【S】{169/150}[sm8b],B,169/150,S,"¥1,200",¥750,¥500,¥200,¥60,,"¥1,200",https://files.cardrush.media/pokemon/ocha_products/2184.webp,1200
ゾロア 【S】{185/150}[sm8b],A,185/150,S,"¥1,200",¥750,¥500,¥200,¥60,,"¥1,200",https://files.cardrush.media/pokemon/ocha_products/2295.webp,1200
ケロマツ 【P】{073/SV-P}[PROMO],G,073/SV-P,P,"¥1,200",¥750,¥500,¥200,¥60,,"¥1,200",https://files.cardrush.media/pokemon/ocha_products/46118.webp,1200
ゲッコウガ 【P】{339/S-P}[その他],F,339/S-P,P,"¥1,200",¥750,¥500,¥200,¥60,,"¥1,200",https://files.cardrush.media/pokemon/ocha_products/38084.webp,1200
ヒトカゲ 【P】{112/S-P}[その他],D,112/S-P,P,"¥1,200",¥750,¥500,¥200,¥60,,"¥1,200",https://files.cardrush.media/pokemon/ocha_products/14566.webp,1200
マナフィ 【P】{286/S-P}[その他],F,286/S-P,P,"¥1,200",¥750,¥500,¥200,¥60,,"¥1,200",https://files.cardrush.media/pokemon/ocha_products/35133.webp,1200
マオ＆スイレン 【P】{089/S-P}[その他],C,089/S-P,P,"¥1,200",¥750,¥500,¥200,¥60,,"¥1,200",https://files.cardrush.media/pokemon/ocha_products/13089.webp,1200
アシマリ 【P】{064/SM-P}[その他],A,064/SM-P,P,"¥1,200",¥750,¥500,¥200,¥60,,"¥1,200",https://files.cardrush.media/pokemon/ocha_products/4267.webp,1200
キルリア 【P】{106/SM-P}[その他],A,106/SM-P,P,"¥1,200",¥750,¥500,¥200,¥60,,"¥1,200",https://files.cardrush.media/pokemon/ocha_products/506.webp,1200
スイレン 【P】{036/SM-P}[その他],A,036/SM-P,P,"¥1,200",¥750,¥500,¥200,¥60,,"¥1,200",https://files.cardrush.media/pokemon/ocha_products/736.webp,1200
おとりよせパッド 【P】{328/SM-P}[その他],B,328/SM-P,P,"¥1,200",¥750,¥500,¥200,¥60,,"¥1,200",https://files.cardrush.media/pokemon/ocha_products/4441.webp,1200
アローラロコンVSTAR 【HR】{087/068}[S11a],F,087/068,HR,"¥1,200",¥750,¥500,¥200,¥60,,"¥1,200",https://files.cardrush.media/pokemon/ocha_products/37026.webp,1200
ケルディオGX 【HR】{064/054}[sm10b],C,064/054,HR,"¥1,200",¥750,¥500,¥200,¥60,,"¥1,200",https://files.cardrush.media/pokemon/ocha_products/4415.webp,1200
エルフーンGX 【HR】{112/095}[sm10],C,112/095,HR,"¥1,200",¥750,¥500,¥200,¥60,,"¥1,200",https://files.cardrush.media/pokemon/ocha_products/3407.webp,1200
カミツレのきらめき 【HR】{122/100}[S8],E,122/100,HR,"¥1,200",¥750,¥500,¥200,¥60,,"¥1,200",https://files.cardrush.media/pokemon/ocha_products/22207.webp,1200
博士の研究/マグノリア博士 【HR】{071/060}[s1W],G,071/060,HR,"¥1,200",¥750,¥500,¥200,¥60,,"¥1,200",https://files.cardrush.media/pokemon/ocha_products/7027.webp,1200
エレキパワー 【UR】{071/060}[sm7a],B,071/060,UR,"¥1,200",¥750,¥500,¥200,¥60,,"¥1,200",https://files.cardrush.media/pokemon/ocha_products/272.webp,1200
タッグコール 【UR】{115/095}[sm12],C,115/095,UR,"¥1,200",¥750,¥500,¥200,¥60,,"¥1,200",https://files.cardrush.media/pokemon/ocha_products/5496.webp,1200
ぼうけんのカバン 【UR】{062/050}[sm7b],B,062/050,UR,"¥1,200",¥750,¥500,¥200,¥60,,"¥1,200",https://files.cardrush.media/pokemon/ocha_products/1758.webp,1200
ゲッコウガ＆ゾロアークGX 【RR】{072/173}[sm12a],C,072/173,RR,"¥1,200",¥750,¥500,¥200,¥60,,"¥1,200",https://files.cardrush.media/pokemon/ocha_products/5831.webp,1200
ゲッコウガ＆ゾロアークGX 【RR】{025/055}[SM9a],C,025/055,RR,"¥1,200",¥750,¥500,¥200,¥60,,"¥1,200",https://files.cardrush.media/pokemon/ocha_products/2892.webp,1200
ガブリアス＆ギラティナGX 【RR】{099/173}[sm12a],C,099/173,RR,"¥1,200",¥750,¥500,¥200,¥60,,"¥1,200",https://files.cardrush.media/pokemon/ocha_products/5877.webp,1200
ガブリアス＆ギラティナGX 【RR】{032/054}[sm10a],C,032/054,RR,"¥1,200",¥750,¥500,¥200,¥60,,"¥1,200",https://files.cardrush.media/pokemon/ocha_products/3974.webp,1200
ラティオスGX 【RR】{034/094}[sm11],C,034/094,RR,"¥1,200",¥750,¥500,¥200,¥60,,"¥1,200",https://files.cardrush.media/pokemon/ocha_products/4545.webp,1200
ディアルガGX 【RR】{035/050}[sm5+],B,035/050,RR,"¥1,200",¥750,¥500,¥200,¥60,,"¥1,200",https://files.cardrush.media/pokemon/ocha_products/921.webp,1200
メタモン◇ 【PR】{043/060}[sm7a],B,043/060,PR,"¥1,200",¥750,¥500,¥200,¥60,,"¥1,200",https://files.cardrush.media/pokemon/ocha_products/1524.webp,1200
メタモン◇ 【PR】{108/173}[sm12a],B,108/173,PR,"¥1,200",¥750,¥500,¥200,¥60,,"¥1,200",https://files.cardrush.media/pokemon/ocha_products/5891.webp,1200
ワタル◇ 【PR】{050/053}[sm6a],B,050/053,PR,"¥1,200",¥750,¥500,¥200,¥60,,"¥1,200",https://files.cardrush.media/pokemon/ocha_products/1704.webp,1200
リーフィアGX 【RR】{012/066}[sm5s],B,012/066,RR,"¥1,200",¥750,¥500,¥200,¥60,,"¥1,200",https://files.cardrush.media/pokemon/ocha_products/1576.webp,1200
カシオペア 【SAR】{091/064}[SV6a],H,091/064,SAR,"¥1,100",¥800,¥550,¥250,¥30,,"¥1,300",https://files.cardrush.media/pokemon/ocha_products/57380.webp,1100
イツキ 【SR】{189/173}[sm12a],C,189/173,SR,"¥1,100",¥750,¥550,¥250,¥50,,"¥1,100",https://files.cardrush.media/pokemon/ocha_products/6074.webp,1100
ハプウ 【SR】{195/173}[sm12a],C,195/173,SR,"¥1,100",¥750,¥550,¥250,¥50,,"¥1,100",https://files.cardrush.media/pokemon/ocha_products/6067.webp,1100
オニオン 【SR】{084/076}[s3a],D,084/076,SR,"¥1,100",¥800,¥550,¥250,¥30,,"¥1,300",https://files.cardrush.media/pokemon/ocha_products/14146.webp,1100
キバナ 【SR】{077/067}[S7D],E,077/067,SR,"¥1,100",¥750,¥550,¥250,¥50,,"¥1,100",https://files.cardrush.media/pokemon/ocha_products/21454.webp,1100
アカマツ 【SR】{123/102}[SV7],H,123/102,SR,"¥1,100",¥750,¥500,¥200,¥30,,"¥1,200",https://files.cardrush.media/pokemon/ocha_products/58233.webp,1100
ザシアンV 【SAR】{225/172}[S12a],E,225/172,SAR,"¥1,100",¥800,¥550,¥250,¥30,,"¥1,300",https://files.cardrush.media/pokemon/ocha_products/38405.webp,1100
テツノイワオex 【SAR】{095/071}[SV5M],H,095/071,SAR,"¥1,100",¥800,¥550,¥250,¥30,,"¥1,300",https://files.cardrush.media/pokemon/ocha_products/53325.webp,1100
ソウブレイズex 【SAR】{203/187}[SV8a],H,203/187,SAR,"¥1,100",¥800,¥550,¥250,¥30,,"¥1,300",https://files.cardrush.media/pokemon/ocha_products/62004.webp,1100
ジュカインGX 【SR】{051/050}[sm7b],B,051/050,SR,"¥1,100",¥750,¥550,¥250,¥50,,"¥1,100",https://files.cardrush.media/pokemon/ocha_products/1730.webp,1100
モルペコV 【SR】{062/060}[s1H],D,062/060,SR,"¥1,100",¥750,¥550,¥250,¥50,,"¥1,100",https://files.cardrush.media/pokemon/ocha_products/7034.webp,1100
サーナイトV 【SR】{074/070}[S2a],D,074/070,SR,"¥1,100",¥750,¥550,¥250,¥50,,"¥1,100",https://files.cardrush.media/pokemon/ocha_products/13175.webp,1100
アルセウスV 【SR】{111/100}[S9],F,111/100,SR,"¥1,100",¥750,¥550,¥250,¥50,,"¥1,100",https://files.cardrush.media/pokemon/ocha_products/24423.webp,1100
ガラルニャイキングV SA【SR】{109/100}[S11],F,109/100,SR,"¥1,100",¥750,¥550,¥250,¥50,,"¥1,100",https://files.cardrush.media/pokemon/ocha_products/36376.webp,1100
デデンネex 【SR】{089/073}[SV1a],G,089/073,SR,"¥1,100",¥750,¥550,¥250,¥50,,"¥1,100",https://files.cardrush.media/pokemon/ocha_products/40591.webp,1100
ニャオハ 【AR】{075/073}[SV1a],G,075/073,AR,"¥1,100",¥800,¥550,¥250,¥30,,"¥1,300",https://files.cardrush.media/pokemon/ocha_products/40577.webp,1100
マリル 【AR】{073/071}[SV2P],G,073/071,AR,"¥1,100",¥800,¥550,¥250,¥30,,"¥1,300",https://files.cardrush.media/pokemon/ocha_products/41807.webp,1100
マイナン 【AR】{066/062}[SV3a],G,066/062,AR,"¥1,100",¥800,¥550,¥250,¥30,,"¥1,300",https://files.cardrush.media/pokemon/ocha_products/47855.webp,1100
メブキジカ 【AR】{074/071}[SV5M],H,074/071,AR,"¥1,100",¥750,¥500,¥200,¥30,,"¥1,200",https://files.cardrush.media/pokemon/ocha_products/53304.webp,1100
キバゴ 【AR】{150/086}[SV11B],I,150/086,AR,"¥1,100",¥800,¥550,¥250,¥30,,"¥1,300",https://files.cardrush.media/pokemon/ocha_products/67319.webp,1100
ヒトモシ 【AR】{100/086}[SV11B],I,100/086,AR,"¥1,100",¥750,¥550,¥250,¥50,,"¥1,100",https://files.cardrush.media/pokemon/ocha_products/67269.webp,1100
ダイケンキ 【AR】{104/086}[SV11W],I,104/086,AR,"¥1,100",¥800,¥550,¥250,¥30,,"¥1,300",https://files.cardrush.media/pokemon/ocha_products/67513.webp,1100
プルリル 【AR】{124/086}[SV11W],I,124/086,AR,"¥1,100",¥800,¥550,¥250,¥30,,"¥1,300",https://files.cardrush.media/pokemon/ocha_products/67533.webp,1100
イーブイ 【CHR】{210/184}[S8b],E,210/184,CHR,"¥1,100",¥800,¥550,¥250,¥30,,"¥1,300",https://files.cardrush.media/pokemon/ocha_products/22989.webp,1100
シャワーズ 【CHR】{189/184}[S8b],D,189/184,CHR,"¥1,100",¥800,¥550,¥250,¥30,,"¥1,300",https://files.cardrush.media/pokemon/ocha_products/22968.webp,1100
ゼクロム 【CHR】{195/184}[S8b],D,195/184,CHR,"¥1,100",¥800,¥550,¥250,¥30,,"¥1,300",https://files.cardrush.media/pokemon/ocha_products/22974.webp,1100
いちげきウーラオスVMAX 【CSR】{239/184}[S8b],E,239/184,CSR,"¥1,100",¥750,¥500,¥200,¥30,,"¥1,200",https://files.cardrush.media/pokemon/ocha_products/23015.webp,1100
こくばバドレックスVMAX 【CSR】{236/184}[S8b],E,236/184,CSR,"¥1,100",¥750,¥500,¥200,¥30,,"¥1,200",https://files.cardrush.media/pokemon/ocha_products/23012.webp,1100
ガブリアスCLV.X 25th【P】{018/025}[S8a-P],その他,018/025,P,"¥1,100",¥550,¥200,¥100,¥30,,"¥1,300",https://files.cardrush.media/pokemon/ocha_products/22396.webp,1100
カイオーガ 【P】{177/XY-P}[XY],PROMO,177/XY-P,P,"¥1,100",¥550,¥200,¥100,¥30,,"¥1,300",https://files.cardrush.media/pokemon/ocha_products/72387.webp,1100
グラードン 【P】{184/XY-P}[XY],PROMO,184/XY-P,P,"¥1,100",¥550,¥200,¥100,¥30,,"¥1,300",https://files.cardrush.media/pokemon/ocha_products/72393.webp,1100
ニャース 【P】{106/XY-P}[XY],PROMO,106/XY-P,P,"¥1,100",¥550,¥200,¥100,¥30,,"¥1,300",https://files.cardrush.media/pokemon/ocha_products/72346.webp,1100
ピーピーマックス 【P】{244/XY-P}[その他],EX,244/XY-P,P,"¥1,100",¥550,¥200,¥100,¥30,,"¥1,300",https://files.cardrush.media/pokemon/ocha_products/1113.webp,1100
カメックス 【-】{003/018}[その他],EX,003/018,-,"¥1,100",¥550,¥200,¥100,¥30,,"¥1,300",https://files.cardrush.media/pokemon/ocha_products/22597.webp,1100
カメックス 【-】{003/019}[その他],EX,003/019,-,"¥1,100",¥550,¥200,¥100,¥30,,"¥1,300",https://files.cardrush.media/pokemon/ocha_products/6279.webp,1100
ミロカロス 【R】{023/070}[XY5],EX,023/070,R,"¥1,100",¥550,¥200,¥100,¥30,,"¥1,300",https://files.cardrush.media/pokemon/ocha_products/55395.webp,1100
カリン 【-】{142/171}[XY],EX,142/171,-,"¥1,100",¥550,¥200,¥100,¥30,,"¥1,300",https://files.cardrush.media/pokemon/ocha_products/404.webp,1100
ゴクリン 【C】{014/032}[CP3],EX,014/032,C,"¥1,100",¥550,¥200,¥100,¥30,,"¥1,300",https://files.cardrush.media/pokemon/ocha_products/18542.webp,1100
フラベベ 【C】{021/032}[CP3],EX,021/032,C,"¥1,100",¥550,¥200,¥100,¥30,,"¥1,300",https://files.cardrush.media/pokemon/ocha_products/18547.webp,1100
ケンタロス 【★】{053/075}[P8],-,053/075,★,"¥1,100",¥550,¥200,¥100,¥30,,"¥1,300",https://files.cardrush.media/pokemon/ocha_products/66249.webp,1100
ピカチュウLV.11 かじる【-】{004/015}[その他],PIKA,004/015,-,"¥1,100",¥550,¥200,¥100,¥30,,"¥1,300",https://files.cardrush.media/pokemon/ocha_products/1124.webp,1100
ピカチュウ 【-】{032/131}[SMH],状態減額大,032/131,-,"¥1,100",¥550,¥200,¥100,¥30,,"¥1,300",https://files.cardrush.media/pokemon/ocha_products/20967.webp,1100
イーブイ 【P】{075/S-P}[その他],状態減額大,075/S-P,P,"¥1,100",¥550,¥200,¥100,¥30,,"¥1,300",https://files.cardrush.media/pokemon/ocha_products/14119.webp,1100
イーブイGX RR仕様【-】{017/038}[smI],状態減額大,017/038,-,"¥1,100",¥550,¥200,¥100,¥30,,"¥1,300",https://files.cardrush.media/pokemon/ocha_products/2553.webp,1100
イーブイGX RR仕様【-】{019/038}[smI],状態減額大,019/038,-,"¥1,100",¥550,¥200,¥100,¥30,,"¥1,300",https://files.cardrush.media/pokemon/ocha_products/2555.webp,1100
オーロットBREAK 【RR】{047/080}[XY9],EX,047/080,RR,"¥1,100",¥550,¥200,¥100,¥30,,"¥1,300",https://files.cardrush.media/pokemon/ocha_products/285.webp,1100
オーロットBREAK 【-】{055/171}[XY],EX,055/171,-,"¥1,100",¥550,¥200,¥100,¥30,,"¥1,300",https://files.cardrush.media/pokemon/ocha_products/284.webp,1100
ゼルネアスBREAK 【RR】{042/054}[その他],EX,042/054,RR,"¥1,100",¥550,¥200,¥100,¥30,,"¥1,300",https://files.cardrush.media/pokemon/ocha_products/3926.webp,1100
ゼルネアスBREAK 【-】{097/171}[XY],EX,097/171,-,"¥1,100",¥550,¥200,¥100,¥30,,"¥1,300",https://files.cardrush.media/pokemon/ocha_products/3925.webp,1100
コイキング Classicキラ【-】{006/032}[CLK],-,006/032,-,"¥1,100",¥550,¥200,¥100,¥30,,"¥1,300",https://files.cardrush.media/pokemon/ocha_products/49052.webp,1100
ギャラドス Classicキラ【-】{007/032}[CLK],-,007/032,-,"¥1,100",¥550,¥200,¥100,¥30,,"¥1,300",https://files.cardrush.media/pokemon/ocha_products/49053.webp,1100
チルタリスEX 【RR】{063/078}[XY10],,063/078,RR,"¥1,100",¥550,¥200,¥100,¥30,,"¥1,300",https://files.cardrush.media/pokemon/ocha_products/80660.webp,1100
メロエッタEX 【R】{011/020}[SC],,011/020,R,"¥1,100",¥550,¥200,¥100,¥30,,"¥1,300",https://files.cardrush.media/pokemon/ocha_products/47112.webp,1100
パオジアンex 【UR】{097/071}[SV2P],G,097/071,UR,"¥1,100",¥700,¥450,¥200,¥50,,"¥1,100",https://files.cardrush.media/pokemon/ocha_products/41831.webp,1100
テツノブジンex 【UR】{093/066}[SV4M],G,093/066,UR,"¥1,100",¥700,¥450,¥200,¥50,,"¥1,100",https://files.cardrush.media/pokemon/ocha_products/49685.webp,1100
ラプラスVMAX 【SSR】{312/190}[s4a],D,312/190,SSR,"¥1,100",¥700,¥450,¥200,¥50,,"¥1,100",https://files.cardrush.media/pokemon/ocha_products/17461.webp,1100
マッシブーンGX 【SSR】{228/150}[sm8b],A,228/150,SSR,"¥1,100",¥700,¥450,¥200,¥50,,"¥1,100",https://files.cardrush.media/pokemon/ocha_products/2515.webp,1100
ポケモンいれかえ 【UR】{209/165}[SV2a],I,209/165,UR,"¥1,100",¥700,¥450,¥200,¥50,,"¥1,100",https://files.cardrush.media/pokemon/ocha_products/43868.webp,1100
ふくよかミュージシャン 【P】{119/S-P}[その他],D,119/S-P,P,"¥1,100",¥700,¥450,¥200,¥50,,"¥1,100",https://files.cardrush.media/pokemon/ocha_products/17809.webp,1100
ニャビー 【P】{172/SM-P}[その他],A,172/SM-P,P,"¥1,100",¥700,¥450,¥200,¥50,,"¥1,100",https://files.cardrush.media/pokemon/ocha_products/19936.webp,1100
ゼラオラ 【P】{241/SM-P}[その他],B,241/SM-P,P,"¥1,100",¥700,¥450,¥200,¥50,,"¥1,100",https://files.cardrush.media/pokemon/ocha_products/2101.webp,1100
イワンコ 【P】{150/SM-P}[その他],B,150/SM-P,P,"¥1,100",¥700,¥450,¥200,¥50,,"¥1,100",https://files.cardrush.media/pokemon/ocha_products/2088.webp,1100
ポケモンだいすきクラブ 【P】{336/SM-P}[その他],B,336/SM-P,P,"¥1,100",¥700,¥450,¥200,¥50,,"¥1,100",https://files.cardrush.media/pokemon/ocha_products/4449.webp,1100
ムキムキダンベル チャンピオンズリーグ2018【P】{126/SM-P}[その他],A,126/SM-P,P,"¥1,100",¥700,¥450,¥200,¥50,,"¥1,100",https://files.cardrush.media/pokemon/ocha_products/1513.webp,1100
メタグロスVMAX 【HR】{087/070}[S6K],E,087/070,HR,"¥1,100",¥700,¥450,¥200,¥50,,"¥1,100",https://files.cardrush.media/pokemon/ocha_products/20184.webp,1100
トゲキッスVMAX 【HR】{088/076}[s3a],D,088/076,HR,"¥1,100",¥700,¥450,¥200,¥50,,"¥1,100",https://files.cardrush.media/pokemon/ocha_products/14144.webp,1100
ダーテングGX 【HR】{105/096}[sm7],B,105/096,HR,"¥1,100",¥700,¥450,¥200,¥50,,"¥1,100",https://files.cardrush.media/pokemon/ocha_products/822.webp,1100
ビリジオンGX 【HR】{067/060}[sm7a],B,067/060,HR,"¥1,100",¥700,¥450,¥200,¥50,,"¥1,100",https://files.cardrush.media/pokemon/ocha_products/1189.webp,1100
ヒードランGX 【HR】{063/054}[sm10a],C,063/054,HR,"¥1,100",¥700,¥450,¥200,¥50,,"¥1,100",https://files.cardrush.media/pokemon/ocha_products/4005.webp,1100
デンジュモクGX 【HR】{122/114}[sm4+],A,122/114,HR,"¥1,100",¥700,¥450,¥200,¥50,,"¥1,100",https://files.cardrush.media/pokemon/ocha_products/937.webp,1100
アローラペルシアンGX 【HR】{077/064}[sm11a],C,077/064,HR,"¥1,100",¥700,¥450,¥200,¥50,,"¥1,100",https://files.cardrush.media/pokemon/ocha_products/5041.webp,1100
ツンデツンデGX 【HR】{107/096}[sm7],B,107/096,HR,"¥1,100",¥700,¥450,¥200,¥50,,"¥1,100",https://files.cardrush.media/pokemon/ocha_products/913.webp,1100
シャクヤ 【HR】{090/070}[S6K],E,090/070,HR,"¥1,100",¥700,¥450,¥200,¥50,,"¥1,100",https://files.cardrush.media/pokemon/ocha_products/20187.webp,1100
メタルソーサー 【UR】{075/060}[s1H],D,075/060,UR,"¥1,100",¥700,¥450,¥200,¥50,,"¥1,100",https://files.cardrush.media/pokemon/ocha_products/7047.webp,1100
リセットスタンプ 【UR】{068/054}[sm10a],C,068/054,UR,"¥1,100",¥700,¥450,¥200,¥50,,"¥1,100",https://files.cardrush.media/pokemon/ocha_products/4010.webp,1100
ジムバッジ カツラ【P】{XY-P}[その他],P,XY-P,P,"¥1,100",¥550,¥200,¥100,¥30,,"¥1,100",https://files.cardrush.media/pokemon/ocha_products/675.webp,1100
ジムバッジ タケシ【P】{XY-P}[その他],P,XY-P,P,"¥1,100",¥550,¥200,¥100,¥30,,"¥1,100",https://files.cardrush.media/pokemon/ocha_products/680.webp,1100
ゲンガーV RR仕様【-】{001/019}[SGG],E,001/019,-,"¥1,100",¥700,¥450,¥200,¥50,,"¥1,100",https://files.cardrush.media/pokemon/ocha_products/20608.webp,1100
ブラッキーVMAX ノーマル仕様【-】{256/414}[SI],E,256/414,-,"¥1,100",¥700,¥450,¥200,¥50,,"¥1,100",https://files.cardrush.media/pokemon/ocha_products/23514.webp,1100
カイリューGX 【RR】{069/094}[sm11],C,069/094,RR,"¥1,100",¥700,¥450,¥200,¥50,,"¥1,100",https://files.cardrush.media/pokemon/ocha_products/4580.webp,1100
レックウザVMAX ノーマル仕様【-】{316/414}[SI],E,316/414,-,"¥1,100",¥700,¥450,¥200,¥50,,"¥1,100",https://files.cardrush.media/pokemon/ocha_products/23595.webp,1100
メタモン 【U】{023/024}[smP2],C,023/024,U,"¥1,100",¥700,¥450,¥200,¥50,,"¥1,100",https://files.cardrush.media/pokemon/ocha_products/4399.webp,1100
オーリム博士の気迫 【SAR】{091/066}[SV4K],G,091/066,SAR,"¥1,000",¥700,¥450,¥200,¥30,,"¥1,100",https://files.cardrush.media/pokemon/ocha_products/49654.webp,1000
かいじゅうマニア 【SR】{061/054}[sm10b],C,061/054,SR,"¥1,000",¥700,¥500,¥250,¥50,,"¥1,000",https://files.cardrush.media/pokemon/ocha_products/4413.webp,1000
溶接工 【SR】{200/173}[sm12a],C,200/173,SR,"¥1,000",¥700,¥500,¥250,¥50,,"¥1,000",https://files.cardrush.media/pokemon/ocha_products/6040.webp,1000
アロマなおねえさん 【SR】{086/069}[S6a],E,086/069,SR,"¥1,000",¥700,¥500,¥250,¥50,,"¥1,000",https://files.cardrush.media/pokemon/ocha_products/20752.webp,1000
アスナ 【SR】{080/070}[S6H],E,080/070,SR,"¥1,000",¥700,¥500,¥250,¥50,,"¥1,000",https://files.cardrush.media/pokemon/ocha_products/20200.webp,1000
ボスの指令/フラダリ 【SR】{268/184}[S8b],I,268/184,SR,"¥1,000",¥700,¥500,¥250,¥50,,"¥1,000",https://files.cardrush.media/pokemon/ocha_products/23044.webp,1000
ヒナツ 【SR】{086/071}[S10a],F,086/071,SR,"¥1,000",¥700,¥450,¥200,¥30,,"¥1,100",https://files.cardrush.media/pokemon/ocha_products/35365.webp,1000
タロ 【SR】{124/102}[SV7],H,124/102,SR,"¥1,000",¥700,¥500,¥250,¥50,,"¥1,000",https://files.cardrush.media/pokemon/ocha_products/58234.webp,1000
ヒカリ 【SR】{106/080}[M2],I,106/080,SR,"¥1,000",¥700,¥500,¥250,¥50,,"¥1,000",https://files.cardrush.media/pokemon/ocha_products/71709.webp,1000
スナノケガワex 【SAR】{089/066}[SV4K],G,089/066,SAR,"¥1,000",¥700,¥500,¥250,¥50,,"¥1,000",https://files.cardrush.media/pokemon/ocha_products/49652.webp,1000
イイネイヌex 【SAR】{087/064}[SV6a],H,087/064,SAR,"¥1,000",¥700,¥500,¥250,¥50,,"¥1,000",https://files.cardrush.media/pokemon/ocha_products/57376.webp,1000
ドラパルトex 【SAR】{221/187}[SV8a],H,221/187,SAR,"¥1,000",¥750,¥500,¥200,¥30,,"¥1,200",https://files.cardrush.media/pokemon/ocha_products/62022.webp,1000
キチキギスex 【SAR】{244/193}[M2a],H,244/193,SAR,"¥1,000",¥700,¥500,¥250,¥50,,"¥1,000",https://files.cardrush.media/pokemon/ocha_products/73741.webp,1000
メガフラエッテex 【SAR】{115/083}[M4],J,115/083,SAR,"¥1,000",¥700,¥450,¥200,¥30,,"¥1,100",https://files.cardrush.media/pokemon/ocha_products/79900.webp,1000
ドヒドイデGX 【SR】{056/051}[sm1+],A,056/051,SR,"¥1,000",¥750,¥500,¥200,¥30,,"¥1,200",https://files.cardrush.media/pokemon/ocha_products/959.webp,1000
フェローチェGX 【SR】{115/114}[sm4+],A,115/114,SR,"¥1,000",¥750,¥500,¥200,¥30,,"¥1,200",https://files.cardrush.media/pokemon/ocha_products/1223.webp,1000
プテラGX 【SR】{100/094}[sm11],C,100/094,SR,"¥1,000",¥700,¥500,¥250,¥50,,"¥1,000",https://files.cardrush.media/pokemon/ocha_products/4678.webp,1000
ガラルフリーザーV 【SR】{073/070}[S5a],E,073/070,SR,"¥1,000",¥750,¥500,¥200,¥30,,"¥1,200",https://files.cardrush.media/pokemon/ocha_products/18990.webp,1000
セレビィV 【SR】{071/070}[S6K],E,071/070,SR,"¥1,000",¥700,¥500,¥250,¥50,,"¥1,000",https://files.cardrush.media/pokemon/ocha_products/20168.webp,1000
カイリューV 【SR】{078/071}[S10b],F,078/071,SR,"¥1,000",¥700,¥500,¥250,¥50,,"¥1,000",https://files.cardrush.media/pokemon/ocha_products/35813.webp,1000
ゲッコウガex 【SR】{083/066}[SV5a],H,083/066,SR,"¥1,000",¥750,¥500,¥200,¥30,,"¥1,200",https://files.cardrush.media/pokemon/ocha_products/54803.webp,1000
ドラパルトex 【SR】{120/101}[SV6],H,120/101,SR,"¥1,000",¥700,¥500,¥250,¥50,,"¥1,000",https://files.cardrush.media/pokemon/ocha_products/55717.webp,1000
ヒビキのホウオウex 【SR】{077/063}[SV9a],I,077/063,SR,"¥1,000",¥700,¥500,¥250,¥50,,"¥1,000",https://files.cardrush.media/pokemon/ocha_products/64576.webp,1000
チルット 【AR】{202/172}[S12a],E,202/172,AR,"¥1,000",¥700,¥500,¥250,¥50,,"¥1,000",https://files.cardrush.media/pokemon/ocha_products/38382.webp,1000
ヨマワル 【AR】{203/172}[S12a],F,203/172,AR,"¥1,000",¥750,¥500,¥200,¥30,,"¥1,200",https://files.cardrush.media/pokemon/ocha_products/38383.webp,1000
スリープ 【AR】{086/078}[SV1V],G,086/078,AR,"¥1,000",¥700,¥500,¥250,¥50,,"¥1,000",https://files.cardrush.media/pokemon/ocha_products/39537.webp,1000
フシギソウ 【AR】{167/165}[SV2a],G,167/165,AR,"¥1,000",¥700,¥500,¥250,¥50,,"¥1,000",https://files.cardrush.media/pokemon/ocha_products/43826.webp,1000
ピィ 【AR】{113/108}[SV3],G,113/108,AR,"¥1,000",¥700,¥500,¥250,¥50,,"¥1,000",https://files.cardrush.media/pokemon/ocha_products/45904.webp,1000
ラッキー 【AR】{113/101}[SV6],H,113/101,AR,"¥1,000",¥700,¥500,¥250,¥50,,"¥1,000",https://files.cardrush.media/pokemon/ocha_products/55710.webp,1000
オノノクス 【AR】{152/086}[SV11B],I,152/086,AR,"¥1,000",¥750,¥500,¥200,¥30,,"¥1,200",https://files.cardrush.media/pokemon/ocha_products/67321.webp,1000
ジャノビー 【AR】{088/086}[SV11B],I,088/086,AR,"¥1,000",¥750,¥500,¥200,¥30,,"¥1,200",https://files.cardrush.media/pokemon/ocha_products/67257.webp,1000
チュリネ 【AR】{091/086}[SV11B],I,091/086,AR,"¥1,000",¥700,¥500,¥250,¥50,,"¥1,000",https://files.cardrush.media/pokemon/ocha_products/67260.webp,1000
プロトーガ 【AR】{110/086}[SV11B],I,110/086,AR,"¥1,000",¥700,¥500,¥250,¥50,,"¥1,000",https://files.cardrush.media/pokemon/ocha_products/67279.webp,1000
マメパト 【AR】{153/086}[SV11B],I,153/086,AR,"¥1,000",¥700,¥500,¥250,¥50,,"¥1,000",https://files.cardrush.media/pokemon/ocha_products/67322.webp,1000
ランプラー 【AR】{101/086}[SV11B],I,101/086,AR,"¥1,000",¥700,¥450,¥200,¥30,,"¥1,100",https://files.cardrush.media/pokemon/ocha_products/67270.webp,1000
ゴチム 【AR】{121/086}[SV11W],I,121/086,AR,"¥1,000",¥700,¥500,¥250,¥50,,"¥1,000",https://files.cardrush.media/pokemon/ocha_products/67530.webp,1000
シキジカ 【AR】{091/086}[SV11W],I,091/086,AR,"¥1,000",¥700,¥500,¥250,¥50,,"¥1,000",https://files.cardrush.media/pokemon/ocha_products/67500.webp,1000
サンダース 【CHR】{193/184}[S8b],D,193/184,CHR,"¥1,000",¥750,¥500,¥200,¥30,,"¥1,200",https://files.cardrush.media/pokemon/ocha_products/22972.webp,1000
ブースター 【CHR】{188/184}[S8b],D,188/184,CHR,"¥1,000",¥700,¥500,¥250,¥50,,"¥1,000",https://files.cardrush.media/pokemon/ocha_products/22967.webp,1000
イオルブVMAX 【CSR】{215/184}[S8b],D,215/184,CSR,"¥1,000",¥700,¥450,¥200,¥30,,"¥1,100",https://files.cardrush.media/pokemon/ocha_products/22994.webp,1000
ハリマロン 【P】{034/XY-P}[その他],EX,034/XY-P,P,"¥1,000",¥500,¥200,¥100,¥30,,"¥1,200",https://files.cardrush.media/pokemon/ocha_products/4038.webp,1000
ゲノセクト 【P】{231/BW-P}[その他],EX,231/BW-P,P,"¥1,000",¥500,¥200,¥100,¥30,,"¥1,200",https://files.cardrush.media/pokemon/ocha_products/20552.webp,1000
ジャローダ 【P】{198/BW-P}[その他],PROMO,198/BW-P,P,"¥1,000",¥500,¥200,¥100,¥30,,"¥1,200",https://files.cardrush.media/pokemon/ocha_products/22606.webp,1000
ロコン 【P】{110/XY-P}[XY],PROMO,110/XY-P,P,"¥1,000",¥500,¥200,¥100,¥30,,"¥1,200",https://files.cardrush.media/pokemon/ocha_products/72353.webp,1000
エネルギーリサイクル 【P】{117/XY-P}[その他],状態減額大,117/XY-P,P,"¥1,000",¥500,¥200,¥100,¥30,,"¥1,200",https://files.cardrush.media/pokemon/ocha_products/20890.webp,1000
闘魂のまわし カメックスメガバトル【P】{XY-P}[その他],EX,XY-P,P,"¥1,000",¥500,¥200,¥100,¥30,,"¥1,200",https://files.cardrush.media/pokemon/ocha_products/946.webp,1000
ゾロアーク 【P】{024/BW-P}[BW-P],PROMO,024/BW-P,P,"¥1,000",¥500,¥200,¥100,¥30,,"¥1,200",https://files.cardrush.media/pokemon/ocha_products/71174.webp,1000
チルタリス 【P】{148/BW-P}[BW-P],PROMO,148/BW-P,P,"¥1,000",¥500,¥200,¥100,¥30,,"¥1,200",https://files.cardrush.media/pokemon/ocha_products/71276.webp,1000
フライゴン 【P】{157/BW-P}[BW-P],PROMO,157/BW-P,P,"¥1,000",¥500,¥200,¥100,¥30,,"¥1,200",https://files.cardrush.media/pokemon/ocha_products/71282.webp,1000
エアームド 【P】{177/BW-P}[BW-P],PROMO,177/BW-P,P,"¥1,000",¥500,¥200,¥100,¥30,,"¥1,200",https://files.cardrush.media/pokemon/ocha_products/71298.webp,1000
ボーマンダ 【P】{195/BW-P}[BW-P],PROMO,195/BW-P,P,"¥1,000",¥500,¥200,¥100,¥30,,"¥1,200",https://files.cardrush.media/pokemon/ocha_products/71307.webp,1000
ヤブクロン 【C】{030/066}[BW2],EX,030/066,C,"¥1,000",¥500,¥200,¥100,¥30,,"¥1,200",https://files.cardrush.media/pokemon/ocha_products/48127.webp,1000
ムーランド 【R】{053/059}[その他],EX,053/059,R,"¥1,000",¥500,¥200,¥100,¥30,,"¥1,200",https://files.cardrush.media/pokemon/ocha_products/6214.webp,1000
リザードン 【U】{006/024}[smP2],状態減額大,006/024,U,"¥1,000",¥500,¥200,¥100,¥30,,"¥1,200",https://files.cardrush.media/pokemon/ocha_products/4382.webp,1000
ユキメノコ 【U】{009/032}[CP3],EX,009/032,U,"¥1,000",¥500,¥200,¥100,¥30,,"¥1,200",https://files.cardrush.media/pokemon/ocha_products/18539.webp,1000
ミミロル 【P】{115/DP-P}[その他],PROMO,115/DP-P,P,"¥1,000",¥500,¥200,¥100,¥30,,"¥1,200",https://files.cardrush.media/pokemon/ocha_products/18896.webp,1000
ミミロップ LV.36【P】{116/DP-P}[その他],状態減額大,116/DP-P,P,"¥1,000",¥500,¥200,¥100,¥30,,"¥1,200",https://files.cardrush.media/pokemon/ocha_products/20926.webp,1000
カイリキー 【★】{049/086}[P5],-,049/086,★,"¥1,000",¥500,¥200,¥100,¥30,,"¥1,200",https://files.cardrush.media/pokemon/ocha_products/66275.webp,1000
ルナトーン 【★】{045/086}[その他],-,045/086,★,"¥1,000",¥500,¥200,¥100,¥30,,"¥1,200",https://files.cardrush.media/pokemon/ocha_products/84740.webp,1000
レアコイル 【R】{036/087}[CP6],XY,036/087,R,"¥1,000",¥500,¥200,¥100,¥30,,"¥1,200",https://files.cardrush.media/pokemon/ocha_products/19733.webp,1000
なみのりピカチュウV 25th【RR】{021/028}[その他],PIKA,021/028,RR,"¥1,000",¥500,¥200,¥100,¥30,,"¥1,200",https://files.cardrush.media/pokemon/ocha_products/22366.webp,1000
そらをとぶピカチュウV 25th【RR】{023/028}[その他],PIKA,023/028,RR,"¥1,000",¥500,¥200,¥100,¥30,,"¥1,200",https://files.cardrush.media/pokemon/ocha_products/22368.webp,1000
イーブイ 【P】{371/SM-P}[その他],状態減額大,371/SM-P,P,"¥1,000",¥500,¥200,¥100,¥30,,"¥1,200",https://files.cardrush.media/pokemon/ocha_products/5049.webp,1000
マフォクシーBREAK 【RR】{012/078}[XY10],,012/078,RR,"¥1,000",¥500,¥200,¥100,¥30,,"¥1,200",https://files.cardrush.media/pokemon/ocha_products/63112.webp,1000
メレシーBREAK 【-】{008/019}[XYg],EX,008/019,-,"¥1,000",¥500,¥200,¥100,¥30,,"¥1,200",https://files.cardrush.media/pokemon/ocha_products/1528.webp,1000
メレシーBREAK 【-】{067/171}[XY],EX,067/171,-,"¥1,000",¥500,¥200,¥100,¥30,,"¥1,200",https://files.cardrush.media/pokemon/ocha_products/1527.webp,1000
オンバーンBREAK 【-】{002/010}[SNP],,002/010,-,"¥1,000",¥500,¥200,¥100,¥30,,"¥1,200",https://files.cardrush.media/pokemon/ocha_products/63116.webp,1000
ゼニガメ Classicキラ【-】{001/032}[CLK],-,001/032,-,"¥1,000",¥500,¥200,¥100,¥30,,"¥1,200",https://files.cardrush.media/pokemon/ocha_products/49047.webp,1000
ミュウ ジャンボカード【P】{S-P}[その他],,S-P,P,"¥1,000",¥500,¥200,¥100,¥30,,"¥1,200",https://files.cardrush.media/pokemon/ocha_products/39037.webp,1000
ホウオウEX 【R】{009/050}[その他],EX,009/050,R,"¥1,000",¥500,¥200,¥100,¥30,,"¥1,200",https://files.cardrush.media/pokemon/ocha_products/4308.webp,1000
サーナイトEX 【RR】{038/054}[XY11青],EX,038/054,RR,"¥1,000",¥500,¥200,¥100,¥30,,"¥1,200",https://files.cardrush.media/pokemon/ocha_products/614.webp,1000
アチャモ 【P】{103/XY-P}[XY],EX,103/XY-P,P,"¥1,000",¥500,¥200,¥100,¥30,,"¥1,200",https://files.cardrush.media/pokemon/ocha_products/69733.webp,1000
メガカイリューex 【MA】{232/193}[M2a],I,232/193,MA,"¥1,000",¥650,¥450,¥200,¥50,,"¥1,000",https://files.cardrush.media/pokemon/ocha_products/73729.webp,1000
アルセウスV SA【P】{267/S-P}[S9],F,267/S-P,P,"¥1,000",¥650,¥450,¥200,¥50,,"¥1,000",https://files.cardrush.media/pokemon/ocha_products/24602.webp,1000
ウガツホムラex 【UR】{098/071}[SV5K],H,098/071,UR,"¥1,000",¥650,¥450,¥200,¥50,,"¥1,000",https://files.cardrush.media/pokemon/ocha_products/53299.webp,1000
ウネルミナモex 【UR】{099/071}[SV5K],H,099/071,UR,"¥1,000",¥650,¥450,¥200,¥50,,"¥1,000",https://files.cardrush.media/pokemon/ocha_products/53300.webp,1000
れんげきウーラオスVMAX 【UR】{283/184}[S8b],E,283/184,UR,"¥1,000",¥650,¥450,¥200,¥50,,"¥1,000",https://files.cardrush.media/pokemon/ocha_products/23058.webp,1000
ムゲンダイナVMAX 【UR】{328/190}[s4a],D,328/190,UR,"¥1,000",¥650,¥450,¥200,¥50,,"¥1,000",https://files.cardrush.media/pokemon/ocha_products/17477.webp,1000
シルヴァディGX 【SSR】{242/150}[sm8b],A,242/150,SSR,"¥1,000",¥650,¥450,¥200,¥50,,"¥1,000",https://files.cardrush.media/pokemon/ocha_products/2280.webp,1000
ジュペッタ AR仕様【-】{749/742}[MC],I,749/742,-,"¥1,000",¥650,¥450,¥200,¥50,,"¥1,000",https://files.cardrush.media/pokemon/ocha_products/75860.webp,1000
ゴースト AR仕様【-】{022/021}[MBG],I,022/021,-,"¥1,000",¥650,¥450,¥200,¥50,,"¥1,000",https://files.cardrush.media/pokemon/ocha_products/71113.webp,1000
かがやくイーブイ 【K】{055/071}[S10b],F,055/071,K,"¥1,000",¥650,¥450,¥200,¥50,,"¥1,000",https://files.cardrush.media/pokemon/ocha_products/35781.webp,1000
ピカチュウex RR仕様【-】{018/066}[SVI],H,018/066,-,"¥1,000",¥650,¥450,¥200,¥50,,"¥1,000",https://files.cardrush.media/pokemon/ocha_products/54230.webp,1000
ポケモンいれかえ LEGEND【-】{012/019}[その他],I,012/019,-,"¥1,000",¥650,¥450,¥200,¥50,,"¥1,000",https://files.cardrush.media/pokemon/ocha_products/4312.webp,1000
ポケモンいれかえ LEGEND【-】{064/070}[その他],I,064/070,-,"¥1,000",¥650,¥450,¥200,¥50,,"¥1,000",https://files.cardrush.media/pokemon/ocha_products/4311.webp,1000
改造ハンマー 【P】{046/XY-P}[その他],H,046/XY-P,P,"¥1,000",¥650,¥450,¥200,¥50,,"¥1,000",https://files.cardrush.media/pokemon/ocha_products/316.webp,1000
インフルエンサーの紹介 【-】{019/023}[MP1],J,019/023,-,"¥1,000",¥650,¥450,¥200,¥50,,"¥1,000",https://files.cardrush.media/pokemon/ocha_products/75896.webp,1000
ヒトカゲ 【S】{210/190}[SV4a],G,210/190,S,"¥1,000",¥650,¥450,¥200,¥50,,"¥1,000",https://files.cardrush.media/pokemon/ocha_products/50939.webp,1000
カビゴン 【S】{310/190}[SV4a],G,310/190,S,"¥1,000",¥650,¥450,¥200,¥50,,"¥1,000",https://files.cardrush.media/pokemon/ocha_products/51039.webp,1000
イッカネズミ 【S】{318/190}[SV4a],G,318/190,S,"¥1,000",¥650,¥450,¥200,¥50,,"¥1,000",https://files.cardrush.media/pokemon/ocha_products/51047.webp,1000
モクロー 【S】{200/190}[s4a],D,200/190,S,"¥1,000",¥650,¥450,¥200,¥50,,"¥1,000",https://files.cardrush.media/pokemon/ocha_products/17349.webp,1000
ビリリダマ 【S】{173/150}[sm8b],B,173/150,S,"¥1,000",¥650,¥450,¥200,¥50,,"¥1,000",https://files.cardrush.media/pokemon/ocha_products/2370.webp,1000
ガブリアス 【S】{200/150}[sm8b],B,200/150,S,"¥1,000",¥650,¥450,¥200,¥50,,"¥1,000",https://files.cardrush.media/pokemon/ocha_products/2215.webp,1000
パモ 【P】{035/SV-P}[その他],G,035/SV-P,P,"¥1,000",¥650,¥450,¥200,¥50,,"¥1,000",https://files.cardrush.media/pokemon/ocha_products/40742.webp,1000
モトトカゲ コロコロイチバン【P】{097/SV-P}[PROMO],G,097/SV-P,P,"¥1,000",¥650,¥450,¥200,¥50,,"¥1,000",https://files.cardrush.media/pokemon/ocha_products/47102.webp,1000
ヒバニー 【P】{034/S-P}[その他],D,034/S-P,P,"¥1,000",¥650,¥450,¥200,¥50,,"¥1,000",https://files.cardrush.media/pokemon/ocha_products/7229.webp,1000
グレイシア 【P】{216/S-P}[その他],E,216/S-P,P,"¥1,000",¥650,¥450,¥200,¥50,,"¥1,000",https://files.cardrush.media/pokemon/ocha_products/22178.webp,1000
デデンネ 【P】{192/S-P}[その他],D,192/S-P,P,"¥1,000",¥650,¥450,¥200,¥50,,"¥1,000",https://files.cardrush.media/pokemon/ocha_products/18634.webp,1000
ボルケニオン 【P】{404/SM-P}[その他],C,404/SM-P,P,"¥1,000",¥650,¥450,¥200,¥50,,"¥1,000",https://files.cardrush.media/pokemon/ocha_products/5627.webp,1000
カプ・コケコGX 【P】{048/SM-P}[その他],A,048/SM-P,P,"¥1,000",¥650,¥450,¥200,¥50,,"¥1,000",https://files.cardrush.media/pokemon/ocha_products/370.webp,1000
ヒドイデ 【P】{056/SM-P}[その他],A,056/SM-P,P,"¥1,000",¥650,¥450,¥200,¥50,,"¥1,000",https://files.cardrush.media/pokemon/ocha_products/19912.webp,1000
ジガルデGX 【P】{216/SM-P}[その他],B,216/SM-P,P,"¥1,000",¥650,¥450,¥200,¥50,,"¥1,000",https://files.cardrush.media/pokemon/ocha_products/656.webp,1000
カビゴンGX 【P】{001/SM-P}[その他],A,001/SM-P,P,"¥1,000",¥650,¥450,¥200,¥50,,"¥1,000",https://files.cardrush.media/pokemon/ocha_products/1795.webp,1000
シェイミVSTAR 【HR】{117/100}[S9],F,117/100,HR,"¥1,000",¥650,¥450,¥200,¥50,,"¥1,000",https://files.cardrush.media/pokemon/ocha_products/24429.webp,1000
キュレムVMAX 【HR】{117/100}[S11],F,117/100,HR,"¥1,000",¥650,¥450,¥200,¥50,,"¥1,000",https://files.cardrush.media/pokemon/ocha_products/36384.webp,1000
はくばバドレックスVMAX 【HR】{084/070}[S6H],E,084/070,HR,"¥1,000",¥650,¥450,¥200,¥50,,"¥1,000",https://files.cardrush.media/pokemon/ocha_products/20204.webp,1000
プテラVSTAR 【HR】{118/100}[S11],F,118/100,HR,"¥1,000",¥650,¥450,¥200,¥50,,"¥1,000",https://files.cardrush.media/pokemon/ocha_products/36385.webp,1000
ムゲンダイナVMAX 【HR】{112/100}[s3],D,112/100,HR,"¥1,000",¥650,¥450,¥200,¥50,,"¥1,000",https://files.cardrush.media/pokemon/ocha_products/13908.webp,1000
ハッサムVMAX 【HR】{113/100}[s3],D,113/100,HR,"¥1,000",¥650,¥450,¥200,¥50,,"¥1,000",https://files.cardrush.media/pokemon/ocha_products/13925.webp,1000
ヒスイゾロアークVSTAR 【HR】{092/071}[S10a],F,092/071,HR,"¥1,000",¥650,¥450,¥200,¥50,,"¥1,000",https://files.cardrush.media/pokemon/ocha_products/35371.webp,1000
マグカルゴGX 【HR】{068/060}[sm7a],B,068/060,HR,"¥1,000",¥650,¥450,¥200,¥50,,"¥1,000",https://files.cardrush.media/pokemon/ocha_products/1451.webp,1000
ウルガモスGX 【HR】{109/095}[sm12],C,109/095,HR,"¥1,000",¥650,¥450,¥200,¥50,,"¥1,000",https://files.cardrush.media/pokemon/ocha_products/5490.webp,1000
シンボラーGX 【HR】{058/050}[sm7b],B,058/050,HR,"¥1,000",¥650,¥450,¥200,¥50,,"¥1,000",https://files.cardrush.media/pokemon/ocha_products/1737.webp,1000
オドリドリGX 【HR】{110/095}[sm12],C,110/095,HR,"¥1,000",¥650,¥450,¥200,¥50,,"¥1,000",https://files.cardrush.media/pokemon/ocha_products/5491.webp,1000
コバルオンGX 【HR】{062/052}[sm8a],B,062/052,HR,"¥1,000",¥650,¥450,¥200,¥50,,"¥1,000",https://files.cardrush.media/pokemon/ocha_products/2003.webp,1000
メルメタルGX 【HR】{217/173}[sm12a],C,217/173,HR,"¥1,000",¥650,¥450,¥200,¥50,,"¥1,000",https://files.cardrush.media/pokemon/ocha_products/6057.webp,1000
ペルシアンGX 【HR】{113/095}[sm10],C,113/095,HR,"¥1,000",¥650,¥450,¥200,¥50,,"¥1,000",https://files.cardrush.media/pokemon/ocha_products/3408.webp,1000
鋼鉄のフライパン 【UR】{063/050}[sm5+],B,063/050,UR,"¥1,000",¥650,¥450,¥200,¥50,,"¥1,000",https://files.cardrush.media/pokemon/ocha_products/580.webp,1000
リザードン 【R】{013/095}[sm9],C,013/095,R,"¥1,000",¥650,¥450,¥200,¥50,,"¥1,000",https://files.cardrush.media/pokemon/ocha_products/2610.webp,1000
ピカチュウV 【-】{005/015}[S8a-G],D,005/015,-,"¥1,000",¥650,¥450,¥200,¥50,,"¥1,000",https://files.cardrush.media/pokemon/ocha_products/23856.webp,1000
ピカチュウex RR仕様【-】{001/021}[SVC],G,001/021,-,"¥1,000",¥650,¥450,¥200,¥50,,"¥1,000",https://files.cardrush.media/pokemon/ocha_products/40881.webp,1000
モルペコVMAX RRR仕様【-】{003/004}[SP2],D,003/004,-,"¥1,000",¥650,¥450,¥200,¥50,,"¥1,000",https://files.cardrush.media/pokemon/ocha_products/14748.webp,1000
エーフィVMAX ノーマル仕様【-】{173/414}[SI],E,173/414,-,"¥1,000",¥650,¥450,¥200,¥50,,"¥1,000",https://files.cardrush.media/pokemon/ocha_products/23413.webp,1000
パルキアGX 【RR】{045/066}[sm5m],B,045/066,RR,"¥1,000",¥650,¥450,¥200,¥50,,"¥1,000",https://files.cardrush.media/pokemon/ocha_products/1101.webp,1000
オンバーンGX 【RR】{040/051}[sm3H],A,040/051,RR,"¥1,000",¥650,¥450,¥200,¥50,,"¥1,000",https://files.cardrush.media/pokemon/ocha_products/306.webp,1000
ネストボール 【TR】{052/054}[sm10a],G,052/054,TR,"¥1,000",¥650,¥450,¥200,¥50,,"¥1,000",https://files.cardrush.media/pokemon/ocha_products/3994.webp,1000
ポケモン通信 LEGEND【U】{065/070}[L1],C,065/070,U,"¥1,000",¥650,¥450,¥200,¥50,,"¥1,000",https://files.cardrush.media/pokemon/ocha_products/2942.webp,1000
学習装置 【-】{020/020}[DS],G,020/020,-,"¥1,000",¥650,¥450,¥200,¥50,,"¥1,000",https://files.cardrush.media/pokemon/ocha_products/3649.webp,1000
フラダリ◇ 【PR】{089/094}[sm6],B,089/094,PR,"¥1,000",¥650,¥450,¥200,¥50,,"¥1,000",https://files.cardrush.media/pokemon/ocha_products/1277.webp,1000
ピカチュウ 【-】{003/015}[S8a-G],D,003/015,-,"¥1,000",¥650,¥450,¥200,¥50,,"¥1,000",https://files.cardrush.media/pokemon/ocha_products/23854.webp,1000
ピカチュウ 【R】{028/071}[S10b],F,028/071,R,"¥1,000",¥650,¥450,¥200,¥50,,"¥1,000",https://files.cardrush.media/pokemon/ocha_products/35754.webp,1000
イーブイ 【P】{196/SV-P}[PROMO],H,196/SV-P,P,"¥1,000",¥650,¥450,¥200,¥50,,"¥1,000",https://files.cardrush.media/pokemon/ocha_products/59336.webp,1000
パラソルおねえさん 【SR】{084/062}[SV3a],G,084/062,SR,¥950,¥650,¥450,¥200,¥30,,"¥1,000",https://files.cardrush.media/pokemon/ocha_products/47873.webp,950
ネクロズマGX 【SR】{053/051}[sm3N],A,053/051,SR,¥950,¥700,¥450,¥200,¥30,,"¥1,100",https://files.cardrush.media/pokemon/ocha_products/993.webp,950
メガゲッコウガex 【SR】{098/083}[M4],J,098/083,SR,¥950,¥650,¥450,¥200,¥30,,"¥1,000",https://files.cardrush.media/pokemon/ocha_products/79883.webp,950
ラルトス 【AR】{083/078}[SV1S],G,083/078,AR,¥950,¥650,¥450,¥200,¥30,,"¥1,000",https://files.cardrush.media/pokemon/ocha_products/39504.webp,950
コアルヒー 【AR】{106/086}[SV11W],I,106/086,AR,¥950,¥650,¥450,¥200,¥30,,"¥1,000",https://files.cardrush.media/pokemon/ocha_products/67515.webp,950
エルレイド 【CHR】{057/049}[sm11b],C,057/049,CHR,¥950,¥700,¥450,¥200,¥30,,"¥1,100",https://files.cardrush.media/pokemon/ocha_products/5191.webp,950
カビゴン 【CHR】{077/071}[S10a],F,077/071,CHR,¥950,¥650,¥450,¥200,¥30,,"¥1,000",https://files.cardrush.media/pokemon/ocha_products/35356.webp,950
ムゲンダイナVMAX 【CSR】{247/184}[S8b],D,247/184,CSR,¥950,¥650,¥450,¥200,¥30,,"¥1,000",https://files.cardrush.media/pokemon/ocha_products/23023.webp,950
ミミロップ 【P】{273/XY-P}[XY],PROMO,273/XY-P,P,¥950,¥450,¥150,¥90,¥20,,"¥1,100",https://files.cardrush.media/pokemon/ocha_products/72426.webp,950
マッギョ 【U】{012/020}[SC],,012/020,U,¥950,¥450,¥150,¥90,¥20,,"¥1,100",https://files.cardrush.media/pokemon/ocha_products/47113.webp,950
バトルサーチャー 【◆】{076/082}[P1],-,076/082,◆,¥950,¥450,¥150,¥90,¥20,,"¥1,100",https://files.cardrush.media/pokemon/ocha_products/66187.webp,950
封印の結晶 【◆】{072/075}[P8],-,072/075,◆,¥950,¥450,¥150,¥90,¥20,,"¥1,100",https://files.cardrush.media/pokemon/ocha_products/66195.webp,950
ヒトカゲ 【C】{009/087}[CP6],XY,009/087,C,¥950,¥450,¥150,¥90,¥20,,"¥1,100",https://files.cardrush.media/pokemon/ocha_products/19711.webp,950
イーブイV 【-】{075/127}[sD],状態減額大,075/127,-,¥950,¥450,¥150,¥90,¥20,,"¥1,100",https://files.cardrush.media/pokemon/ocha_products/14230.webp,950
ニャースδ-デルタ種 【P】{127/PCG-P}[その他],EX,127/PCG-P,P,¥950,¥450,¥150,¥90,¥20,,"¥1,100",https://files.cardrush.media/pokemon/ocha_products/56547.webp,950
ジュプトルδ-デルタ種 【-】{008/016}[その他],EX,008/016,-,¥950,¥450,¥150,¥90,¥20,,"¥1,100",https://files.cardrush.media/pokemon/ocha_products/56639.webp,950
キルリアδ-デルタ種 【-】{004/024}[その他],EX,004/024,-,¥950,¥450,¥150,¥90,¥20,,"¥1,100",https://files.cardrush.media/pokemon/ocha_products/56649.webp,950
ザングースδ-デルタ種 明治【P】{145/PCG-P}[その他],EX,145/PCG-P,P,¥950,¥450,¥150,¥90,¥20,,"¥1,100",https://files.cardrush.media/pokemon/ocha_products/56665.webp,950
ヤーコン 【SR】{199/173}[sm12a],C,199/173,SR,¥900,¥600,¥450,¥200,¥40,,¥900,https://files.cardrush.media/pokemon/ocha_products/6071.webp,900
おとなのおねえさん 【SR】{083/076}[s3a],D,083/076,SR,¥900,¥600,¥450,¥200,¥40,,¥900,https://files.cardrush.media/pokemon/ocha_products/14145.webp,900
メロン 【SR】{083/070}[S6H],E,083/070,SR,¥900,¥600,¥450,¥200,¥40,,¥900,https://files.cardrush.media/pokemon/ocha_products/20203.webp,900
チリ 【SR】{083/062}[SV3a],G,083/062,SR,¥900,¥600,¥450,¥200,¥40,,¥900,https://files.cardrush.media/pokemon/ocha_products/47872.webp,900
ロケット団のサカキ 【SR】{121/098}[SV10],I,121/098,SR,¥900,¥650,¥450,¥200,¥30,,"¥1,000",https://files.cardrush.media/pokemon/ocha_products/65281.webp,900
ジジーロンGX 【SR】{058/051}[sm1+],A,058/051,SR,¥900,¥600,¥450,¥200,¥40,,¥900,https://files.cardrush.media/pokemon/ocha_products/667.webp,900
ケンタロスGX 【SR】{064/060}[sm1M],A,064/060,SR,¥900,¥650,¥450,¥200,¥30,,"¥1,000",https://files.cardrush.media/pokemon/ocha_products/573.webp,900
ルガルガンGX 【SR】{053/050}[sm2L],A,053/050,SR,¥900,¥650,¥450,¥200,¥30,,"¥1,000",https://files.cardrush.media/pokemon/ocha_products/1625.webp,900
ウツロイドGX 【SR】{052/050}[sm4A],A,052/050,SR,¥900,¥650,¥450,¥200,¥30,,"¥1,000",https://files.cardrush.media/pokemon/ocha_products/217.webp,900
ネクロズマあかつきのつばさGX 【SR】{068/066}[sm5m],B,068/066,SR,¥900,¥600,¥450,¥200,¥40,,¥900,https://files.cardrush.media/pokemon/ocha_products/997.webp,900
フーパGX 【SR】{054/052}[sm8a],B,054/052,SR,¥900,¥600,¥450,¥200,¥40,,¥900,https://files.cardrush.media/pokemon/ocha_products/1988.webp,900
ザシアンV 【SR】{065/060}[s1W],D,065/060,SR,¥900,¥600,¥450,¥200,¥40,,¥900,https://files.cardrush.media/pokemon/ocha_products/7021.webp,900
ミロカロスV 【SR】{099/096}[S2],D,099/096,SR,¥900,¥600,¥450,¥200,¥40,,¥900,https://files.cardrush.media/pokemon/ocha_products/7545.webp,900
バシャーモV 【SR】{071/070}[S5a],E,071/070,SR,¥900,¥650,¥450,¥200,¥30,,"¥1,000",https://files.cardrush.media/pokemon/ocha_products/18988.webp,900
レシラムV 【SR】{076/068}[S11a],F,076/068,SR,¥900,¥600,¥450,¥200,¥40,,¥900,https://files.cardrush.media/pokemon/ocha_products/37015.webp,900
フシギバナex 【SR】{184/165}[SV2a],G,184/165,SR,¥900,¥650,¥450,¥200,¥30,,"¥1,000",https://files.cardrush.media/pokemon/ocha_products/43843.webp,900
ガラルファイヤー 【AR】{190/172}[S12a],E,190/172,AR,¥900,¥650,¥450,¥200,¥30,,"¥1,000",https://files.cardrush.media/pokemon/ocha_products/38370.webp,900
デオキシス 【AR】{185/172}[S12a],E,185/172,AR,¥900,¥600,¥450,¥200,¥40,,¥900,https://files.cardrush.media/pokemon/ocha_products/38365.webp,900
ラティアス 【AR】{195/172}[S12a],E,195/172,AR,¥900,¥650,¥450,¥200,¥30,,"¥1,000",https://files.cardrush.media/pokemon/ocha_products/38375.webp,900
キルリア 【AR】{084/078}[SV1S],G,084/078,AR,¥900,¥650,¥450,¥200,¥30,,"¥1,000",https://files.cardrush.media/pokemon/ocha_products/39505.webp,900
リオル 【AR】{086/078}[SV1S],G,086/078,AR,¥900,¥650,¥450,¥200,¥30,,"¥1,000",https://files.cardrush.media/pokemon/ocha_products/39507.webp,900
カメール 【AR】{171/165}[SV2a],G,171/165,AR,¥900,¥650,¥450,¥200,¥30,,"¥1,000",https://files.cardrush.media/pokemon/ocha_products/43830.webp,900
ニョロゾ 【AR】{176/165}[SV2a],G,176/165,AR,¥900,¥650,¥450,¥200,¥30,,"¥1,000",https://files.cardrush.media/pokemon/ocha_products/43835.webp,900
モルペコ 【AR】{076/066}[SV4K],G,076/066,AR,¥900,¥650,¥450,¥200,¥30,,"¥1,000",https://files.cardrush.media/pokemon/ocha_products/49639.webp,900
エモンガ 【AR】{116/086}[SV11B],I,116/086,AR,¥900,¥600,¥450,¥200,¥40,,¥900,https://files.cardrush.media/pokemon/ocha_products/67285.webp,900
クマシュン 【AR】{113/086}[SV11B],I,113/086,AR,¥900,¥650,¥450,¥200,¥30,,"¥1,000",https://files.cardrush.media/pokemon/ocha_products/67282.webp,900
チョロネコ 【AR】{134/086}[SV11W],I,134/086,AR,¥900,¥650,¥450,¥200,¥30,,"¥1,000",https://files.cardrush.media/pokemon/ocha_products/67543.webp,900
フタチマル 【AR】{103/086}[SV11W],I,103/086,AR,¥900,¥650,¥450,¥200,¥30,,"¥1,000",https://files.cardrush.media/pokemon/ocha_products/67512.webp,900
レパルダス 【AR】{135/086}[SV11W],I,135/086,AR,¥900,¥650,¥450,¥200,¥30,,"¥1,000",https://files.cardrush.media/pokemon/ocha_products/67544.webp,900
コータス 【CHR】{050/049}[sm11b],C,050/049,CHR,¥900,¥650,¥450,¥200,¥30,,"¥1,000",https://files.cardrush.media/pokemon/ocha_products/5184.webp,900
マニューラ 【CHR】{051/049}[sm11b],C,051/049,CHR,¥900,¥600,¥450,¥200,¥40,,¥900,https://files.cardrush.media/pokemon/ocha_products/5185.webp,900
ザシアンV 【CSR】{250/184}[S8b],D,250/184,CSR,¥900,¥600,¥450,¥200,¥40,,¥900,https://files.cardrush.media/pokemon/ocha_products/23026.webp,900
ゼラオラV 【CSR】{224/184}[S8b],E,224/184,CSR,¥900,¥650,¥450,¥200,¥30,,"¥1,000",https://files.cardrush.media/pokemon/ocha_products/23003.webp,900
ピィ 25th【P】{009/025}[S8a-P],その他,009/025,P,¥900,¥450,¥150,¥90,¥20,,"¥1,000",https://files.cardrush.media/pokemon/ocha_products/22387.webp,900
ゼルネアスEX 25th【P】{023/025}[S8a-P],その他,023/025,P,¥900,¥450,¥150,¥90,¥20,,"¥1,000",https://files.cardrush.media/pokemon/ocha_products/22401.webp,900
アローラナッシーex 【P】{183/SV-P}[その他],,183/SV-P,P,¥900,¥450,¥150,¥90,¥20,,"¥1,000",https://files.cardrush.media/pokemon/ocha_products/59811.webp,900
改造ハンマー 【P】{211/SV-P}[その他],,211/SV-P,P,¥900,¥450,¥150,¥90,¥20,,"¥1,000",https://files.cardrush.media/pokemon/ocha_products/59775.webp,900
ゼルネアス 【P】{051/XY-P}[その他],PROMO,051/XY-P,P,¥900,¥450,¥150,¥90,¥20,,"¥1,000",https://files.cardrush.media/pokemon/ocha_products/22600.webp,900
ワルビアルEX 【P】{044/XY-P}[XY],PROMO,044/XY-P,P,¥900,¥450,¥150,¥90,¥20,,"¥1,000",https://files.cardrush.media/pokemon/ocha_products/72319.webp,900
デデンネ XY激アツ始動キャンペーン【P】{013/XY-P}[その他],,013/XY-P,P,¥900,¥450,¥150,¥90,¥20,,"¥1,000",https://files.cardrush.media/pokemon/ocha_products/78298.webp,900
イカサマコイン 【P】{047/XY-P}[その他],EX,047/XY-P,P,¥900,¥450,¥150,¥90,¥20,,"¥1,000",https://files.cardrush.media/pokemon/ocha_products/4136.webp,900
ちからのハチマキ リザードンメガバトル【P】{019/XY-P}[その他],EX,019/XY-P,P,¥900,¥450,¥150,¥90,¥20,,"¥1,000",https://files.cardrush.media/pokemon/ocha_products/897.webp,900
プラターヌ博士 【P】{028/XY-P}[その他],EX,028/XY-P,P,¥900,¥450,¥150,¥90,¥20,,"¥1,000",https://files.cardrush.media/pokemon/ocha_products/1264.webp,900
エンペルト 【P】{125/BW-P}[BW-P],PROMO,125/BW-P,P,¥900,¥450,¥150,¥90,¥20,,"¥1,000",https://files.cardrush.media/pokemon/ocha_products/71266.webp,900
ランプラー 【P】{172/BW-P}[BW-P],PROMO,172/BW-P,P,¥900,¥450,¥150,¥90,¥20,,"¥1,000",https://files.cardrush.media/pokemon/ocha_products/71294.webp,900
ピカチュウ 【-】{029/171}[XY],PIKA,029/171,-,¥900,¥450,¥150,¥90,¥20,,"¥1,000",https://files.cardrush.media/pokemon/ocha_products/1122.webp,900
バトルコンプレッサー フレア団ギア 【U】{079/088}[XY4],EX,079/088,U,¥900,¥450,¥150,¥90,¥20,,"¥1,000",https://files.cardrush.media/pokemon/ocha_products/1080.webp,900
バトルコンプレッサー フレア団ギア 【U】{019/041}[smG],EX,019/041,U,¥900,¥450,¥150,¥90,¥20,,"¥1,000",https://files.cardrush.media/pokemon/ocha_products/1079.webp,900
バトルコンプレッサー フレア団ギア 【-】{025/048}[EXB01],EX,025/048,-,¥900,¥450,¥150,¥90,¥20,,"¥1,000",https://files.cardrush.media/pokemon/ocha_products/6115.webp,900
バトルコンプレッサー フレア団ギア 【-】{114/171}[XY],EX,114/171,-,¥900,¥450,¥150,¥90,¥20,,"¥1,000",https://files.cardrush.media/pokemon/ocha_products/1078.webp,900
バトルコンプレッサー フレア団ギア 【P】{345/S-P}[その他],EX,345/S-P,P,¥900,¥450,¥150,¥90,¥20,,"¥1,000",https://files.cardrush.media/pokemon/ocha_products/39046.webp,900
バトルコンプレッサー フレア団ギア 【P】{136/SV-P}[その他],EX,136/SV-P,P,¥900,¥450,¥150,¥90,¥20,,"¥1,000",https://files.cardrush.media/pokemon/ocha_products/52528.webp,900
バトルコンプレッサー フレア団ギア 【P】{225/SV-P}[その他],EX,225/SV-P,P,¥900,¥450,¥150,¥90,¥20,,"¥1,000",https://files.cardrush.media/pokemon/ocha_products/63227.webp,900
バトルコンプレッサー フレア団ギア 【P】{059/M-P}[その他],EX,059/M-P,P,¥900,¥450,¥150,¥90,¥20,,"¥1,000",https://files.cardrush.media/pokemon/ocha_products/78376.webp,900
バトルサーチャー 【U】{088/100}[その他],EX,088/100,U,¥900,¥450,¥150,¥90,¥20,,"¥1,000",https://files.cardrush.media/pokemon/ocha_products/4133.webp,900
バトルサーチャー 【P】{346/S-P}[その他],EX,346/S-P,P,¥900,¥450,¥150,¥90,¥20,,"¥1,000",https://files.cardrush.media/pokemon/ocha_products/39047.webp,900
バトルサーチャー 【P】{226/SV-P}[その他],EX,226/SV-P,P,¥900,¥450,¥150,¥90,¥20,,"¥1,000",https://files.cardrush.media/pokemon/ocha_products/63228.webp,900
いのちのしずく 【-】{048/048}[EXB01],EX,048/048,-,¥900,¥450,¥150,¥90,¥20,,"¥1,000",https://files.cardrush.media/pokemon/ocha_products/6138.webp,900
ロケット団の工作 【U】{077/078}[XY10],EX,077/078,U,¥900,¥450,¥150,¥90,¥20,,"¥1,000",https://files.cardrush.media/pokemon/ocha_products/1694.webp,900
ユキワラシ 【C】{008/032}[CP3],EX,008/032,C,¥900,¥450,¥150,¥90,¥20,,"¥1,000",https://files.cardrush.media/pokemon/ocha_products/18538.webp,900
ソーナンス 【C】{013/032}[CP3],EX,013/032,C,¥900,¥450,¥150,¥90,¥20,,"¥1,000",https://files.cardrush.media/pokemon/ocha_products/6381.webp,900
イベルタル 【U】{018/032}[CP3],EX,018/032,U,¥900,¥450,¥150,¥90,¥20,,"¥1,000",https://files.cardrush.media/pokemon/ocha_products/18546.webp,900
ペロッパフ 【U】{023/032}[CP3],EX,023/032,U,¥900,¥450,¥150,¥90,¥20,,"¥1,000",https://files.cardrush.media/pokemon/ocha_products/18549.webp,900
ペロリーム 【U】{024/032}[CP3],EX,024/032,U,¥900,¥450,¥150,¥90,¥20,,"¥1,000",https://files.cardrush.media/pokemon/ocha_products/18550.webp,900
チルット 【C】{028/032}[CP3],EX,028/032,C,¥900,¥450,¥150,¥90,¥20,,"¥1,000",https://files.cardrush.media/pokemon/ocha_products/18552.webp,900
ツタージャ 【C】{001/020}[その他],,001/020,C,¥900,¥450,¥150,¥90,¥20,,"¥1,000",https://files.cardrush.media/pokemon/ocha_products/47103.webp,900
ジャノビー 【C】{002/020}[SC],,002/020,C,¥900,¥450,¥150,¥90,¥20,,"¥1,000",https://files.cardrush.media/pokemon/ocha_products/47104.webp,900
チョロネコ 【U】{013/020}[SC],,013/020,U,¥900,¥450,¥150,¥90,¥20,,"¥1,000",https://files.cardrush.media/pokemon/ocha_products/47114.webp,900
ヒメグマ 【C】{015/020}[SC],,015/020,C,¥900,¥450,¥150,¥90,¥20,,"¥1,000",https://files.cardrush.media/pokemon/ocha_products/47115.webp,900
リングマ 【C】{016/020}[SC],,016/020,C,¥900,¥450,¥150,¥90,¥20,,"¥1,000",https://files.cardrush.media/pokemon/ocha_products/47116.webp,900
タブンネ 【C】{017/020}[SC],,017/020,C,¥900,¥450,¥150,¥90,¥20,,"¥1,000",https://files.cardrush.media/pokemon/ocha_products/47117.webp,900
カミツレ 【C】{020/020}[SC],,020/020,C,¥900,¥450,¥150,¥90,¥20,,"¥1,000",https://files.cardrush.media/pokemon/ocha_products/47120.webp,900
イベルタル 【-】{025/036}[CP5],EX,025/036,-,¥900,¥450,¥150,¥90,¥20,,"¥1,000",https://files.cardrush.media/pokemon/ocha_products/18496.webp,900
アルティメットゾーン 【P】{048/DPt-P}[その他],状態減額大,048/DPt-P,P,¥900,¥450,¥150,¥90,¥20,,"¥1,000",https://files.cardrush.media/pokemon/ocha_products/20921.webp,900
ヤミラミ 【★】{062/075}[P8],-,062/075,★,¥900,¥450,¥150,¥90,¥20,,"¥1,000",https://files.cardrush.media/pokemon/ocha_products/66250.webp,900
オムナイト 【●】{023/086}[その他],-,023/086,●,¥900,¥450,¥150,¥90,¥20,,"¥1,000",https://files.cardrush.media/pokemon/ocha_products/84711.webp,900
ピカチュウ 【P】{216/SV-P}[その他],,216/SV-P,P,¥900,¥450,¥150,¥90,¥20,,"¥1,000",https://files.cardrush.media/pokemon/ocha_products/58430.webp,900
ブースター 【P】{038/S-P}[その他],状態減額大,038/S-P,P,¥900,¥450,¥150,¥90,¥20,,"¥1,000",https://files.cardrush.media/pokemon/ocha_products/7607.webp,900
シャワーズ 【P】{071/S-P}[その他],状態減額大,071/S-P,P,¥900,¥450,¥150,¥90,¥20,,"¥1,000",https://files.cardrush.media/pokemon/ocha_products/14115.webp,900
シャワーズ 【P】{275/SM-P}[その他],状態減額大,275/SM-P,P,¥900,¥450,¥150,¥90,¥20,,"¥1,000",https://files.cardrush.media/pokemon/ocha_products/2579.webp,900
ミュウツーGX ノーマル仕様【-】{042/131}[smH],状態減額大,042/131,-,¥900,¥450,¥150,¥90,¥20,,"¥1,000",https://files.cardrush.media/pokemon/ocha_products/1502.webp,900
ニドリーノδ-デルタ種 【-】{054/068}[その他],EX,054/068,-,¥900,¥450,¥150,¥90,¥20,,"¥1,000",https://files.cardrush.media/pokemon/ocha_products/56540.webp,900
ロコンδ-デルタ種 【-】{029/068}[その他],EX,029/068,-,¥900,¥450,¥150,¥90,¥20,,"¥1,000",https://files.cardrush.media/pokemon/ocha_products/56542.webp,900
ハクリューδ-デルタ種 【-】{035/086}[その他],EX,035/086,-,¥900,¥450,¥150,¥90,¥20,,"¥1,000",https://files.cardrush.media/pokemon/ocha_products/56590.webp,900
キモリδ-デルタ種 【-】{007/016}[その他],EX,007/016,-,¥900,¥450,¥150,¥90,¥20,,"¥1,000",https://files.cardrush.media/pokemon/ocha_products/56637.webp,900
ペリッパーδ-デルタ種 明治【P】{140/PCG-P}[その他],EX,140/PCG-P,P,¥900,¥450,¥150,¥90,¥20,,"¥1,000",https://files.cardrush.media/pokemon/ocha_products/56646.webp,900
ラルトスδ-デルタ種 【-】{003/024}[その他],EX,003/024,-,¥900,¥450,¥150,¥90,¥20,,"¥1,000",https://files.cardrush.media/pokemon/ocha_products/56648.webp,900
カエンジシBREAK 【RR】{010/054}[その他],EX,010/054,RR,¥900,¥450,¥150,¥90,¥20,,"¥1,000",https://files.cardrush.media/pokemon/ocha_products/3924.webp,900
フリーザー Classicキラ【-】{009/032}[CLK],-,009/032,-,¥900,¥450,¥150,¥90,¥20,,"¥1,000",https://files.cardrush.media/pokemon/ocha_products/49055.webp,900
MサーナイトEX ノーマル仕様【-】{016/048}[EXB01],EX,016/048,-,¥900,¥450,¥150,¥90,¥20,,"¥1,000",https://files.cardrush.media/pokemon/ocha_products/6106.webp,900
ビリジオンEX 【R】{009/076}[BW9],,009/076,R,¥900,¥450,¥150,¥90,¥20,,"¥1,000",https://files.cardrush.media/pokemon/ocha_products/80603.webp,900
エンテイEX 【R】{009/069}[BW4],,009/069,R,¥900,¥450,¥150,¥90,¥20,,"¥1,000",https://files.cardrush.media/pokemon/ocha_products/80609.webp,900
ヒードランEX 【R】{006/051}[BW8],,006/051,R,¥900,¥450,¥150,¥90,¥20,,"¥1,000",https://files.cardrush.media/pokemon/ocha_products/80610.webp,900
ケルディオEX 【R】{019/059}[BW6],,019/059,R,¥900,¥450,¥150,¥90,¥20,,"¥1,000",https://files.cardrush.media/pokemon/ocha_products/80620.webp,900
ケルディオEX 【RR】{037/093}[EBB],,037/093,RR,¥900,¥450,¥150,¥90,¥20,,"¥1,000",https://files.cardrush.media/pokemon/ocha_products/80621.webp,900
ランドロスEX 【R】{040/059}[BW6],,040/059,R,¥900,¥450,¥150,¥90,¥20,,"¥1,000",https://files.cardrush.media/pokemon/ocha_products/80635.webp,900
ゼルネアスEX RR仕様【-】{090/131}[CP4],,090/131,-,¥900,¥450,¥150,¥90,¥20,,"¥1,000",https://files.cardrush.media/pokemon/ocha_products/80646.webp,900
ガルーラEX RR仕様【-】{093/131}[CP4],,093/131,-,¥900,¥450,¥150,¥90,¥20,,"¥1,000",https://files.cardrush.media/pokemon/ocha_products/80658.webp,900
ガルーラEX 【RR】{064/080}[XY2],,064/080,RR,¥900,¥450,¥150,¥90,¥20,,"¥1,000",https://files.cardrush.media/pokemon/ocha_products/80659.webp,900
フシギバナEX 【P】{233/XY-P}[その他],状態減額大,233/XY-P,P,¥900,¥450,¥150,¥90,¥20,,"¥1,000",https://files.cardrush.media/pokemon/ocha_products/20885.webp,900
ジュカインEX 【RR】{007/081}[その他],EX,007/081,RR,¥900,¥450,¥150,¥90,¥20,,"¥1,000",https://files.cardrush.media/pokemon/ocha_products/4035.webp,900
ジュカインEX 【-】{006/171}[XY],EX,006/171,-,¥900,¥450,¥150,¥90,¥20,,"¥1,000",https://files.cardrush.media/pokemon/ocha_products/4030.webp,900
バシャーモEX 【P】{127/XY-P}[その他],状態減額大,127/XY-P,P,¥900,¥450,¥150,¥90,¥20,,"¥1,000",https://files.cardrush.media/pokemon/ocha_products/20881.webp,900
マナフィEX 【RR】{021/080}[XY9],EX,021/080,RR,¥900,¥450,¥150,¥90,¥20,,"¥1,000",https://files.cardrush.media/pokemon/ocha_products/1466.webp,900
エルレイドEX 【P】{084/XY-P}[その他],EX,084/XY-P,P,¥900,¥450,¥150,¥90,¥20,,"¥1,000",https://files.cardrush.media/pokemon/ocha_products/4073.webp,900
フーパEX 【RR】{012/027}[CP2],EX,012/027,RR,¥900,¥450,¥150,¥90,¥20,,"¥1,000",https://files.cardrush.media/pokemon/ocha_products/18517.webp,900
ディアンシーEX 【P】{092/XY-P}[その他],PROMO,092/XY-P,P,¥900,¥450,¥150,¥90,¥20,,"¥1,000",https://files.cardrush.media/pokemon/ocha_products/22610.webp,900
フォッコ ポケモンパン【P】{035/XY-P}[その他],,035/XY-P,P,¥900,¥450,¥150,¥90,¥20,,"¥1,000",https://files.cardrush.media/pokemon/ocha_products/80277.webp,900
ジャローダVSTAR 【UR】{092/068}[S11a],F,092/068,UR,¥900,¥550,¥400,¥150,¥40,,¥900,https://files.cardrush.media/pokemon/ocha_products/37031.webp,900
はくばバドレックスVMAX 【UR】{278/184}[S8b],E,278/184,UR,¥900,¥550,¥400,¥150,¥40,,¥900,https://files.cardrush.media/pokemon/ocha_products/23054.webp,900
インテレオン 【UR】{098/069}[S6a],E,098/069,UR,¥900,¥550,¥400,¥150,¥40,,¥900,https://files.cardrush.media/pokemon/ocha_products/20764.webp,900
いちげきウーラオスVMAX 【UR】{282/184}[S8b],E,282/184,UR,¥900,¥550,¥400,¥150,¥40,,¥900,https://files.cardrush.media/pokemon/ocha_products/23059.webp,900
セキタンザン 【UR】{117/100}[s3],D,117/100,UR,¥900,¥550,¥400,¥150,¥40,,¥900,https://files.cardrush.media/pokemon/ocha_products/13927.webp,900
コライドンex 【UR】{360/190}[SV4a],G,360/190,UR,¥900,¥550,¥400,¥150,¥40,,¥900,https://files.cardrush.media/pokemon/ocha_products/51089.webp,900
ヒスイダイケンキVSTAR 【UR】{091/067}[S9a],F,091/067,UR,¥900,¥550,¥400,¥150,¥40,,¥900,https://files.cardrush.media/pokemon/ocha_products/33715.webp,900
アローラナッシーex 【UR】{092/064}[SV7a],H,092/064,UR,¥900,¥550,¥400,¥150,¥40,,¥900,https://files.cardrush.media/pokemon/ocha_products/59580.webp,900
ヤレユータン 【UR】{092/076}[s3a],D,092/076,UR,¥900,¥550,¥400,¥150,¥40,,¥900,https://files.cardrush.media/pokemon/ocha_products/14155.webp,900
ザシアンV SSR仕様【-】{029/028}[SJ],D,029/028,-,¥900,¥550,¥400,¥150,¥40,,¥900,https://files.cardrush.media/pokemon/ocha_products/22499.webp,900
デンジュモクGX 【SSR】{218/150}[sm8b],A,218/150,SSR,¥900,¥550,¥400,¥150,¥40,,¥900,https://files.cardrush.media/pokemon/ocha_products/2331.webp,900
ヒバニー AR仕様【-】{745/742}[MC],H,745/742,-,¥900,¥550,¥400,¥150,¥40,,¥900,https://files.cardrush.media/pokemon/ocha_products/75856.webp,900
かがやくフシギバナ 【K】{004/071}[S10b],F,004/071,K,¥900,¥550,¥400,¥150,¥40,,¥900,https://files.cardrush.media/pokemon/ocha_products/35730.webp,900
ニャースex 【RR】{061/080}[M3],J,061/080,RR,¥900,¥550,¥400,¥150,¥40,,¥900,https://files.cardrush.media/pokemon/ocha_products/78688.webp,900
ヤドン 【S】{219/190}[SV4a],G,219/190,S,¥900,¥550,¥400,¥150,¥40,,¥900,https://files.cardrush.media/pokemon/ocha_products/50948.webp,900
ルカリオ 【S】{281/190}[SV4a],G,281/190,S,¥900,¥550,¥400,¥150,¥40,,¥900,https://files.cardrush.media/pokemon/ocha_products/51010.webp,900
ゲコガシラ 【S】{172/150}[sm8b],B,172/150,S,¥900,¥550,¥400,¥150,¥40,,¥900,https://files.cardrush.media/pokemon/ocha_products/2245.webp,900
メガガルーラex 【P】{086/M-P}[PROMO],I,086/M-P,P,¥900,¥550,¥400,¥150,¥40,,¥900,https://files.cardrush.media/pokemon/ocha_products/79707.webp,900
イーブイ 【P】{031/SV-P}[その他],G,031/SV-P,P,¥900,¥550,¥400,¥150,¥40,,¥900,https://files.cardrush.media/pokemon/ocha_products/40348.webp,900
カルボウ 【P】{072/SV-P}[PROMO],G,072/SV-P,P,¥900,¥550,¥400,¥150,¥40,,¥900,https://files.cardrush.media/pokemon/ocha_products/46117.webp,900
デルビル 【P】{077/SV-P}[PROMO],G,077/SV-P,P,¥900,¥550,¥400,¥150,¥40,,¥900,https://files.cardrush.media/pokemon/ocha_products/46122.webp,900
ペパーのマフィティフex 【P】{256/SV-P}[その他],I,256/SV-P,P,¥900,¥550,¥400,¥150,¥40,,¥900,https://files.cardrush.media/pokemon/ocha_products/64722.webp,900
アイリスの闘志 【P】{269/SV-P}[その他],I,269/SV-P,P,¥900,¥550,¥400,¥150,¥40,,¥900,https://files.cardrush.media/pokemon/ocha_products/65425.webp,900
モルペコ 【P】{035/S-P}[その他],D,035/S-P,P,¥900,¥550,¥400,¥150,¥40,,¥900,https://files.cardrush.media/pokemon/ocha_products/7371.webp,900
ガラルヤドン 【P】{172/S-P}[その他],E,172/S-P,P,¥900,¥550,¥400,¥150,¥40,,¥900,https://files.cardrush.media/pokemon/ocha_products/19017.webp,900
ウッウロボ 【P】{182/S-P}[その他],E,182/S-P,P,¥900,¥550,¥400,¥150,¥40,,¥900,https://files.cardrush.media/pokemon/ocha_products/21174.webp,900
アローラロコン 【P】{206/SM-P}[その他],A,206/SM-P,P,¥900,¥550,¥400,¥150,¥40,,¥900,https://files.cardrush.media/pokemon/ocha_products/2806.webp,900
アローラライチュウ 【P】{157/SM-P}[その他],A,157/SM-P,P,¥900,¥550,¥400,¥150,¥40,,¥900,https://files.cardrush.media/pokemon/ocha_products/19930.webp,900
ベベノム 【P】{267/SM-P}[その他],B,267/SM-P,P,¥900,¥550,¥400,¥150,¥40,,¥900,https://files.cardrush.media/pokemon/ocha_products/1933.webp,900
クレセリア 【P】{166/SM-P}[その他],B,166/SM-P,P,¥900,¥550,¥400,¥150,¥40,,¥900,https://files.cardrush.media/pokemon/ocha_products/19933.webp,900
カラカラ 【P】{254/SM-P}[その他],B,254/SM-P,P,¥900,¥550,¥400,¥150,¥40,,¥900,https://files.cardrush.media/pokemon/ocha_products/19950.webp,900
シルヴァディGX 【P】{122/SM-P}[その他],A,122/SM-P,P,¥900,¥550,¥400,¥150,¥40,,¥900,https://files.cardrush.media/pokemon/ocha_products/724.webp,900
イリマ 【P】{095/SM-P}[その他],A,095/SM-P,P,¥900,¥550,¥400,¥150,¥40,,¥900,https://files.cardrush.media/pokemon/ocha_products/206.webp,900
ジャローダVSTAR 【HR】{086/068}[S11a],F,086/068,HR,¥900,¥550,¥400,¥150,¥40,,¥900,https://files.cardrush.media/pokemon/ocha_products/37025.webp,900
エースバーンVMAX 【HR】{080/070}[s1a],D,080/070,HR,¥900,¥550,¥400,¥150,¥40,,¥900,https://files.cardrush.media/pokemon/ocha_products/7364.webp,900
インテレオンVMAX 【HR】{081/070}[s1a],D,081/070,HR,¥900,¥550,¥400,¥150,¥40,,¥900,https://files.cardrush.media/pokemon/ocha_products/7365.webp,900
モルペコVMAX 【HR】{069/060}[s1H],D,069/060,HR,¥900,¥550,¥400,¥150,¥40,,¥900,https://files.cardrush.media/pokemon/ocha_products/7041.webp,900
マホイップVMAX 【HR】{086/076}[s3a],D,086/076,HR,¥900,¥550,¥400,¥150,¥40,,¥900,https://files.cardrush.media/pokemon/ocha_products/14148.webp,900
ドンカラスGX 【HR】{111/095}[sm10],C,111/095,HR,¥900,¥550,¥400,¥150,¥40,,¥900,https://files.cardrush.media/pokemon/ocha_products/3406.webp,900
アーゴヨンGX 【HR】{065/054}[sm10b],C,065/054,HR,¥900,¥550,¥400,¥150,¥40,,¥900,https://files.cardrush.media/pokemon/ocha_products/4416.webp,900
ナタネの活気 【HR】{084/067}[S10D],F,084/067,HR,¥900,¥550,¥400,¥150,¥40,,¥900,https://files.cardrush.media/pokemon/ocha_products/34752.webp,900
エネポーター 【UR】{108/094}[sm6],B,108/094,UR,¥900,¥550,¥400,¥150,¥40,,¥900,https://files.cardrush.media/pokemon/ocha_products/246.webp,900
ダークパッチ 【UR】{098/071}[S10a],F,098/071,UR,¥900,¥550,¥400,¥150,¥40,,¥900,https://files.cardrush.media/pokemon/ocha_products/35377.webp,900
ジムバッジ キョウ【P】{XY-P}[その他],P,XY-P,P,¥900,¥450,¥150,¥90,¥20,,¥900,https://files.cardrush.media/pokemon/ocha_products/676.webp,900
ジムバッジ サカキ【P】{XY-P}[その他],P,XY-P,P,¥900,¥450,¥150,¥90,¥20,,¥900,https://files.cardrush.media/pokemon/ocha_products/678.webp,900
ベトベトン＆アローラベトベトンGX 【RR】{029/095}[sm10],C,029/095,RR,¥900,¥550,¥400,¥150,¥40,,¥900,https://files.cardrush.media/pokemon/ocha_products/3324.webp,900
マーシャドー＆カイリキーGX 【RR】{067/173}[sm12a],C,067/173,RR,¥900,¥550,¥400,¥150,¥40,,¥900,https://files.cardrush.media/pokemon/ocha_products/5823.webp,900
マーシャドー＆カイリキーGX 【RR】{042/095}[sm10],C,042/095,RR,¥900,¥550,¥400,¥150,¥40,,¥900,https://files.cardrush.media/pokemon/ocha_products/3337.webp,900
ルカリオ＆メルメタルGX 【RR】{083/173}[sm12a],C,083/173,RR,¥900,¥550,¥400,¥150,¥40,,¥900,https://files.cardrush.media/pokemon/ocha_products/5850.webp,900
ルカリオ＆メルメタルGX 【RR】{029/054}[SM9b],C,029/054,RR,¥900,¥550,¥400,¥150,¥40,,¥900,https://files.cardrush.media/pokemon/ocha_products/3091.webp,900
ギャラドスGX RR仕様【-】{015/051}[SML],C,015/051,-,¥900,¥550,¥400,¥150,¥40,,¥900,https://files.cardrush.media/pokemon/ocha_products/3593.webp,900
スイクンGX 【RR】{028/095}[sm8],B,028/095,RR,¥900,¥550,¥400,¥150,¥40,,¥900,https://files.cardrush.media/pokemon/ocha_products/1857.webp,900
ライチュウGX 【RR】{030/072}[sm3+],A,030/072,RR,¥900,¥550,¥400,¥150,¥40,,¥900,https://files.cardrush.media/pokemon/ocha_products/1557.webp,900
ゲンガー 【R】{025/060}[s1W],D,025/060,R,¥900,¥550,¥400,¥150,¥40,,¥900,https://files.cardrush.media/pokemon/ocha_products/6885.webp,900
ミュウVMAX 【RRR】{040/100}[S8],E,040/100,RRR,¥900,¥550,¥400,¥150,¥40,,¥900,https://files.cardrush.media/pokemon/ocha_products/22115.webp,900
ミュウVMAX 【RRR】{054/172}[S12a],E,054/172,RRR,¥900,¥550,¥400,¥150,¥40,,¥900,https://files.cardrush.media/pokemon/ocha_products/38138.webp,900
バンギラスGX 【RR】{059/095}[sm8],B,059/095,RR,¥900,¥550,¥400,¥150,¥40,,¥900,https://files.cardrush.media/pokemon/ocha_products/1872.webp,900
ハッサムGX 【RR】{041/066}[sm6b],B,041/066,RR,¥900,¥550,¥400,¥150,¥40,,¥900,https://files.cardrush.media/pokemon/ocha_products/1074.webp,900
カイリューV RR仕様【P】{292/S-P}[その他],F,292/S-P,P,¥900,¥550,¥400,¥150,¥40,,¥900,https://files.cardrush.media/pokemon/ocha_products/35834.webp,900
カイリュー 【R】{068/094}[sm11],C,068/094,R,¥900,¥550,¥400,¥150,¥40,,¥900,https://files.cardrush.media/pokemon/ocha_products/4579.webp,900
アセロラ 【TR】{054/054}[SM9b],A,054/054,TR,¥900,¥550,¥400,¥150,¥40,,¥900,https://files.cardrush.media/pokemon/ocha_products/3116.webp,900
おじょうさま 【TR】{063/064}[sm11a],F,063/064,TR,¥900,¥550,¥400,¥150,¥40,,¥900,https://files.cardrush.media/pokemon/ocha_products/5027.webp,900
博士の研究/アララギ博士 【SR】{266/184}[S8b],G,266/184,SR,¥850,¥550,¥400,¥150,¥20,,¥900,https://files.cardrush.media/pokemon/ocha_products/23042.webp,850
アセロラのいたずら 【SR】{084/063}[M1S],I,084/063,SR,¥850,¥550,¥400,¥150,¥20,,¥900,https://files.cardrush.media/pokemon/ocha_products/70072.webp,850
スイクンV 【SR】{068/067}[S7D],E,068/067,SR,¥850,¥550,¥400,¥150,¥20,,¥900,https://files.cardrush.media/pokemon/ocha_products/21445.webp,850
プテラV 【SR】{105/100}[S11],F,105/100,SR,¥850,¥550,¥400,¥150,¥20,,¥900,https://files.cardrush.media/pokemon/ocha_products/36372.webp,850
クリムガン 【AR】{150/086}[SV11W],I,150/086,AR,¥850,¥550,¥400,¥150,¥20,,¥900,https://files.cardrush.media/pokemon/ocha_products/67559.webp,850
ハンサム 【SR】{072/066}[sm5m],B,072/066,SR,¥800,¥550,¥400,¥200,¥40,,¥800,https://files.cardrush.media/pokemon/ocha_products/1106.webp,800
博士の研究/マグノリア博士 【SR】{067/060}[s1W],G,067/060,SR,¥800,¥550,¥400,¥200,¥40,,¥800,https://files.cardrush.media/pokemon/ocha_products/7023.webp,800
ダンデ 【SR】{110/100}[s4],D,110/100,SR,¥800,¥550,¥400,¥200,¥40,,¥800,https://files.cardrush.media/pokemon/ocha_products/14598.webp,800
スクールガール 【SR】{078/067}[S7D],E,078/067,SR,¥800,¥550,¥400,¥200,¥40,,¥800,https://files.cardrush.media/pokemon/ocha_products/21455.webp,800
サイトウ 【SR】{261/184}[S8b],D,261/184,SR,¥800,¥550,¥400,¥200,¥40,,¥800,https://files.cardrush.media/pokemon/ocha_products/23037.webp,800
サザレ 【SR】{087/066}[SV5a],H,087/066,SR,¥800,¥550,¥400,¥200,¥40,,¥800,https://files.cardrush.media/pokemon/ocha_products/54807.webp,800
Nの筋書き 【SR】{165/086}[SV11B],I,165/086,SR,¥800,¥550,¥400,¥150,¥20,,¥900,https://files.cardrush.media/pokemon/ocha_products/67334.webp,800
カナリィ 【SR】{219/193}[M2a],I,219/193,SR,¥800,¥550,¥400,¥150,¥20,,¥900,https://files.cardrush.media/pokemon/ocha_products/73716.webp,800
アローラゴローニャGX 【SR】{051/050}[sm4S],A,051/050,SR,¥800,¥550,¥400,¥150,¥20,,¥900,https://files.cardrush.media/pokemon/ocha_products/179.webp,800
アーゴヨンGX 【SR】{058/054}[sm10b],C,058/054,SR,¥800,¥550,¥400,¥200,¥40,,¥800,https://files.cardrush.media/pokemon/ocha_products/4410.webp,800
ケルディオGX 【SR】{057/054}[sm10b],C,057/054,SR,¥800,¥550,¥400,¥200,¥40,,¥800,https://files.cardrush.media/pokemon/ocha_products/4409.webp,800
オドリドリGX 【SR】{097/095}[sm12],C,097/095,SR,¥800,¥550,¥400,¥200,¥40,,¥800,https://files.cardrush.media/pokemon/ocha_products/5478.webp,800
マニューラGX 【SR】{183/173}[sm12a],C,183/173,SR,¥800,¥550,¥400,¥200,¥40,,¥800,https://files.cardrush.media/pokemon/ocha_products/6023.webp,800
ヤミラミV 【SR】{064/060}[s1H],D,064/060,SR,¥800,¥550,¥400,¥200,¥40,,¥800,https://files.cardrush.media/pokemon/ocha_products/7036.webp,800
ドラパルトV 【SR】{101/096}[S2],D,101/096,SR,¥800,¥550,¥400,¥200,¥40,,¥800,https://files.cardrush.media/pokemon/ocha_products/7547.webp,800
ムゲンダイナV 【SR】{106/100}[s3],D,106/100,SR,¥800,¥550,¥400,¥200,¥40,,¥800,https://files.cardrush.media/pokemon/ocha_products/13920.webp,800
マホイップV 【SR】{079/076}[s3a],D,079/076,SR,¥800,¥550,¥400,¥200,¥40,,¥800,https://files.cardrush.media/pokemon/ocha_products/14140.webp,800
フーディンV 【SR】{105/100}[s4],D,105/100,SR,¥800,¥550,¥400,¥200,¥40,,¥800,https://files.cardrush.media/pokemon/ocha_products/14593.webp,800
ガラルヤドキングV 【SR】{079/070}[S5a],E,079/070,SR,¥800,¥550,¥400,¥200,¥40,,¥800,https://files.cardrush.media/pokemon/ocha_products/18996.webp,800
ドンカラスV SA【SR】{109/100}[S9],F,109/100,SR,¥800,¥550,¥400,¥200,¥40,,¥800,https://files.cardrush.media/pokemon/ocha_products/24421.webp,800
オリジンディアルガV 【SR】{074/067}[S10D],F,074/067,SR,¥800,¥550,¥400,¥200,¥40,,¥800,https://files.cardrush.media/pokemon/ocha_products/34742.webp,800
カイリキーV 【SR】{072/067}[S10D],F,072/067,SR,¥800,¥550,¥400,¥200,¥40,,¥800,https://files.cardrush.media/pokemon/ocha_products/34740.webp,800
オリジンパルキアV 【SR】{070/067}[S10P],F,070/067,SR,¥800,¥550,¥400,¥200,¥40,,¥800,https://files.cardrush.media/pokemon/ocha_products/34759.webp,800
スカタンクV SA【SR】{106/098}[S12],F,106/098,SR,¥800,¥550,¥400,¥200,¥40,,¥800,https://files.cardrush.media/pokemon/ocha_products/37608.webp,800
ギャラドスex 【SR】{091/078}[SV1S],G,091/078,SR,¥800,¥550,¥400,¥150,¥20,,¥900,https://files.cardrush.media/pokemon/ocha_products/39512.webp,800
ロケット団のファイヤーex 【SR】{112/098}[SV10],I,112/098,SR,¥800,¥550,¥400,¥150,¥20,,¥900,https://files.cardrush.media/pokemon/ocha_products/65272.webp,800
ポチエナ 【AR】{208/172}[S12a],F,208/172,AR,¥800,¥550,¥400,¥200,¥40,,¥800,https://files.cardrush.media/pokemon/ocha_products/38388.webp,800
ハクリュー 【AR】{182/165}[SV2a],G,182/165,AR,¥800,¥550,¥400,¥200,¥40,,¥800,https://files.cardrush.media/pokemon/ocha_products/43841.webp,800
タマンタ 【AR】{064/062}[SV3a],G,064/062,AR,¥800,¥550,¥400,¥150,¥20,,¥900,https://files.cardrush.media/pokemon/ocha_products/47853.webp,800
チラーミィ 【AR】{082/071}[SV5K],H,082/071,AR,¥800,¥550,¥400,¥150,¥20,,¥900,https://files.cardrush.media/pokemon/ocha_products/53283.webp,800
チラチーノ 【AR】{083/071}[SV5K],H,083/071,AR,¥800,¥550,¥400,¥150,¥20,,¥900,https://files.cardrush.media/pokemon/ocha_products/53284.webp,800
ヘルガー 【AR】{066/064}[SV6a],H,066/064,AR,¥800,¥550,¥400,¥150,¥20,,¥900,https://files.cardrush.media/pokemon/ocha_products/57355.webp,800
ペルシアン 【AR】{075/064}[SV6a],H,075/064,AR,¥800,¥550,¥400,¥200,¥40,,¥800,https://files.cardrush.media/pokemon/ocha_products/57364.webp,800
カブルモ 【AR】{094/086}[SV11B],I,094/086,AR,¥800,¥550,¥400,¥150,¥20,,¥900,https://files.cardrush.media/pokemon/ocha_products/67263.webp,800
ムンナ 【AR】{121/086}[SV11B],I,121/086,AR,¥800,¥550,¥400,¥150,¥20,,¥900,https://files.cardrush.media/pokemon/ocha_products/67290.webp,800
モロバレル 【AR】{096/086}[SV11B],I,096/086,AR,¥800,¥550,¥400,¥150,¥20,,¥900,https://files.cardrush.media/pokemon/ocha_products/67265.webp,800
ワルビアル 【AR】{143/086}[SV11B],I,143/086,AR,¥800,¥550,¥400,¥150,¥20,,¥900,https://files.cardrush.media/pokemon/ocha_products/67312.webp,800
クルミル 【AR】{087/086}[SV11W],I,087/086,AR,¥800,¥550,¥400,¥150,¥20,,¥900,https://files.cardrush.media/pokemon/ocha_products/67496.webp,800
ズルッグ 【AR】{136/086}[SV11W],I,136/086,AR,¥800,¥550,¥400,¥150,¥20,,¥900,https://files.cardrush.media/pokemon/ocha_products/67545.webp,800
チャオブー 【AR】{097/086}[SV11W],I,097/086,AR,¥800,¥550,¥400,¥150,¥20,,¥900,https://files.cardrush.media/pokemon/ocha_products/67506.webp,800
メブキジカ 【AR】{092/086}[SV11W],I,092/086,AR,¥800,¥550,¥400,¥200,¥40,,¥800,https://files.cardrush.media/pokemon/ocha_products/67501.webp,800
こくばバドレックスV 【CSR】{235/184}[S8b],E,235/184,CSR,¥800,¥550,¥400,¥200,¥40,,¥800,https://files.cardrush.media/pokemon/ocha_products/23011.webp,800
はくばバドレックスVMAX 【CSR】{221/184}[S8b],E,221/184,CSR,¥800,¥550,¥400,¥150,¥20,,¥900,https://files.cardrush.media/pokemon/ocha_products/23000.webp,800
れんげきウーラオスVMAX 【CSR】{241/184}[S8b],E,241/184,CSR,¥800,¥550,¥400,¥150,¥20,,¥900,https://files.cardrush.media/pokemon/ocha_products/23017.webp,800
ゼルネアスEX 【RR】{044/060}[XY1],,044/060,RR,¥800,¥400,¥150,¥80,¥20,,"¥1,000",https://files.cardrush.media/pokemon/ocha_products/80647.webp,800
バクガメス 【P】{054/SM-P}[SM],PROMO,054/SM-P,P,¥800,¥400,¥150,¥80,¥20,,¥900,https://files.cardrush.media/pokemon/ocha_products/72432.webp,800
ディアンシー 【P】{053/XY-P}[その他],PROMO,053/XY-P,P,¥800,¥400,¥150,¥80,¥20,,¥900,https://files.cardrush.media/pokemon/ocha_products/22602.webp,800
ディアンシー 【P】{054/XY-P}[その他],PROMO,054/XY-P,P,¥800,¥400,¥150,¥80,¥20,,¥900,https://files.cardrush.media/pokemon/ocha_products/22604.webp,800
フーディンソウルリンク 【P】{229/XY-P}[XY],PROMO,229/XY-P,P,¥800,¥400,¥150,¥80,¥20,,¥900,https://files.cardrush.media/pokemon/ocha_products/72406.webp,800
ガブリアスソウルリンク 【P】{XY-P}[その他],状態減額大,XY-P,P,¥800,¥400,¥150,¥80,¥20,,¥900,https://files.cardrush.media/pokemon/ocha_products/20884.webp,800
ちからのハチマキ 【P】{125/XY-P}[その他],EX,125/XY-P,P,¥800,¥400,¥150,¥80,¥20,,¥900,https://files.cardrush.media/pokemon/ocha_products/893.webp,800
炎のトーチ 【P】{032/XY-P}[その他],EX,032/XY-P,P,¥800,¥400,¥150,¥80,¥20,,¥900,https://files.cardrush.media/pokemon/ocha_products/1395.webp,800
デント 【P】{128/BW-P}[BW-P],PROMO,128/BW-P,P,¥800,¥400,¥150,¥80,¥20,,¥900,https://files.cardrush.media/pokemon/ocha_products/71269.webp,800
マルマイン 【P】{173/BW-P}[BW-P],PROMO,173/BW-P,P,¥800,¥400,¥150,¥80,¥20,,¥900,https://files.cardrush.media/pokemon/ocha_products/71295.webp,800
ニャース 【P】{204/BW-P}[BW-P],PROMO,204/BW-P,P,¥800,¥400,¥150,¥80,¥20,,¥900,https://files.cardrush.media/pokemon/ocha_products/71318.webp,800
ユキメノコ 【P】{211/BW-P}[BW-P],PROMO,211/BW-P,P,¥800,¥400,¥150,¥80,¥20,,¥900,https://files.cardrush.media/pokemon/ocha_products/71324.webp,800
カビゴン 【U】{055/070}[BW7],EX,055/070,U,¥800,¥400,¥150,¥80,¥20,,¥900,https://files.cardrush.media/pokemon/ocha_products/34386.webp,800
タブンネソウルリンク 【-】{019/026}[XYH],EX,019/026,-,¥800,¥400,¥150,¥80,¥20,,¥900,https://files.cardrush.media/pokemon/ocha_products/6377.webp,800
バトルサーチャー 【-】{115/171}[XY],EX,115/171,-,¥800,¥400,¥150,¥80,¥20,,¥900,https://files.cardrush.media/pokemon/ocha_products/1087.webp,800
バトルサーチャー 【-】{008/018}[smB],EX,008/018,-,¥800,¥400,¥150,¥80,¥20,,¥900,https://files.cardrush.media/pokemon/ocha_products/1084.webp,800
バトルサーチャー 【-】{009/016}[XYf],EX,009/016,-,¥800,¥400,¥150,¥80,¥20,,¥900,https://files.cardrush.media/pokemon/ocha_products/1089.webp,800
バトルサーチャー 【-】{009/018}[XYb青],EX,009/018,-,¥800,¥400,¥150,¥80,¥20,,¥900,https://files.cardrush.media/pokemon/ocha_products/1088.webp,800
バトルサーチャー 【-】{030/049}[MMB赤],EX,030/049,-,¥800,¥400,¥150,¥80,¥20,,¥900,https://files.cardrush.media/pokemon/ocha_products/1083.webp,800
バトルサーチャー 【-】{032/049}[MMB青],EX,032/049,-,¥800,¥400,¥150,¥80,¥20,,¥900,https://files.cardrush.media/pokemon/ocha_products/1082.webp,800
バトルサーチャー 【-】{013/020}[smF],EX,013/020,-,¥800,¥400,¥150,¥80,¥20,,¥900,https://files.cardrush.media/pokemon/ocha_products/1085.webp,800
バトルサーチャー 【-】{020/041}[smG],EX,020/041,-,¥800,¥400,¥150,¥80,¥20,,¥900,https://files.cardrush.media/pokemon/ocha_products/1086.webp,800
バトルサーチャー 【-】{026/048}[EXB01],EX,026/048,-,¥800,¥400,¥150,¥80,¥20,,¥900,https://files.cardrush.media/pokemon/ocha_products/6116.webp,800
バトルサーチャー 【P】{137/SV-P}[その他],EX,137/SV-P,P,¥800,¥400,¥150,¥80,¥20,,¥900,https://files.cardrush.media/pokemon/ocha_products/52529.webp,800
バトルサーチャー 【P】{060/M-P}[その他],EX,060/M-P,P,¥800,¥400,¥150,¥80,¥20,,¥900,https://files.cardrush.media/pokemon/ocha_products/78377.webp,800
プロテクトキューブ 【U】{076/080}[XY2],EX,076/080,U,¥800,¥400,¥150,¥80,¥20,,¥900,https://files.cardrush.media/pokemon/ocha_products/47036.webp,800
アオギリの切り札 【U】{066/070}[XY5緑],EX,066/070,U,¥800,¥400,¥150,¥80,¥20,,¥900,https://files.cardrush.media/pokemon/ocha_products/128.webp,800
ミュウツー 【U】{016/024}[smP2],状態減額大,016/024,U,¥800,¥400,¥150,¥80,¥20,,¥900,https://files.cardrush.media/pokemon/ocha_products/4392.webp,800
ハピナス グレート【-】{054/070}[その他],,054/070,-,¥800,¥400,¥150,¥80,¥20,,¥900,https://files.cardrush.media/pokemon/ocha_products/45677.webp,800
ドンメル 【-】{002/019}[-],-,002/019,-,¥800,¥400,¥150,¥80,¥20,,¥900,https://files.cardrush.media/pokemon/ocha_products/66278.webp,800
逆転！マジックハンド 【◆】{073/084}[P3],-,073/084,◆,¥800,¥400,¥150,¥80,¥20,,¥900,https://files.cardrush.media/pokemon/ocha_products/66190.webp,800
ポケモン回収装置 【◆】{077/084}[P3],-,077/084,◆,¥800,¥400,¥150,¥80,¥20,,¥900,https://files.cardrush.media/pokemon/ocha_products/66191.webp,800
漂流者 【◆】{068/075}[P8],-,068/075,◆,¥800,¥400,¥150,¥80,¥20,,¥900,https://files.cardrush.media/pokemon/ocha_products/66227.webp,800
フヨウのスタジアム 【◆】{096/108}[PWCP],-,096/108,◆,¥800,¥400,¥150,¥80,¥20,,¥900,https://files.cardrush.media/pokemon/ocha_products/66214.webp,800
ストライク 【★】{003/106}[その他],-,003/106,★,¥800,¥400,¥150,¥80,¥20,,¥900,https://files.cardrush.media/pokemon/ocha_products/84694.webp,800
ピカチュウ 【●】{022/053}[その他],状態減額大,022/053,●,¥800,¥400,¥150,¥80,¥20,,¥900,https://files.cardrush.media/pokemon/ocha_products/20959.webp,800
ミュウツーGX 【RR】{036/114}[sm4+],状態減額大,036/114,RR,¥800,¥400,¥150,¥80,¥20,,¥900,https://files.cardrush.media/pokemon/ocha_products/1505.webp,800
ミュウツーGX 【RR】{040/072}[sm3+],状態減額大,040/072,RR,¥800,¥400,¥150,¥80,¥20,,¥900,https://files.cardrush.media/pokemon/ocha_products/1504.webp,800
オニドリルδ-デルタ種 【★】{028/075}[その他],EX,028/075,★,¥800,¥400,¥150,¥80,¥20,,¥900,https://files.cardrush.media/pokemon/ocha_products/56529.webp,800
ミニリュウδ-デルタ種 【-】{005/015}[その他],EX,005/015,-,¥800,¥400,¥150,¥80,¥20,,¥900,https://files.cardrush.media/pokemon/ocha_products/56586.webp,800
ミニリュウδ-デルタ種 【-】{034/086}[その他],EX,034/086,-,¥800,¥400,¥150,¥80,¥20,,¥900,https://files.cardrush.media/pokemon/ocha_products/56587.webp,800
ミニリュウδ-デルタ種 【-】{002/068}[その他],EX,002/068,-,¥800,¥400,¥150,¥80,¥20,,¥900,https://files.cardrush.media/pokemon/ocha_products/56588.webp,800
ハクリューδ-デルタ種 【-】{006/015}[その他],EX,006/015,-,¥800,¥400,¥150,¥80,¥20,,¥900,https://files.cardrush.media/pokemon/ocha_products/56589.webp,800
ハクリューδ-デルタ種 【-】{003/068}[その他],EX,003/068,-,¥800,¥400,¥150,¥80,¥20,,¥900,https://files.cardrush.media/pokemon/ocha_products/56591.webp,800
ヒノアラシδ-デルタ種 【-】{032/068}[その他],EX,032/068,-,¥800,¥400,¥150,¥80,¥20,,¥900,https://files.cardrush.media/pokemon/ocha_products/56600.webp,800
ピカチュウex ジャンボカード【P】{SV-P}[その他],,SV-P,P,¥800,¥400,¥150,¥80,¥20,,¥900,https://files.cardrush.media/pokemon/ocha_products/69661.webp,800
オニゴーリEX 【RR】{014/059}[XY8],,014/059,RR,¥800,¥400,¥150,¥80,¥20,,¥900,https://files.cardrush.media/pokemon/ocha_products/80613.webp,800
ホウオウEX ノーマル仕様【-】{002/048}[EXB01],EX,002/048,-,¥800,¥400,¥150,¥80,¥20,,¥900,https://files.cardrush.media/pokemon/ocha_products/6092.webp,800
バクーダEX 【-】{012/171}[XY],EX,012/171,-,¥800,¥400,¥150,¥80,¥20,,¥900,https://files.cardrush.media/pokemon/ocha_products/4056.webp,800
サーナイトEX ノーマル仕様【-】{015/048}[EXB01],EX,015/048,-,¥800,¥400,¥150,¥80,¥20,,¥900,https://files.cardrush.media/pokemon/ocha_products/6105.webp,800
テラパゴスex 【UR】{237/187}[SV8a],H,237/187,UR,¥800,¥500,¥350,¥150,¥40,,¥800,https://files.cardrush.media/pokemon/ocha_products/62038.webp,800
サダイジャV SA【P】{174/S-P}[S-P],E,174/S-P,P,¥800,¥500,¥350,¥150,¥40,,¥800,https://files.cardrush.media/pokemon/ocha_products/20164.webp,800
テツノイワオex 【UR】{100/071}[SV5M],H,100/071,UR,¥800,¥500,¥350,¥150,¥40,,¥800,https://files.cardrush.media/pokemon/ocha_products/53330.webp,800
モモワロウex 【UR】{092/064}[SV6a],H,092/064,UR,¥800,¥500,¥350,¥150,¥40,,¥800,https://files.cardrush.media/pokemon/ocha_products/57381.webp,800
ドータクン 【UR】{092/070}[S6H],E,092/070,UR,¥800,¥500,¥350,¥150,¥40,,¥800,https://files.cardrush.media/pokemon/ocha_products/20212.webp,800
ジュラルドンVMAX 【UR】{285/184}[S8b],E,285/184,UR,¥800,¥500,¥350,¥150,¥40,,¥800,https://files.cardrush.media/pokemon/ocha_products/23061.webp,800
ガチグマアカツキex 【UR】{094/066}[SV5a],H,094/066,UR,¥800,¥500,¥350,¥150,¥40,,¥800,https://files.cardrush.media/pokemon/ocha_products/54814.webp,800
テラパゴスex 【UR】{133/102}[SV7],H,133/102,UR,¥800,¥500,¥350,¥150,¥40,,¥800,https://files.cardrush.media/pokemon/ocha_products/58243.webp,800
ジジーロンGX 【SSR】{243/150}[sm8b],A,243/150,SSR,¥800,¥500,¥350,¥150,¥40,,¥800,https://files.cardrush.media/pokemon/ocha_products/2271.webp,800
マニューラ AR仕様【-】{746/742}[MC],H,746/742,-,¥800,¥500,¥350,¥150,¥40,,¥800,https://files.cardrush.media/pokemon/ocha_products/75857.webp,800
ペロリーム AR仕様【-】{750/742}[MC],J,750/742,-,¥800,¥500,¥350,¥150,¥40,,¥800,https://files.cardrush.media/pokemon/ocha_products/75861.webp,800
グラエナ AR仕様【-】{753/742}[MC],H,753/742,-,¥800,¥500,¥350,¥150,¥40,,¥800,https://files.cardrush.media/pokemon/ocha_products/75864.webp,800
バシャーモex RR仕様【-】{016/175}[SVM],H,016/175,-,¥800,¥500,¥350,¥150,¥40,,¥800,https://files.cardrush.media/pokemon/ocha_products/60785.webp,800
ピカチュウex RR仕様【-】{038/175}[SVM],H,038/175,-,¥800,¥500,¥350,¥150,¥40,,¥800,https://files.cardrush.media/pokemon/ocha_products/60807.webp,800
ルギアex RR仕様【-】{097/175}[SVM],H,097/175,-,¥800,¥500,¥350,¥150,¥40,,¥800,https://files.cardrush.media/pokemon/ocha_products/60866.webp,800
アンフェアスタンプ ノーマル仕様【-】{633/742}[MC],H,633/742,-,¥800,¥500,¥350,¥150,¥40,,¥800,https://files.cardrush.media/pokemon/ocha_products/75666.webp,800
アンフェアスタンプ ACE仕様【-】{011/043}[MA],H,011/043,-,¥800,¥500,¥350,¥150,¥40,,¥800,https://files.cardrush.media/pokemon/ocha_products/69921.webp,800
なかよしポフィン 【UR】{133/101}[SV6],H,133/101,UR,¥800,¥500,¥350,¥150,¥40,,¥800,https://files.cardrush.media/pokemon/ocha_products/55730.webp,800
シアノ 【U】{102/106}[SV8],H,102/106,U,¥800,¥500,¥350,¥150,¥40,,¥800,https://files.cardrush.media/pokemon/ocha_products/60002.webp,800
リオル 【S】{181/150}[sm8b],B,181/150,S,¥800,¥500,¥350,¥150,¥40,,¥800,https://files.cardrush.media/pokemon/ocha_products/2466.webp,800
キルリア 【S】{195/150}[sm8b],A,195/150,S,¥800,¥500,¥350,¥150,¥40,,¥800,https://files.cardrush.media/pokemon/ocha_products/2229.webp,800
チルタリス 【S】{197/150}[sm8b],B,197/150,S,¥800,¥500,¥350,¥150,¥40,,¥800,https://files.cardrush.media/pokemon/ocha_products/2309.webp,800
ラティアスex 【P】{032/M-P}[PROMO],H,032/M-P,P,¥800,¥500,¥350,¥150,¥40,,¥800,https://files.cardrush.media/pokemon/ocha_products/71566.webp,800
ロケット団のサカキ 【P】{270/SV-P}[その他],I,270/SV-P,P,¥800,¥500,¥350,¥150,¥40,,¥800,https://files.cardrush.media/pokemon/ocha_products/66659.webp,800
ウインディ 【P】{338/S-P}[その他],F,338/S-P,P,¥800,¥500,¥350,¥150,¥40,,¥800,https://files.cardrush.media/pokemon/ocha_products/38083.webp,800
ヒバニー 【P】{255/S-P}[その他],E,255/S-P,P,¥800,¥500,¥350,¥150,¥40,,¥800,https://files.cardrush.media/pokemon/ocha_products/23071.webp,800
コオリッポ 【P】{173/S-P}[その他],E,173/S-P,P,¥800,¥500,¥350,¥150,¥40,,¥800,https://files.cardrush.media/pokemon/ocha_products/21953.webp,800
ポッチャマ 【P】{232/S-P}[その他],E,232/S-P,P,¥800,¥500,¥350,¥150,¥40,,¥800,https://files.cardrush.media/pokemon/ocha_products/22043.webp,800
ヌオーV RR仕様【P】{311/S-P}[その他],F,311/S-P,P,¥800,¥500,¥350,¥150,¥40,,¥800,https://files.cardrush.media/pokemon/ocha_products/37773.webp,800
モルペコ 【P】{107/S-P}[その他],D,107/S-P,P,¥800,¥500,¥350,¥150,¥40,,¥800,https://files.cardrush.media/pokemon/ocha_products/14350.webp,800
モルペコ 【P】{137/S-P}[その他],D,137/S-P,P,¥800,¥500,¥350,¥150,¥40,,¥800,https://files.cardrush.media/pokemon/ocha_products/17765.webp,800
ムゲンダイナV 【P】{079/S-P}[その他],D,079/S-P,P,¥800,¥500,¥350,¥150,¥40,,¥800,https://files.cardrush.media/pokemon/ocha_products/13931.webp,800
マリィ 【P】{086/S-P}[その他],D,086/S-P,P,¥800,¥500,¥350,¥150,¥40,,¥800,https://files.cardrush.media/pokemon/ocha_products/7932.webp,800
ジュカイン 【P】{228/SM-P}[その他],B,228/SM-P,P,¥800,¥500,¥350,¥150,¥40,,¥800,https://files.cardrush.media/pokemon/ocha_products/710.webp,800
モクロー 【P】{292/SM-P}[その他],A,292/SM-P,P,¥800,¥500,¥350,¥150,¥40,,¥800,https://files.cardrush.media/pokemon/ocha_products/2812.webp,800
アマージョ 【P】{006/SM-P}[その他],A,006/SM-P,P,¥800,¥500,¥350,¥150,¥40,,¥800,https://files.cardrush.media/pokemon/ocha_products/19892.webp,800
グソクムシャ 【P】{041/SM-P}[その他],A,041/SM-P,P,¥800,¥500,¥350,¥150,¥40,,¥800,https://files.cardrush.media/pokemon/ocha_products/19906.webp,800
アローラガラガラGX 【P】{252/SM-P}[その他],B,252/SM-P,P,¥800,¥500,¥350,¥150,¥40,,¥800,https://files.cardrush.media/pokemon/ocha_products/1949.webp,800
アローラロコン 【P】{023/SM-P}[その他],A,023/SM-P,P,¥800,¥500,¥350,¥150,¥40,,¥800,https://files.cardrush.media/pokemon/ocha_products/2804.webp,800
カプ・コケコ 【P】{127/SM-P}[その他],A,127/SM-P,P,¥800,¥500,¥350,¥150,¥40,,¥800,https://files.cardrush.media/pokemon/ocha_products/367.webp,800
アローラライチュウ 【P】{100/SM-P}[その他],A,100/SM-P,P,¥800,¥500,¥350,¥150,¥40,,¥800,https://files.cardrush.media/pokemon/ocha_products/19919.webp,800
ヒドイデ 【P】{078/SM-P}[その他],A,078/SM-P,P,¥800,¥500,¥350,¥150,¥40,,¥800,https://files.cardrush.media/pokemon/ocha_products/19916.webp,800
ルガルガン 【P】{115/SM-P}[その他],A,115/SM-P,P,¥800,¥500,¥350,¥150,¥40,,¥800,https://files.cardrush.media/pokemon/ocha_products/19926.webp,800
ウツギ博士のレクチャー 【P】{250/SM-P}[その他],B,250/SM-P,P,¥800,¥500,¥350,¥150,¥40,,¥800,https://files.cardrush.media/pokemon/ocha_products/1897.webp,800
カヒリ 【P】{333/SM-P}[その他],B,333/SM-P,P,¥800,¥500,¥350,¥150,¥40,,¥800,https://files.cardrush.media/pokemon/ocha_products/4446.webp,800
ポケモンいれかえ 【P】{092/SM-P}[その他],D,092/SM-P,P,¥800,¥500,¥350,¥150,¥40,,¥800,https://files.cardrush.media/pokemon/ocha_products/1333.webp,800
ポケモンキャッチャー 【P】{093/SM-P}[その他],G,093/SM-P,P,¥800,¥500,¥350,¥150,¥40,,¥800,https://files.cardrush.media/pokemon/ocha_products/1365.webp,800
マルヤクデVMAX 【HR】{080/070}[S2a],D,080/070,HR,¥800,¥500,¥350,¥150,¥40,,¥800,https://files.cardrush.media/pokemon/ocha_products/13181.webp,800
ストリンダーVMAX 【HR】{107/096}[S2],D,107/096,HR,¥800,¥500,¥350,¥150,¥40,,¥800,https://files.cardrush.media/pokemon/ocha_products/7553.webp,800
カイリキーVMAX 【HR】{081/067}[S10D],F,081/067,HR,¥800,¥500,¥350,¥150,¥40,,¥800,https://files.cardrush.media/pokemon/ocha_products/34749.webp,800
アーマーガアVMAX 【HR】{085/070}[S5R],E,085/070,HR,¥800,¥500,¥350,¥150,¥40,,¥800,https://files.cardrush.media/pokemon/ocha_products/18263.webp,800
レジドラゴVSTAR 【HR】{117/098}[S12],F,117/098,HR,¥800,¥500,¥350,¥150,¥40,,¥800,https://files.cardrush.media/pokemon/ocha_products/37619.webp,800
モルフォンGX 【HR】{064/055}[SM9a],C,064/055,HR,¥800,¥500,¥350,¥150,¥40,,¥800,https://files.cardrush.media/pokemon/ocha_products/2931.webp,800
ヨワシGX 【HR】{211/173}[sm12a],C,211/173,HR,¥800,¥500,¥350,¥150,¥40,,¥800,https://files.cardrush.media/pokemon/ocha_products/6051.webp,800
テッカグヤGX 【HR】{066/054}[SM9b],C,066/054,HR,¥800,¥500,¥350,¥150,¥40,,¥800,https://files.cardrush.media/pokemon/ocha_products/3128.webp,800
オニオン 【HR】{090/076}[s3a],D,090/076,HR,¥800,¥500,¥350,¥150,¥40,,¥800,https://files.cardrush.media/pokemon/ocha_products/14151.webp,800
コルニの気合い 【HR】{086/070}[S5R],E,086/070,HR,¥800,¥500,¥350,¥150,¥40,,¥800,https://files.cardrush.media/pokemon/ocha_products/18266.webp,800
サイトウ 【HR】{116/100}[s4],D,116/100,HR,¥800,¥500,¥350,¥150,¥40,,¥800,https://files.cardrush.media/pokemon/ocha_products/14604.webp,800
シロナの覇気 【HR】{122/100}[S9],F,122/100,HR,¥800,¥500,¥350,¥150,¥40,,¥800,https://files.cardrush.media/pokemon/ocha_products/24434.webp,800
ふりそで 【HR】{090/068}[S11a],F,090/068,HR,¥800,¥500,¥350,¥150,¥40,,¥800,https://files.cardrush.media/pokemon/ocha_products/37029.webp,800
レインボーブラシ 【UR】{111/096}[sm7],B,111/096,UR,¥800,¥500,¥350,¥150,¥40,,¥800,https://files.cardrush.media/pokemon/ocha_products/1650.webp,800
回収ネット 【UR】{114/096}[S2],D,114/096,UR,¥800,¥500,¥350,¥150,¥40,,¥800,https://files.cardrush.media/pokemon/ocha_products/7560.webp,800
竜の鉤爪 【UR】{066/053}[sm6a],B,066/053,UR,¥800,¥500,¥350,¥150,¥40,,¥800,https://files.cardrush.media/pokemon/ocha_products/1607.webp,800
リザードンV RR仕様/SC2【-】{001/021}[SC2],D,001/021,-,¥800,¥500,¥350,¥150,¥40,,¥800,https://files.cardrush.media/pokemon/ocha_products/17810.webp,800
リザードンex RR仕様【-】{009/049}[SVG],G,009/049,-,¥800,¥500,¥350,¥150,¥40,,¥800,https://files.cardrush.media/pokemon/ocha_products/50167.webp,800
リザードンVSTAR 【RRR】{015/100}[S9],F,015/100,RRR,¥800,¥500,¥350,¥150,¥40,,¥800,https://files.cardrush.media/pokemon/ocha_products/24287.webp,800
ピカチュウV RR仕様/ピカチュウマーク【-】{019/053}[SH],E,019/053,-,¥800,¥500,¥350,¥150,¥40,,¥800,https://files.cardrush.media/pokemon/ocha_products/21430.webp,800
ピカチュウV ノーマル仕様【-】{129/414}[SI],F,129/414,-,¥800,¥500,¥350,¥150,¥40,,¥800,https://files.cardrush.media/pokemon/ocha_products/23353.webp,800
サーナイトVMAX 【RRR】{031/070}[S2a],D,031/070,RRR,¥800,¥500,¥350,¥150,¥40,,¥800,https://files.cardrush.media/pokemon/ocha_products/13132.webp,800
ゲンガーV ノーマル仕様【-】{253/414}[SI],E,253/414,-,¥800,¥500,¥350,¥150,¥40,,¥800,https://files.cardrush.media/pokemon/ocha_products/23510.webp,800
ホワイトキュレムGX 【RR】{035/053}[sm6a],B,035/053,RR,¥800,¥500,¥350,¥150,¥40,,¥800,https://files.cardrush.media/pokemon/ocha_products/1405.webp,800
ポケモン通信 【TR】{094/095}[sm12],C,094/095,TR,¥800,¥500,¥350,¥150,¥40,,¥800,https://files.cardrush.media/pokemon/ocha_products/5475.webp,800
ミステリートレジャー 【TR】{093/094}[sm11],B,093/094,TR,¥800,¥500,¥350,¥150,¥40,,¥800,https://files.cardrush.media/pokemon/ocha_products/4604.webp,800
かんこうきゃく 【TR】{094/094}[sm11],B,094/094,TR,¥800,¥500,¥350,¥150,¥40,,¥800,https://files.cardrush.media/pokemon/ocha_products/4605.webp,800
ウッウVMAX RRR仕様【-】{004/004}[SP2],D,004/004,-,¥800,¥500,¥350,¥150,¥40,,¥800,https://files.cardrush.media/pokemon/ocha_products/14749.webp,800
プルメリ 【U】{050/051}[sm3H],A,050/051,U,¥800,¥500,¥350,¥150,¥40,,¥800,https://files.cardrush.media/pokemon/ocha_products/1290.webp,800
ミツバ SR仕様【P】{157/S-P}[その他],E,157/S-P,P,¥800,¥500,¥350,¥150,¥40,,¥800,https://files.cardrush.media/pokemon/ocha_products/18194.webp,800
ブースターGX RR仕様【-】{001/038}[smI],C,001/038,-,¥800,¥500,¥350,¥150,¥40,,¥800,https://files.cardrush.media/pokemon/ocha_products/2537.webp,800
サンダースGX RR仕様【-】{013/038}[smI],C,013/038,-,¥800,¥500,¥350,¥150,¥40,,¥800,https://files.cardrush.media/pokemon/ocha_products/2549.webp,800
シャワーズGX RR仕様【-】{007/038}[smI],C,007/038,-,¥800,¥500,¥350,¥150,¥40,,¥800,https://files.cardrush.media/pokemon/ocha_products/2543.webp,800
グレイシアGX 【RR】{011/066}[sm5m],B,011/066,RR,¥800,¥500,¥350,¥150,¥40,,¥800,https://files.cardrush.media/pokemon/ocha_products/545.webp,800
グレイシアGX 【RR】{027/150}[sm8b],B,027/150,RR,¥800,¥500,¥350,¥150,¥40,,¥800,https://files.cardrush.media/pokemon/ocha_products/2241.webp,800
ミュウ 【-】{026/051}[SML],C,026/051,-,¥800,¥500,¥350,¥150,¥40,,¥800,https://files.cardrush.media/pokemon/ocha_products/3599.webp,800
ツツジ 【SR】{081/067}[S9a],F,081/067,SR,¥750,¥500,¥350,¥150,¥20,,¥800,https://files.cardrush.media/pokemon/ocha_products/33705.webp,750
デンリュウV 【SR】{078/076}[s3a],D,078/076,SR,¥750,¥500,¥350,¥150,¥20,,¥800,https://files.cardrush.media/pokemon/ocha_products/14139.webp,750
ゴチミル 【AR】{122/086}[SV11W],I,122/086,AR,¥750,¥500,¥350,¥150,¥20,,¥800,https://files.cardrush.media/pokemon/ocha_products/67531.webp,750
バオッキー 【AR】{100/086}[SV11W],I,100/086,AR,¥750,¥500,¥350,¥150,¥20,,¥800,https://files.cardrush.media/pokemon/ocha_products/67509.webp,750
ガラルファイヤーV 【CSR】{242/184}[S8b],E,242/184,CSR,¥750,¥500,¥350,¥150,¥20,,¥800,https://files.cardrush.media/pokemon/ocha_products/23018.webp,750
ガラルフリーザーV 【CSR】{230/184}[S8b],E,230/184,CSR,¥750,¥500,¥350,¥150,¥20,,¥800,https://files.cardrush.media/pokemon/ocha_products/23006.webp,750
ジュラルドンVMAX 【CSR】{253/184}[S8b],E,253/184,CSR,¥750,¥500,¥350,¥150,¥20,,¥800,https://files.cardrush.media/pokemon/ocha_products/23029.webp,750
はくばバドレックスV 【CSR】{220/184}[S8b],E,220/184,CSR,¥750,¥500,¥350,¥150,¥20,,¥800,https://files.cardrush.media/pokemon/ocha_products/22999.webp,750
アクロマの実験 【SAR】{235/172}[S12a],F,235/172,SAR,¥700,¥350,¥250,¥100,¥20,,¥500,https://files.cardrush.media/pokemon/ocha_products/38415.webp,700
キバナ 【SAR】{237/172}[S12a],E,237/172,SAR,¥700,¥450,¥350,¥150,¥30,,¥700,https://files.cardrush.media/pokemon/ocha_products/38417.webp,700
ザクロ 【SAR】{238/172}[S12a],F,238/172,SAR,¥700,¥550,¥400,¥200,¥40,,¥800,https://files.cardrush.media/pokemon/ocha_products/38418.webp,700
セキ 【SAR】{240/172}[S12a],F,240/172,SAR,¥700,¥550,¥400,¥200,¥40,,¥800,https://files.cardrush.media/pokemon/ocha_products/38420.webp,700
チェレンの気くばり 【SAR】{241/172}[S12a],F,241/172,SAR,¥700,¥400,¥300,¥150,¥30,,¥600,https://files.cardrush.media/pokemon/ocha_products/38421.webp,700
ツツジ 【SAR】{242/172}[S12a],F,242/172,SAR,¥700,¥300,¥200,¥100,¥10,,¥500,https://files.cardrush.media/pokemon/ocha_products/38422.webp,700
メロン 【SAR】{244/172}[S12a],E,244/172,SAR,¥700,¥600,¥450,¥200,¥40,,¥900,https://files.cardrush.media/pokemon/ocha_products/38424.webp,700
ジニア 【SAR】{104/078}[SV1S],G,104/078,SAR,¥700,¥600,¥450,¥200,¥40,,¥900,https://files.cardrush.media/pokemon/ocha_products/39525.webp,700
ペパー 【SAR】{104/078}[SV1V],G,104/078,SAR,¥700,¥450,¥300,¥100,¥20,,¥700,https://files.cardrush.media/pokemon/ocha_products/39555.webp,700
サワロ 【SAR】{095/071}[SV2D],G,095/071,SAR,¥700,¥550,¥400,¥150,¥20,,¥900,https://files.cardrush.media/pokemon/ocha_products/41857.webp,700
ピーニャ 【SAR】{096/071}[SV2P],G,096/071,SAR,¥700,¥550,¥400,¥150,¥20,,¥900,https://files.cardrush.media/pokemon/ocha_products/41830.webp,700
オモダカ 【SAR】{137/108}[SV3],G,137/108,SAR,¥700,¥600,¥450,¥200,¥40,,¥900,https://files.cardrush.media/pokemon/ocha_products/45928.webp,700
ポピー 【SAR】{138/108}[SV3],G,138/108,SAR,¥700,¥550,¥400,¥150,¥20,,¥900,https://files.cardrush.media/pokemon/ocha_products/45929.webp,700
ネモ 【SAR】{351/190}[SV4a],G,351/190,SAR,¥700,¥500,¥350,¥150,¥20,,¥800,https://files.cardrush.media/pokemon/ocha_products/51080.webp,700
ペパー 【SAR】{353/190}[SV4a],G,353/190,SAR,¥700,¥550,¥400,¥150,¥20,,¥900,https://files.cardrush.media/pokemon/ocha_products/51082.webp,700
カキツバタ 【SAR】{090/064}[SV7a],H,090/064,SAR,¥700,¥550,¥400,¥150,¥20,,¥900,https://files.cardrush.media/pokemon/ocha_products/59578.webp,700
シトロンの機転 【SAR】{134/106}[SV8],H,134/106,SAR,¥700,¥650,¥450,¥200,¥30,,"¥1,000",https://files.cardrush.media/pokemon/ocha_products/60259.webp,700
アンズの秘技 【SAR】{228/187}[SV8a],H,228/187,SAR,¥700,¥550,¥400,¥150,¥20,,¥900,https://files.cardrush.media/pokemon/ocha_products/62029.webp,700
スグリ 【SAR】{230/187}[SV8a],H,230/187,SAR,¥700,¥350,¥250,¥100,¥10,,¥600,https://files.cardrush.media/pokemon/ocha_products/62031.webp,700
タロ 【SAR】{231/187}[SV8a],H,231/187,SAR,¥700,¥300,¥200,¥100,¥10,,¥500,https://files.cardrush.media/pokemon/ocha_products/62032.webp,700
マチスの取引 【SAR】{090/063}[M1L],I,090/063,SAR,¥700,¥450,¥300,¥100,¥20,,¥700,https://files.cardrush.media/pokemon/ocha_products/70049.webp,700
ミツルの思いやり 【SAR】{091/063}[M1S],I,091/063,SAR,¥700,¥450,¥350,¥150,¥30,,¥700,https://files.cardrush.media/pokemon/ocha_products/70079.webp,700
サーファー 【SAR】{249/193}[M2a],H,249/193,SAR,¥700,¥450,¥300,¥100,¥20,,¥700,https://files.cardrush.media/pokemon/ocha_products/73746.webp,700
ユカリ 【SAR】{116/080}[M3],J,116/080,SAR,¥700,¥650,¥450,¥200,¥30,,"¥1,000",https://files.cardrush.media/pokemon/ocha_products/78743.webp,700
AZの安らぎ 【SAR】{118/083}[M4],J,118/083,SAR,¥700,¥500,¥350,¥150,¥20,,¥800,https://files.cardrush.media/pokemon/ocha_products/79903.webp,700
ホミカの演奏 【SAR】{119/083}[M4],J,119/083,SAR,¥700,¥550,¥400,¥150,¥20,,¥900,https://files.cardrush.media/pokemon/ocha_products/79904.webp,700
グラジオの決戦 【SAR】{116/081}[M5],J,116/081,SAR,¥700,¥550,¥400,¥150,¥20,,¥900,https://files.cardrush.media/pokemon/ocha_products/81473.webp,700
マキシ 【SR】{056/050}[sm5+],B,056/050,SR,¥700,¥450,¥350,¥150,¥30,,¥700,https://files.cardrush.media/pokemon/ocha_products/1449.webp,700
クチナシ 【SR】{057/052}[sm8a],B,057/052,SR,¥700,¥450,¥350,¥150,¥30,,¥700,https://files.cardrush.media/pokemon/ocha_products/2019.webp,700
キョウの罠 【SR】{063/055}[SM9a],C,063/055,SR,¥700,¥450,¥350,¥150,¥30,,¥700,https://files.cardrush.media/pokemon/ocha_products/2930.webp,700
ギーマ 【SR】{061/054}[sm10a],C,061/054,SR,¥700,¥450,¥350,¥150,¥30,,¥700,https://files.cardrush.media/pokemon/ocha_products/4003.webp,700
モノマネむすめ 【SR】{079/067}[S7D],E,079/067,SR,¥700,¥450,¥350,¥150,¥30,,¥700,https://files.cardrush.media/pokemon/ocha_products/21456.webp,700
ジャッジマン 【SR】{262/184}[S8b],J,262/184,SR,¥700,¥450,¥350,¥150,¥30,,¥700,https://files.cardrush.media/pokemon/ocha_products/23038.webp,700
ゼイユ 【SR】{123/101}[SV6],H,123/101,SR,¥700,¥450,¥350,¥150,¥30,,¥700,https://files.cardrush.media/pokemon/ocha_products/55720.webp,700
ザマゼンタV 【SAR】{232/172}[S12a],F,232/172,SAR,¥700,¥550,¥400,¥150,¥20,,¥900,https://files.cardrush.media/pokemon/ocha_products/38412.webp,700
ドラピオンV 【SAR】{227/172}[S12a],F,227/172,SAR,¥700,¥350,¥250,¥100,¥20,,¥500,https://files.cardrush.media/pokemon/ocha_products/38407.webp,700
ヒスイダイケンキV 【SAR】{229/172}[S12a],F,229/172,SAR,¥700,¥400,¥300,¥150,¥30,,¥600,https://files.cardrush.media/pokemon/ocha_products/38409.webp,700
ヒスイダイケンキVSTAR 【SAR】{230/172}[S12a],F,230/172,SAR,¥700,¥350,¥250,¥100,¥10,,¥600,https://files.cardrush.media/pokemon/ocha_products/38410.webp,700
フーパV 【SAR】{231/172}[S12a],E,231/172,SAR,¥700,¥350,¥250,¥100,¥20,,¥500,https://files.cardrush.media/pokemon/ocha_products/38411.webp,700
ブリムオンVMAX 【SAR】{224/172}[S12a],F,224/172,SAR,¥700,¥300,¥200,¥100,¥10,,¥500,https://files.cardrush.media/pokemon/ocha_products/38404.webp,700
レジギガスVSTAR 【SAR】{233/172}[S12a],F,233/172,SAR,¥700,¥550,¥400,¥150,¥20,,¥900,https://files.cardrush.media/pokemon/ocha_products/38413.webp,700
テツノワダチex 【SAR】{103/078}[SV1V],G,103/078,SAR,¥700,¥500,¥350,¥150,¥20,,¥800,https://files.cardrush.media/pokemon/ocha_products/39554.webp,700
ワナイダーex 【SAR】{101/078}[SV1V],G,101/078,SAR,¥700,¥650,¥450,¥200,¥30,,"¥1,000",https://files.cardrush.media/pokemon/ocha_products/39552.webp,700
ディンルーex 【SAR】{094/071}[SV2D],G,094/071,SAR,¥700,¥650,¥450,¥200,¥30,,"¥1,000",https://files.cardrush.media/pokemon/ocha_products/41856.webp,700
コオリッポex 【SAR】{133/108}[SV3],G,133/108,SAR,¥700,¥650,¥450,¥200,¥30,,"¥1,000",https://files.cardrush.media/pokemon/ocha_products/45924.webp,700
ブロロロームex 【SAR】{135/108}[SV3],G,135/108,SAR,¥700,¥600,¥450,¥200,¥40,,¥900,https://files.cardrush.media/pokemon/ocha_products/45926.webp,700
オーガポンかまどのめんex 【SAR】{126/101}[SV6],H,126/101,SAR,¥700,¥550,¥400,¥150,¥20,,¥900,https://files.cardrush.media/pokemon/ocha_products/55723.webp,700
マシマシラex 【SAR】{088/064}[SV6a],H,088/064,SAR,¥700,¥600,¥450,¥200,¥40,,¥900,https://files.cardrush.media/pokemon/ocha_products/57377.webp,700
オーガポンいどのめんex 【SAR】{208/187}[SV8a],H,208/187,SAR,¥700,¥300,¥200,¥100,¥10,,¥500,https://files.cardrush.media/pokemon/ocha_products/62009.webp,700
ガチグマアカツキex 【SAR】{225/187}[SV8a],H,225/187,SAR,¥700,¥300,¥200,¥100,¥10,,¥500,https://files.cardrush.media/pokemon/ocha_products/62026.webp,700
サーフゴーex 【SAR】{220/187}[SV8a],G,220/187,SAR,¥700,¥300,¥200,¥100,¥10,,¥500,https://files.cardrush.media/pokemon/ocha_products/62021.webp,700
スナノケガワex 【SAR】{215/187}[SV8a],G,215/187,SAR,¥700,¥300,¥200,¥100,¥10,,¥500,https://files.cardrush.media/pokemon/ocha_products/62016.webp,700
タケルライコex 【SAR】{222/187}[SV8a],H,222/187,SAR,¥700,¥500,¥350,¥150,¥20,,¥800,https://files.cardrush.media/pokemon/ocha_products/62023.webp,700
テツノカシラex 【SAR】{214/187}[SV8a],H,214/187,SAR,¥700,¥300,¥200,¥100,¥10,,¥500,https://files.cardrush.media/pokemon/ocha_products/62015.webp,700
テツノブジンex 【SAR】{213/187}[SV8a],H,213/187,SAR,¥700,¥350,¥250,¥100,¥10,,¥600,https://files.cardrush.media/pokemon/ocha_products/62014.webp,700
テラパゴスex 【SAR】{226/187}[SV8a],H,226/187,SAR,¥700,¥300,¥200,¥100,¥10,,¥500,https://files.cardrush.media/pokemon/ocha_products/62027.webp,700
バッフロンex 【SAR】{172/086}[SV11W],I,172/086,SAR,¥700,¥550,¥400,¥150,¥20,,¥900,https://files.cardrush.media/pokemon/ocha_products/67581.webp,700
メガサメハダーex 【SAR】{113/080}[M2],I,113/080,SAR,¥700,¥550,¥400,¥150,¥20,,¥900,https://files.cardrush.media/pokemon/ocha_products/71716.webp,700
メガミミロップex 【SAR】{114/080}[M2],I,114/080,SAR,¥700,¥700,¥450,¥200,¥30,,"¥1,100",https://files.cardrush.media/pokemon/ocha_products/71717.webp,700
ロトムex 【SAR】{112/080}[M2],I,112/080,SAR,¥700,¥500,¥350,¥150,¥20,,¥800,https://files.cardrush.media/pokemon/ocha_products/71715.webp,700
メガシビルドンex 【SAR】{235/193}[M2a],I,235/193,SAR,¥700,¥700,¥450,¥200,¥30,,"¥1,100",https://files.cardrush.media/pokemon/ocha_products/73732.webp,700
メガグソクムシャex 【SAR】{107/076}[M6],J,107/076,SAR,¥700,¥550,¥400,¥200,¥40,,¥800,https://files.cardrush.media/pokemon/ocha_products/83042.webp,700
メガゴルーグex 【SAR】{109/076}[M6],J,109/076,SAR,¥700,¥600,¥450,¥200,¥40,,¥900,https://files.cardrush.media/pokemon/ocha_products/83044.webp,700
クワガノンGX 【SR】{055/051}[sm1+],A,055/051,SR,¥700,¥500,¥350,¥150,¥20,,¥800,https://files.cardrush.media/pokemon/ocha_products/553.webp,700
アクジキングGX 【SR】{053/050}[sm4A],A,053/050,SR,¥700,¥500,¥350,¥150,¥20,,¥800,https://files.cardrush.media/pokemon/ocha_products/141.webp,700
アローラナッシーGX 【SR】{054/050}[sm4A],A,054/050,SR,¥700,¥500,¥350,¥150,¥20,,¥800,https://files.cardrush.media/pokemon/ocha_products/182.webp,700
シルヴァディGX 【SR】{054/050}[sm4S],A,054/050,SR,¥700,¥500,¥350,¥150,¥20,,¥800,https://files.cardrush.media/pokemon/ocha_products/723.webp,700
アーゴヨンGX 【SR】{052/050}[sm5+],B,052/050,SR,¥700,¥450,¥350,¥150,¥30,,¥700,https://files.cardrush.media/pokemon/ocha_products/126.webp,700
ダーテングGX 【SR】{097/096}[sm7],B,097/096,SR,¥700,¥450,¥350,¥150,¥30,,¥700,https://files.cardrush.media/pokemon/ocha_products/824.webp,700
クチートGX 【SR】{058/054}[sm10a],C,058/054,SR,¥700,¥450,¥350,¥150,¥30,,¥700,https://files.cardrush.media/pokemon/ocha_products/4000.webp,700
ソーナンスV 【SR】{063/060}[s1W],D,063/060,SR,¥700,¥450,¥350,¥150,¥30,,¥700,https://files.cardrush.media/pokemon/ocha_products/7019.webp,700
ラプラスV 【SR】{062/060}[s1W],D,062/060,SR,¥700,¥450,¥350,¥150,¥30,,¥700,https://files.cardrush.media/pokemon/ocha_products/7018.webp,700
クワガノンV 【SR】{073/070}[S2a],D,073/070,SR,¥700,¥450,¥350,¥150,¥30,,¥700,https://files.cardrush.media/pokemon/ocha_products/13174.webp,700
バタフリーV 【SR】{071/070}[S2a],D,071/070,SR,¥700,¥450,¥350,¥150,¥30,,¥700,https://files.cardrush.media/pokemon/ocha_products/13172.webp,700
ヘルガーV 【SR】{101/100}[s3],D,101/100,SR,¥700,¥450,¥350,¥150,¥30,,¥700,https://files.cardrush.media/pokemon/ocha_products/13915.webp,700
こくばバドレックスV 【SR】{075/070}[S6K],E,075/070,SR,¥700,¥450,¥350,¥150,¥30,,¥700,https://files.cardrush.media/pokemon/ocha_products/20172.webp,700
ガブリアスV 【SR】{079/067}[S9a],F,079/067,SR,¥700,¥450,¥350,¥150,¥30,,¥700,https://files.cardrush.media/pokemon/ocha_products/33703.webp,700
サンダーex 【SR】{194/165}[SV2a],G,194/165,SR,¥700,¥500,¥350,¥150,¥20,,¥800,https://files.cardrush.media/pokemon/ocha_products/43853.webp,700
ホゲータ 【AR】{078/073}[SV1a],G,078/073,AR,¥700,¥500,¥350,¥150,¥20,,¥800,https://files.cardrush.media/pokemon/ocha_products/40580.webp,700
パピモッチ 【AR】{085/078}[SV1S],G,085/078,AR,¥700,¥500,¥350,¥150,¥20,,¥800,https://files.cardrush.media/pokemon/ocha_products/39506.webp,700
オムナイト 【AR】{180/165}[SV2a],G,180/165,AR,¥700,¥450,¥350,¥150,¥30,,¥700,https://files.cardrush.media/pokemon/ocha_products/43839.webp,700
バンギラス 【AR】{079/071}[SV2D],G,079/071,AR,¥700,¥500,¥350,¥150,¥20,,¥800,https://files.cardrush.media/pokemon/ocha_products/41841.webp,700
イベルタル 【AR】{071/062}[SV3a],G,071/062,AR,¥700,¥500,¥350,¥150,¥20,,¥800,https://files.cardrush.media/pokemon/ocha_products/47860.webp,700
メテノ 【AR】{070/062}[SV3a],G,070/062,AR,¥700,¥500,¥350,¥150,¥20,,¥800,https://files.cardrush.media/pokemon/ocha_products/47859.webp,700
チルット 【AR】{076/066}[SV4M],G,076/066,AR,¥700,¥500,¥350,¥150,¥20,,¥800,https://files.cardrush.media/pokemon/ocha_products/49668.webp,700
ニャビー 【AR】{075/071}[SV5M],H,075/071,AR,¥700,¥500,¥350,¥150,¥20,,¥800,https://files.cardrush.media/pokemon/ocha_products/53305.webp,700
メタグロス 【AR】{080/071}[SV5M],H,080/071,AR,¥700,¥500,¥350,¥150,¥20,,¥800,https://files.cardrush.media/pokemon/ocha_products/53310.webp,700
レアコイル 【AR】{112/106}[SV8],H,112/106,AR,¥700,¥500,¥350,¥150,¥20,,¥800,https://files.cardrush.media/pokemon/ocha_products/60237.webp,700
フリーザー 【AR】{102/100}[SV9],I,102/100,AR,¥700,¥500,¥350,¥150,¥20,,¥800,https://files.cardrush.media/pokemon/ocha_products/63611.webp,700
シロナのロズレイド 【AR】{065/063}[SV9a],I,065/063,AR,¥700,¥500,¥350,¥150,¥20,,¥800,https://files.cardrush.media/pokemon/ocha_products/64564.webp,700
オノンド 【AR】{151/086}[SV11B],I,151/086,AR,¥700,¥500,¥350,¥150,¥20,,¥800,https://files.cardrush.media/pokemon/ocha_products/67320.webp,700
コバルオン 【AR】{149/086}[SV11B],I,149/086,AR,¥700,¥500,¥350,¥150,¥20,,¥800,https://files.cardrush.media/pokemon/ocha_products/67318.webp,700
ダブラン 【AR】{124/086}[SV11B],I,124/086,AR,¥700,¥500,¥350,¥150,¥20,,¥800,https://files.cardrush.media/pokemon/ocha_products/67293.webp,700
タマゲタケ 【AR】{095/086}[SV11B],I,095/086,AR,¥700,¥500,¥350,¥150,¥20,,¥800,https://files.cardrush.media/pokemon/ocha_products/67264.webp,700
ダルマッカ 【AR】{098/086}[SV11B],I,098/086,AR,¥700,¥500,¥350,¥150,¥20,,¥800,https://files.cardrush.media/pokemon/ocha_products/67267.webp,700
ペンドラー 【AR】{140/086}[SV11B],I,140/086,AR,¥700,¥450,¥350,¥150,¥30,,¥700,https://files.cardrush.media/pokemon/ocha_products/67309.webp,700
ヤナップ 【AR】{089/086}[SV11B],I,089/086,AR,¥700,¥500,¥350,¥150,¥20,,¥800,https://files.cardrush.media/pokemon/ocha_products/67258.webp,700
クルマユ 【AR】{088/086}[SV11W],I,088/086,AR,¥700,¥500,¥350,¥150,¥20,,¥800,https://files.cardrush.media/pokemon/ocha_products/67497.webp,700
バニプッチ 【AR】{108/086}[SV11W],I,108/086,AR,¥700,¥500,¥350,¥150,¥20,,¥800,https://files.cardrush.media/pokemon/ocha_products/67517.webp,700
モノズ 【AR】{142/086}[SV11W],I,142/086,AR,¥700,¥500,¥350,¥150,¥20,,¥800,https://files.cardrush.media/pokemon/ocha_products/67551.webp,700
カイオーガ 【AR】{080/076}[M6],J,080/076,AR,¥700,¥450,¥350,¥150,¥30,,¥700,https://files.cardrush.media/pokemon/ocha_products/83015.webp,700
グラードン 【AR】{084/076}[M6],J,084/076,AR,¥700,¥450,¥350,¥150,¥30,,¥700,https://files.cardrush.media/pokemon/ocha_products/83019.webp,700
ザマゼンタV 【CSR】{251/184}[S8b],D,251/184,CSR,¥700,¥500,¥350,¥150,¥20,,¥800,https://files.cardrush.media/pokemon/ocha_products/23027.webp,700
マルヤクデVMAX 【CSR】{219/184}[S8b],D,219/184,CSR,¥700,¥500,¥350,¥150,¥20,,¥800,https://files.cardrush.media/pokemon/ocha_products/22998.webp,700
レントラーGLLV.X 25th【P】{017/025}[S8a-P],その他,017/025,P,¥700,¥350,¥100,¥70,¥20,,¥800,https://files.cardrush.media/pokemon/ocha_products/22395.webp,700
アカマツ 【P】{191/SV-P}[その他],,191/SV-P,P,¥700,¥350,¥100,¥70,¥20,,¥800,https://files.cardrush.media/pokemon/ocha_products/62981.webp,700
ケロマツ R仕様【P】{036/XY-P}[その他],EX,036/XY-P,P,¥700,¥350,¥100,¥70,¥20,,¥800,https://files.cardrush.media/pokemon/ocha_products/50551.webp,700
エルレイド 【P】{270/XY-P}[その他],EX,270/XY-P,P,¥700,¥350,¥100,¥70,¥20,,¥800,https://files.cardrush.media/pokemon/ocha_products/269.webp,700
ディアンシー 【P】{271/XY-P}[その他],PROMO,271/XY-P,P,¥700,¥350,¥100,¥70,¥20,,¥800,https://files.cardrush.media/pokemon/ocha_products/22609.webp,700
マーイーカ 【P】{105/XY-P}[XY],PROMO,105/XY-P,P,¥700,¥350,¥100,¥70,¥20,,¥800,https://files.cardrush.media/pokemon/ocha_products/72345.webp,700
デデンネ ポケモンパン【P】{013/XY-P}[XY],PROMO,013/XY-P,P,¥700,¥350,¥100,¥70,¥20,,¥800,https://files.cardrush.media/pokemon/ocha_products/72297.webp,700
デデンネ リザードンメガバトル【P】{013/XY-P}[その他],,013/XY-P,P,¥700,¥350,¥100,¥70,¥20,,¥800,https://files.cardrush.media/pokemon/ocha_products/78296.webp,700
デデンネ 丸美屋【P】{013/XY-P}[その他],,013/XY-P,P,¥700,¥350,¥100,¥70,¥20,,¥800,https://files.cardrush.media/pokemon/ocha_products/78297.webp,700
ボーマンダEX 【P】{254/XY-P}[XY],PROMO,254/XY-P,P,¥700,¥350,¥100,¥70,¥20,,¥800,https://files.cardrush.media/pokemon/ocha_products/72417.webp,700
チェレン 【P】{013/BW-P}[その他],EX,013/BW-P,P,¥700,¥350,¥100,¥70,¥20,,¥800,https://files.cardrush.media/pokemon/ocha_products/4292.webp,700
チラチーノ 【P】{069/BW-P}[BW-P],PROMO,069/BW-P,P,¥700,¥350,¥100,¥70,¥20,,¥800,https://files.cardrush.media/pokemon/ocha_products/71228.webp,700
しんかのきせき 【P】{097/BW-P}[BW-P],PROMO,097/BW-P,P,¥700,¥350,¥100,¥70,¥20,,¥800,https://files.cardrush.media/pokemon/ocha_products/71247.webp,700
リオル 【P】{104/BW-P}[BW-P],PROMO,104/BW-P,P,¥700,¥350,¥100,¥70,¥20,,¥800,https://files.cardrush.media/pokemon/ocha_products/71249.webp,700
ニャース 【P】{105/BW-P}[BW-P],PROMO,105/BW-P,P,¥700,¥350,¥100,¥70,¥20,,¥800,https://files.cardrush.media/pokemon/ocha_products/71250.webp,700
ゲノセクト 【P】{232/BW-P}[BW-P],PROMO,232/BW-P,P,¥700,¥350,¥100,¥70,¥20,,¥800,https://files.cardrush.media/pokemon/ocha_products/71332.webp,700
キュウコン XY5【U】{013/070}[XY5],EX,013/070,U,¥700,¥350,¥100,¥70,¥20,,¥800,https://files.cardrush.media/pokemon/ocha_products/55957.webp,700
ヤミラミ 【U】{043/069}[BW4],EX,043/069,U,¥700,¥350,¥100,¥70,¥20,,¥800,https://files.cardrush.media/pokemon/ocha_products/7423.webp,700
スペシャルチャージ 【U】{050/054}[XY11紫],EX,050/054,U,¥700,¥350,¥100,¥70,¥20,,¥800,https://files.cardrush.media/pokemon/ocha_products/768.webp,700
スペシャルチャージ 【-】{015/041}[smG],EX,015/041,-,¥700,¥350,¥100,¥70,¥20,,¥800,https://files.cardrush.media/pokemon/ocha_products/766.webp,700
スペシャルチャージ 【-】{022/048}[EXB01],EX,022/048,-,¥700,¥350,¥100,¥70,¥20,,¥800,https://files.cardrush.media/pokemon/ocha_products/6112.webp,700
スペシャルチャージ 【-】{108/171}[XY],EX,108/171,-,¥700,¥350,¥100,¥70,¥20,,¥800,https://files.cardrush.media/pokemon/ocha_products/767.webp,700
パソコン通信 【R】{058/059}[BW6橙],EX,058/059,R,¥700,¥350,¥100,¥70,¥20,,¥800,https://files.cardrush.media/pokemon/ocha_products/1067.webp,700
パラレルシティ 【U】{058/059}[XY8青],EX,058/059,U,¥700,¥350,¥100,¥70,¥20,,¥800,https://files.cardrush.media/pokemon/ocha_products/1095.webp,700
パラレルシティ 【-】{159/171}[XY],EX,159/171,-,¥700,¥350,¥100,¥70,¥20,,¥800,https://files.cardrush.media/pokemon/ocha_products/1094.webp,700
デデンネ 【C】{010/027}[CP2],EX,010/027,C,¥700,¥350,¥100,¥70,¥20,,¥800,https://files.cardrush.media/pokemon/ocha_products/18515.webp,700
フラエッテ 【U】{022/032}[CP3],EX,022/032,U,¥700,¥350,¥100,¥70,¥20,,¥800,https://files.cardrush.media/pokemon/ocha_products/18548.webp,700
ヤヤコマ 【C】{030/032}[CP3],EX,030/032,C,¥700,¥350,¥100,¥70,¥20,,¥800,https://files.cardrush.media/pokemon/ocha_products/18554.webp,700
ベトベトン 【★】{005/086}[P5],-,005/086,★,¥700,¥350,¥100,¥70,¥20,,¥800,https://files.cardrush.media/pokemon/ocha_products/66263.webp,700
ジュカイン 【P】{063/PCG-P}[P-P],-,063/PCG-P,P,¥700,¥350,¥100,¥70,¥20,,¥800,https://files.cardrush.media/pokemon/ocha_products/66246.webp,700
ソーナンス 【★】{043/086}[P5],-,043/086,★,¥700,¥350,¥100,¥70,¥20,,¥800,https://files.cardrush.media/pokemon/ocha_products/66272.webp,700
ゴーリキー 【◆】{044/108}[PWCP],-,044/108,◆,¥700,¥350,¥100,¥70,¥20,,¥800,https://files.cardrush.media/pokemon/ocha_products/66243.webp,700
ホロンの冒険家 【◆】{050/052}[P7],-,050/052,◆,¥700,¥350,¥100,¥70,¥20,,¥800,https://files.cardrush.media/pokemon/ocha_products/66230.webp,700
ロゼリア 【★】{012/086}[その他],-,012/086,★,¥700,¥350,¥100,¥70,¥20,,¥800,https://files.cardrush.media/pokemon/ocha_products/84687.webp,700
コイキング 【C】{031/087}[CP6],XY,031/087,C,¥700,¥350,¥100,¥70,¥20,,¥800,https://files.cardrush.media/pokemon/ocha_products/19729.webp,700
エビワラー 【R】{060/087}[CP6],XY,060/087,R,¥700,¥350,¥100,¥70,¥20,,¥800,https://files.cardrush.media/pokemon/ocha_products/19754.webp,700
フシギバナソウルリンク 【U】{082/087}[CP6],XY,082/087,U,¥700,¥350,¥100,¥70,¥20,,¥800,https://files.cardrush.media/pokemon/ocha_products/19770.webp,700
サンダース 【P】{299/SM-P}[その他],状態減額大,299/SM-P,P,¥700,¥350,¥100,¥70,¥20,,¥800,https://files.cardrush.media/pokemon/ocha_products/2862.webp,700
ポッポδ-デルタ種 【-】{016/052}[その他],EX,016/052,-,¥700,¥350,¥100,¥70,¥20,,¥800,https://files.cardrush.media/pokemon/ocha_products/56526.webp,700
ニャースδ-デルタ種 【-】{038/052}[その他],EX,038/052,-,¥700,¥350,¥100,¥70,¥20,,¥800,https://files.cardrush.media/pokemon/ocha_products/56548.webp,700
タッツーδ-デルタ種 【-】{040/068}[その他],EX,040/068,-,¥700,¥350,¥100,¥70,¥20,,¥800,https://files.cardrush.media/pokemon/ocha_products/56563.webp,700
タッツーδ-デルタ種 【-】{005/024}[その他],EX,005/024,-,¥700,¥350,¥100,¥70,¥20,,¥800,https://files.cardrush.media/pokemon/ocha_products/56565.webp,700
チコリータδ-デルタ種 【-】{043/068}[その他],EX,043/068,-,¥700,¥350,¥100,¥70,¥20,,¥800,https://files.cardrush.media/pokemon/ocha_products/56597.webp,700
レディアンδ-デルタ種 【★】{062/068}[その他],EX,062/068,★,¥700,¥350,¥100,¥70,¥20,,¥800,https://files.cardrush.media/pokemon/ocha_products/56607.webp,700
ウパーδ-デルタ種 【-】{005/068}[その他],EX,005/068,-,¥700,¥350,¥100,¥70,¥20,,¥800,https://files.cardrush.media/pokemon/ocha_products/56619.webp,700
ヌオーδ-デルタ種 【★】{006/068}[その他],EX,006/068,★,¥700,¥350,¥100,¥70,¥20,,¥800,https://files.cardrush.media/pokemon/ocha_products/56620.webp,700
ヨーギラスδ-デルタ種 【-】{002/024}[その他],EX,002/024,-,¥700,¥350,¥100,¥70,¥20,,¥800,https://files.cardrush.media/pokemon/ocha_products/56632.webp,700
サナギラスδ-デルタ種 【-】{003/024}[その他],EX,003/024,-,¥700,¥350,¥100,¥70,¥20,,¥800,https://files.cardrush.media/pokemon/ocha_products/56634.webp,700
トロピウスδ-デルタ種 【★】{063/068}[その他],EX,063/068,★,¥700,¥350,¥100,¥70,¥20,,¥800,https://files.cardrush.media/pokemon/ocha_products/56673.webp,700
コモルーδ-デルタ種 【-】{006/015}[その他],EX,006/015,-,¥700,¥350,¥100,¥70,¥20,,¥800,https://files.cardrush.media/pokemon/ocha_products/56679.webp,700
メガヤンマBREAK 【RR】{008/054}[XY11],,008/054,RR,¥700,¥350,¥100,¥70,¥20,,¥800,https://files.cardrush.media/pokemon/ocha_products/63109.webp,700
フラージェスBREAK 【RR】{043/059}[XY8],,043/059,RR,¥700,¥350,¥100,¥70,¥20,,¥800,https://files.cardrush.media/pokemon/ocha_products/63117.webp,700
ルギアex RR仕様【-】{017/032}[CLF],-,017/032,-,¥700,¥350,¥100,¥70,¥20,,¥800,https://files.cardrush.media/pokemon/ocha_products/48995.webp,700
ライチュウ Classicキラ【-】{009/032}[CLL],-,009/032,-,¥700,¥350,¥100,¥70,¥20,,¥800,https://files.cardrush.media/pokemon/ocha_products/49021.webp,700
オーロットEX 【RR】{011/070}[XY5],,011/070,RR,¥700,¥350,¥100,¥70,¥20,,¥800,https://files.cardrush.media/pokemon/ocha_products/80598.webp,700
ボルトロスEX 【R】{020/051}[BW8],,020/051,R,¥700,¥350,¥100,¥70,¥20,,¥800,https://files.cardrush.media/pokemon/ocha_products/80626.webp,700
ハガネールEX 【RR】{032/054}[XY11],,032/054,RR,¥700,¥350,¥100,¥70,¥20,,¥800,https://files.cardrush.media/pokemon/ocha_products/80641.webp,700
ボスゴドラEX 【RR】{045/070}[XY5],,045/070,RR,¥700,¥350,¥100,¥70,¥20,,¥800,https://files.cardrush.media/pokemon/ocha_products/80644.webp,700
パルキアEX 【R】{054/076}[その他],EX,054/076,R,¥700,¥350,¥100,¥70,¥20,,¥800,https://files.cardrush.media/pokemon/ocha_products/4045.webp,700
マナフィEX 【-】{021/171}[XY],EX,021/171,-,¥700,¥350,¥100,¥70,¥20,,¥800,https://files.cardrush.media/pokemon/ocha_products/1465.webp,700
デンリュウEX 【RR】{027/081}[その他],EX,027/081,RR,¥700,¥350,¥100,¥70,¥20,,¥800,https://files.cardrush.media/pokemon/ocha_products/3878.webp,700
ミュウツーEX 【-】{050/131}[その他],状態減額大,050/131,-,¥700,¥350,¥100,¥70,¥20,,¥800,https://files.cardrush.media/pokemon/ocha_products/3852.webp,700
ミュウツーEX 【R】{028/052}[その他],状態減額大,028/052,R,¥700,¥350,¥100,¥70,¥20,,¥800,https://files.cardrush.media/pokemon/ocha_products/3853.webp,700
シャンデラEX 【-】{061/093}[その他],EX,061/093,-,¥700,¥350,¥100,¥70,¥20,,¥800,https://files.cardrush.media/pokemon/ocha_products/4070.webp,700
サメハダーEX 【-】{070/171}[XY],EX,070/171,-,¥700,¥350,¥100,¥70,¥20,,¥800,https://files.cardrush.media/pokemon/ocha_products/4023.webp,700
シェイミEX 【RR】{063/078}[オカルト],EX,063/078,RR,¥700,¥350,¥100,¥70,¥20,,¥800,https://files.cardrush.media/pokemon/ocha_products/652.webp,700
オーガポンみどりのめんex 【UR】{234/187}[SV8a],H,234/187,UR,¥700,¥450,¥300,¥100,¥30,,¥700,https://files.cardrush.media/pokemon/ocha_products/62035.webp,700
テツノイサハex 【UR】{098/071}[SV5M],H,098/071,UR,¥700,¥450,¥300,¥100,¥30,,¥700,https://files.cardrush.media/pokemon/ocha_products/53328.webp,700
ラウドボーンex 【UR】{102/073}[SV1a],G,102/073,UR,¥700,¥450,¥300,¥100,¥30,,¥700,https://files.cardrush.media/pokemon/ocha_products/40604.webp,700
ウェーニバルex 【UR】{103/073}[SV1a],G,103/073,UR,¥700,¥450,¥300,¥100,¥30,,¥700,https://files.cardrush.media/pokemon/ocha_products/40605.webp,700
テツノカシラex 【UR】{099/071}[SV5M],H,099/071,UR,¥700,¥450,¥300,¥100,¥30,,¥700,https://files.cardrush.media/pokemon/ocha_products/53329.webp,700
ディンルーex 【UR】{359/190}[SV4a],G,359/190,UR,¥700,¥450,¥300,¥100,¥30,,¥700,https://files.cardrush.media/pokemon/ocha_products/51088.webp,700
ガラルタチフサグマ 【UR】{119/100}[s4],D,119/100,UR,¥700,¥450,¥300,¥100,¥30,,¥700,https://files.cardrush.media/pokemon/ocha_products/14607.webp,700
ザマゼンタV SSR仕様【-】{030/028}[SJ],D,030/028,-,¥700,¥450,¥300,¥100,¥30,,¥700,https://files.cardrush.media/pokemon/ocha_products/22500.webp,700
アーゴヨンGX 【SSR】{223/150}[sm8b],B,223/150,SSR,¥700,¥450,¥300,¥100,¥30,,¥700,https://files.cardrush.media/pokemon/ocha_products/2143.webp,700
アオキのムクホーク AR仕様【-】{756/742}[MC],J,756/742,-,¥700,¥450,¥300,¥100,¥30,,¥700,https://files.cardrush.media/pokemon/ocha_products/75867.webp,700
かがやくリザードン 【K】{015/172}[S12a],F,015/172,K,¥700,¥450,¥300,¥100,¥30,,¥700,https://files.cardrush.media/pokemon/ocha_products/38099.webp,700
かがやくリザードン K仕様【-】{001/038}[SVF],F,001/038,-,¥700,¥450,¥300,¥100,¥30,,¥700,https://files.cardrush.media/pokemon/ocha_products/45848.webp,700
かがやくリザードン K仕様【-】{003/021}[SVJL],F,003/021,-,¥700,¥450,¥300,¥100,¥30,,¥700,https://files.cardrush.media/pokemon/ocha_products/56009.webp,700
かがやくリザードン K仕様【-】{001/044}[SVK],F,001/044,-,¥700,¥450,¥300,¥100,¥30,,¥700,https://files.cardrush.media/pokemon/ocha_products/58068.webp,700
かがやくカメックス 【K】{018/071}[S10b],F,018/071,K,¥700,¥450,¥300,¥100,¥30,,¥700,https://files.cardrush.media/pokemon/ocha_products/35744.webp,700
プレシャスキャリー ACE仕様【-】{015/022}[SVLN],H,015/022,-,¥700,¥450,¥300,¥100,¥30,,¥700,https://files.cardrush.media/pokemon/ocha_products/59317.webp,700
プレシャスキャリー ノーマル仕様【-】{658/742}[MC],H,658/742,-,¥700,¥450,¥300,¥100,¥30,,¥700,https://files.cardrush.media/pokemon/ocha_products/75697.webp,700
力の砂時計 【UR】{094/064}[SV6a],H,094/064,UR,¥700,¥450,¥300,¥100,¥30,,¥700,https://files.cardrush.media/pokemon/ocha_products/57383.webp,700
ジャッジマン 【P】{334/SM-P}[その他],J,334/SM-P,P,¥700,¥450,¥300,¥100,¥30,,¥700,https://files.cardrush.media/pokemon/ocha_products/4447.webp,700
ジャミングタワー 【UR】{132/098}[SV10],I,132/098,UR,¥700,¥450,¥300,¥100,¥30,,¥700,https://files.cardrush.media/pokemon/ocha_products/65292.webp,700
エンテイ 【S】{213/190}[SV4a],G,213/190,S,¥700,¥450,¥300,¥100,¥30,,¥700,https://files.cardrush.media/pokemon/ocha_products/50942.webp,700
デデンネ 【S】{250/190}[s4a],D,250/190,S,¥700,¥450,¥300,¥100,¥30,,¥700,https://files.cardrush.media/pokemon/ocha_products/17399.webp,700
ミミッキュ 【P】{156/SV-P}[PROMO],G,156/SV-P,P,¥700,¥450,¥300,¥100,¥30,,¥700,https://files.cardrush.media/pokemon/ocha_products/55579.webp,700
ゼイユ 【P】{171/SV-P}[PROMO],H,171/SV-P,P,¥700,¥450,¥300,¥100,¥30,,¥700,https://files.cardrush.media/pokemon/ocha_products/58128.webp,700
メッソン 【P】{129/S-P}[その他],D,129/S-P,P,¥700,¥450,¥300,¥100,¥30,,¥700,https://files.cardrush.media/pokemon/ocha_products/14574.webp,700
カイオーガV 【P】{296/S-P}[その他],F,296/S-P,P,¥700,¥450,¥300,¥100,¥30,,¥700,https://files.cardrush.media/pokemon/ocha_products/36350.webp,700
モルペコ 【P】{068/S-P}[その他],D,068/S-P,P,¥700,¥450,¥300,¥100,¥30,,¥700,https://files.cardrush.media/pokemon/ocha_products/14349.webp,700
フォクスライ 【P】{084/S-P}[その他],D,084/S-P,P,¥700,¥450,¥300,¥100,¥30,,¥700,https://files.cardrush.media/pokemon/ocha_products/14698.webp,700
アップリュー R仕様【P】{225/S-P}[その他],E,225/S-P,P,¥700,¥450,¥300,¥100,¥30,,¥700,https://files.cardrush.media/pokemon/ocha_products/22035.webp,700
マオ＆スイレン 【P】{256/S-P}[その他],C,256/S-P,P,¥700,¥450,¥300,¥100,¥30,,¥700,https://files.cardrush.media/pokemon/ocha_products/24691.webp,700
ルリナ R仕様【P】{231/S-P}[その他],D,231/S-P,P,¥700,¥450,¥300,¥100,¥30,,¥700,https://files.cardrush.media/pokemon/ocha_products/21868.webp,700
博士の研究/マグノリア博士 【P】{128/S-P}[その他],G,128/S-P,P,¥700,¥450,¥300,¥100,¥30,,¥700,https://files.cardrush.media/pokemon/ocha_products/14635.webp,700
アローラキュウコン 【P】{218/SM-P}[その他],B,218/SM-P,P,¥700,¥450,¥300,¥100,¥30,,¥700,https://files.cardrush.media/pokemon/ocha_products/19943.webp,700
ゴリランダーVMAX 【HR】{079/070}[s1a],D,079/070,HR,¥700,¥450,¥300,¥100,¥30,,¥700,https://files.cardrush.media/pokemon/ocha_products/7363.webp,700
カジリガメVMAX 【HR】{111/100}[s3],D,111/100,HR,¥700,¥450,¥300,¥100,¥30,,¥700,https://files.cardrush.media/pokemon/ocha_products/13907.webp,700
ヒスイバクフーンVSTAR 【HR】{085/067}[S9a],F,085/067,HR,¥700,¥450,¥300,¥100,¥30,,¥700,https://files.cardrush.media/pokemon/ocha_products/33709.webp,700
アンノーンVSTAR 【HR】{116/098}[S12],F,116/098,HR,¥700,¥450,¥300,¥100,¥30,,¥700,https://files.cardrush.media/pokemon/ocha_products/37618.webp,700
クチートVSTAR 【HR】{088/068}[S11a],F,088/068,HR,¥700,¥450,¥300,¥100,¥30,,¥700,https://files.cardrush.media/pokemon/ocha_products/37027.webp,700
ダストダスVMAX 【HR】{081/067}[S7D],E,081/067,HR,¥700,¥450,¥300,¥100,¥30,,¥700,https://files.cardrush.media/pokemon/ocha_products/21458.webp,700
ギルガルドVMAX 【HR】{115/100}[s4],D,115/100,HR,¥700,¥450,¥300,¥100,¥30,,¥700,https://files.cardrush.media/pokemon/ocha_products/14603.webp,700
トルネロスVMAX 【HR】{087/070}[S6H],E,087/070,HR,¥700,¥450,¥300,¥100,¥30,,¥700,https://files.cardrush.media/pokemon/ocha_products/20207.webp,700
おじょうさま 【HR】{122/100}[S11],F,122/100,HR,¥700,¥450,¥300,¥100,¥30,,¥700,https://files.cardrush.media/pokemon/ocha_products/36389.webp,700
ヒナツ 【HR】{095/071}[S10a],F,095/071,HR,¥700,¥450,¥300,¥100,¥30,,¥700,https://files.cardrush.media/pokemon/ocha_products/35374.webp,700
マクワ 【HR】{097/069}[S6a],E,097/069,HR,¥700,¥450,¥300,¥100,¥30,,¥700,https://files.cardrush.media/pokemon/ocha_products/20763.webp,700
炎の結晶 【UR】{114/095}[sm10],C,114/095,UR,¥700,¥450,¥300,¥100,¥30,,¥700,https://files.cardrush.media/pokemon/ocha_products/3409.webp,700
シンオウ神殿 【UR】{087/067}[S10P],F,087/067,UR,¥700,¥450,¥300,¥100,¥30,,¥700,https://files.cardrush.media/pokemon/ocha_products/34776.webp,700
嵐の山脈 【UR】{089/067}[S7R],E,089/067,UR,¥700,¥450,¥300,¥100,¥30,,¥700,https://files.cardrush.media/pokemon/ocha_products/21489.webp,700
オーロット＆ヨノワールGX 【RR】{053/173}[sm12a],C,053/173,RR,¥700,¥450,¥300,¥100,¥30,,¥700,https://files.cardrush.media/pokemon/ocha_products/5797.webp,700
フシギバナVMAX RRR仕様【-】{002/021}[SEF],E,002/021,-,¥700,¥450,¥300,¥100,¥30,,¥700,https://files.cardrush.media/pokemon/ocha_products/17789.webp,700
リザードンV RR仕様/sC【-】{001/021}[sC],D,001/021,-,¥700,¥450,¥300,¥100,¥30,,¥700,https://files.cardrush.media/pokemon/ocha_products/7800.webp,700
リザードンVSTAR 【RRR】{014/172}[S12a],F,014/172,RRR,¥700,¥450,¥300,¥100,¥30,,¥700,https://files.cardrush.media/pokemon/ocha_products/38098.webp,700
エースバーンVMAX RRR仕様【P】{169/S-P}[その他],E,169/S-P,P,¥700,¥450,¥300,¥100,¥30,,¥700,https://files.cardrush.media/pokemon/ocha_products/19015.webp,700
カメックスVMAX RRR仕様【-】{002/020}[SEK],E,002/020,-,¥700,¥450,¥300,¥100,¥30,,¥700,https://files.cardrush.media/pokemon/ocha_products/17769.webp,700
アローラサンドパンGX 【P】{384/SM-P}[その他],C,384/SM-P,P,¥700,¥450,¥300,¥100,¥30,,¥700,https://files.cardrush.media/pokemon/ocha_products/5534.webp,700
アローラキュウコンGX 【RR】{013/050}[sm2K],A,013/050,RR,¥700,¥450,¥300,¥100,¥30,,¥700,https://files.cardrush.media/pokemon/ocha_products/175.webp,700
ギャラドスVMAX 【RRR】{021/067}[S7R],E,021/067,RRR,¥700,¥450,¥300,¥100,¥30,,¥700,https://files.cardrush.media/pokemon/ocha_products/21301.webp,700
ラプラスGX ノーマル仕様【-】{023/131}[smH],A,023/131,-,¥700,¥450,¥300,¥100,¥30,,¥700,https://files.cardrush.media/pokemon/ocha_products/2796.webp,700
ピカチュウVMAX s4【RRR】{031/100}[s4],D,031/100,RRR,¥700,¥450,¥300,¥100,¥30,,¥700,https://files.cardrush.media/pokemon/ocha_products/14485.webp,700
ギラティナ◇ 【PR】{058/173}[sm12a],B,058/173,PR,¥700,¥450,¥300,¥100,¥30,,¥700,https://files.cardrush.media/pokemon/ocha_products/5806.webp,700
ギラティナ◇ 【PR】{030/066}[sm5m],B,030/066,PR,¥700,¥450,¥300,¥100,¥30,,¥700,https://files.cardrush.media/pokemon/ocha_products/501.webp,700
ゲンガー 【R】{023/071}[S10a],F,023/071,R,¥700,¥450,¥300,¥100,¥30,,¥700,https://files.cardrush.media/pokemon/ocha_products/35247.webp,700
ゲンガー R仕様【-】{071/190}[s4a],D,071/190,-,¥700,¥450,¥300,¥100,¥30,,¥700,https://files.cardrush.media/pokemon/ocha_products/17054.webp,700
カイリキーGX 【RR】{029/049}[sm2+],A,029/049,RR,¥700,¥450,¥300,¥100,¥30,,¥700,https://files.cardrush.media/pokemon/ocha_products/320.webp,700
ルカリオGX 【RR】{030/050}[sm5+],B,030/050,RR,¥700,¥450,¥300,¥100,¥30,,¥700,https://files.cardrush.media/pokemon/ocha_products/1611.webp,700
ブラッキーVMAX 【RRR】{101/184}[S8b],E,101/184,RRR,¥700,¥450,¥300,¥100,¥30,,¥700,https://files.cardrush.media/pokemon/ocha_products/22739.webp,700
ブラッキーVMAX 【RRR】{048/069}[S6a],E,048/069,RRR,¥700,¥450,¥300,¥100,¥30,,¥700,https://files.cardrush.media/pokemon/ocha_products/20698.webp,700
レックウザVMAX 【RRR】{047/067}[S7R],E,047/067,RRR,¥700,¥450,¥300,¥100,¥30,,¥700,https://files.cardrush.media/pokemon/ocha_products/21327.webp,700
レックウザVMAX 【RRR】{108/172}[S12a],E,108/172,RRR,¥700,¥450,¥300,¥100,¥30,,¥700,https://files.cardrush.media/pokemon/ocha_products/38192.webp,700
レックウザVMAX 【RRR】{120/184}[S8b],E,120/184,RRR,¥700,¥450,¥300,¥100,¥30,,¥700,https://files.cardrush.media/pokemon/ocha_products/22758.webp,700
ルザミーネ 【TR】{054/054}[sm10b],A,054/054,TR,¥700,¥450,¥300,¥100,¥30,,¥700,https://files.cardrush.media/pokemon/ocha_products/4374.webp,700
ルザミーネ◇ 【PR】{092/095}[sm8],B,092/095,PR,¥700,¥450,¥300,¥100,¥30,,¥700,https://files.cardrush.media/pokemon/ocha_products/1901.webp,700
コダック 【C】{009/024}[smP2],C,009/024,C,¥700,¥450,¥300,¥100,¥30,,¥700,https://files.cardrush.media/pokemon/ocha_products/4385.webp,700
コダック 【C】{010/024}[smP2],C,010/024,C,¥700,¥450,¥300,¥100,¥30,,¥700,https://files.cardrush.media/pokemon/ocha_products/4386.webp,700
コイキング 【C】{011/024}[smP2],C,011/024,C,¥700,¥450,¥300,¥100,¥30,,¥700,https://files.cardrush.media/pokemon/ocha_products/4387.webp,700
ヒビキの冒険 【SR】{084/063}[SV9a],I,084/063,SR,¥650,¥450,¥300,¥100,¥20,,¥700,https://files.cardrush.media/pokemon/ocha_products/64583.webp,650
ムウマージ 【AR】{083/073}[SV1a],G,083/073,AR,¥650,¥450,¥300,¥100,¥20,,¥700,https://files.cardrush.media/pokemon/ocha_products/40585.webp,650
ハガネール 【AR】{074/066}[SV4M],G,074/066,AR,¥650,¥450,¥300,¥100,¥20,,¥700,https://files.cardrush.media/pokemon/ocha_products/49666.webp,650
エンブオー 【AR】{098/086}[SV11W],I,098/086,AR,¥650,¥450,¥300,¥100,¥20,,¥700,https://files.cardrush.media/pokemon/ocha_products/67507.webp,650
バイバニラ 【AR】{110/086}[SV11W],I,110/086,AR,¥650,¥450,¥300,¥100,¥20,,¥700,https://files.cardrush.media/pokemon/ocha_products/67519.webp,650
ムーランド 【CHR】{061/049}[sm11b],C,061/049,CHR,¥650,¥450,¥300,¥100,¥20,,¥700,https://files.cardrush.media/pokemon/ocha_products/5195.webp,650
とりつかい 【SR】{193/190}[s4a],D,193/190,SR,¥600,¥400,¥300,¥150,¥30,,¥600,https://files.cardrush.media/pokemon/ocha_products/17342.webp,600
ボールガイ 【SR】{196/190}[s4a],D,196/190,SR,¥600,¥400,¥300,¥150,¥30,,¥600,https://files.cardrush.media/pokemon/ocha_products/17345.webp,600
ドクター 【SR】{081/070}[S6H],E,081/070,SR,¥600,¥400,¥300,¥150,¥30,,¥600,https://files.cardrush.media/pokemon/ocha_products/20201.webp,600
サカキのカリスマ 【SR】{197/165}[SV2a],G,197/165,SR,¥600,¥400,¥300,¥150,¥30,,¥600,https://files.cardrush.media/pokemon/ocha_products/43856.webp,600
暗号マニアの解読 【SR】{090/071}[SV5M],H,090/071,SR,¥600,¥450,¥300,¥100,¥20,,¥700,https://files.cardrush.media/pokemon/ocha_products/53320.webp,600
パルデアの仲間たち 【SR】{195/187}[SV8a],H,195/187,SR,¥600,¥450,¥300,¥100,¥20,,¥700,https://files.cardrush.media/pokemon/ocha_products/61996.webp,600
ヒガナの信頼 【SR】{102/076}[M6],J,102/076,SR,¥600,¥400,¥300,¥150,¥30,,¥600,https://files.cardrush.media/pokemon/ocha_products/83037.webp,600
ラランテスGX 【SR】{061/060}[sm1M],A,061/060,SR,¥600,¥450,¥300,¥100,¥20,,¥700,https://files.cardrush.media/pokemon/ocha_products/1569.webp,600
デカグースGX 【SR】{064/060}[sm1S],A,064/060,SR,¥600,¥450,¥300,¥100,¥20,,¥700,https://files.cardrush.media/pokemon/ocha_products/929.webp,600
アローラベトベトンGX 【SR】{054/051}[sm3H],A,054/051,SR,¥600,¥450,¥300,¥100,¥20,,¥700,https://files.cardrush.media/pokemon/ocha_products/188.webp,600
デンジュモクGX 【SR】{116/114}[sm4+],A,116/114,SR,¥600,¥400,¥300,¥150,¥30,,¥600,https://files.cardrush.media/pokemon/ocha_products/939.webp,600
ゲノセクトGX 【SR】{064/060}[sm7a],B,064/060,SR,¥600,¥400,¥300,¥150,¥30,,¥600,https://files.cardrush.media/pokemon/ocha_products/566.webp,600
ズガドーンGX 【SR】{097/095}[sm8],B,097/095,SR,¥600,¥400,¥300,¥150,¥30,,¥600,https://files.cardrush.media/pokemon/ocha_products/1855.webp,600
コバルオンGX 【SR】{056/052}[sm8a],B,056/052,SR,¥600,¥400,¥300,¥150,¥30,,¥600,https://files.cardrush.media/pokemon/ocha_products/2002.webp,600
エルフーンGX 【SR】{103/095}[sm10],C,103/095,SR,¥600,¥400,¥300,¥150,¥30,,¥600,https://files.cardrush.media/pokemon/ocha_products/3398.webp,600
ペルシアンGX 【SR】{104/095}[sm10],C,104/095,SR,¥600,¥400,¥300,¥150,¥30,,¥600,https://files.cardrush.media/pokemon/ocha_products/3399.webp,600
ヒードランGX 【SR】{055/054}[sm10a],C,055/054,SR,¥600,¥400,¥300,¥150,¥30,,¥600,https://files.cardrush.media/pokemon/ocha_products/3997.webp,600
フライゴンGX 【SR】{098/095}[sm12],C,098/095,SR,¥600,¥400,¥300,¥150,¥30,,¥600,https://files.cardrush.media/pokemon/ocha_products/5479.webp,600
メルメタルGX 【SR】{184/173}[sm12a],C,184/173,SR,¥600,¥400,¥300,¥150,¥30,,¥600,https://files.cardrush.media/pokemon/ocha_products/6024.webp,600
インテレオンV 【SR】{073/070}[s1a],D,073/070,SR,¥600,¥450,¥300,¥100,¥20,,¥700,https://files.cardrush.media/pokemon/ocha_products/7357.webp,600
ザマゼンタV 【SR】{065/060}[s1H],D,065/060,SR,¥600,¥400,¥300,¥150,¥30,,¥600,https://files.cardrush.media/pokemon/ocha_products/7037.webp,600
ボーマンダV 【SR】{108/100}[s3],D,108/100,SR,¥600,¥400,¥300,¥150,¥30,,¥600,https://files.cardrush.media/pokemon/ocha_products/13922.webp,600
ガラルサンダーV 【SR】{075/070}[S5a],E,075/070,SR,¥600,¥450,¥300,¥100,¥20,,¥700,https://files.cardrush.media/pokemon/ocha_products/18992.webp,600
エンペルトV 【SR】{073/070}[S5R],E,073/070,SR,¥600,¥400,¥300,¥150,¥30,,¥600,https://files.cardrush.media/pokemon/ocha_products/18255.webp,600
ガラルギャロップV 【SR】{074/070}[S6H],E,074/070,SR,¥600,¥400,¥300,¥150,¥30,,¥600,https://files.cardrush.media/pokemon/ocha_products/20194.webp,600
ゲノセクトV 【SR】{108/100}[S8],E,108/100,SR,¥600,¥400,¥300,¥150,¥30,,¥600,https://files.cardrush.media/pokemon/ocha_products/22193.webp,600
ライチュウV 【SR】{106/100}[S9],F,106/100,SR,¥600,¥400,¥300,¥150,¥30,,¥600,https://files.cardrush.media/pokemon/ocha_products/24418.webp,600
スターミーV 【SR】{075/067}[S9a],F,075/067,SR,¥600,¥400,¥300,¥150,¥30,,¥600,https://files.cardrush.media/pokemon/ocha_products/33699.webp,600
エルレイドV 【SR】{081/071}[S10a],F,081/071,SR,¥600,¥400,¥300,¥150,¥30,,¥600,https://files.cardrush.media/pokemon/ocha_products/35360.webp,600
レジドラゴV 【SR】{107/098}[S12],F,107/098,SR,¥600,¥400,¥300,¥150,¥30,,¥600,https://files.cardrush.media/pokemon/ocha_products/37609.webp,600
ウインディex 【SR】{092/078}[SV1V],G,092/078,SR,¥600,¥450,¥300,¥100,¥20,,¥700,https://files.cardrush.media/pokemon/ocha_products/39543.webp,600
ガブリアスex 【SR】{076/062}[SV3a],G,076/062,SR,¥600,¥450,¥300,¥100,¥20,,¥700,https://files.cardrush.media/pokemon/ocha_products/47865.webp,600
ブラックキュレムex 【SR】{077/064}[SV7a],H,077/064,SR,¥600,¥450,¥300,¥100,¥20,,¥700,https://files.cardrush.media/pokemon/ocha_products/59565.webp,600
オリーヴァex 【SR】{111/098}[SV10],I,111/098,SR,¥600,¥400,¥300,¥150,¥30,,¥600,https://files.cardrush.media/pokemon/ocha_products/65271.webp,600
レジロックex 【SR】{115/098}[SV10],I,115/098,SR,¥600,¥400,¥300,¥150,¥30,,¥600,https://files.cardrush.media/pokemon/ocha_products/65275.webp,600
ポケパッド 【SR】{103/080}[M3],J,103/080,SR,¥600,¥400,¥300,¥150,¥30,,¥600,https://files.cardrush.media/pokemon/ocha_products/78730.webp,600
ラプラス 【AR】{177/172}[S12a],F,177/172,AR,¥600,¥400,¥300,¥150,¥30,,¥600,https://files.cardrush.media/pokemon/ocha_products/38357.webp,600
キャタピー 【AR】{172/165}[SV2a],G,172/165,AR,¥600,¥400,¥300,¥150,¥30,,¥600,https://files.cardrush.media/pokemon/ocha_products/43831.webp,600
モンジャラ 【AR】{178/165}[SV2a],G,178/165,AR,¥600,¥400,¥300,¥150,¥30,,¥600,https://files.cardrush.media/pokemon/ocha_products/43837.webp,600
クサイハナ 【AR】{109/108}[SV3],G,109/108,AR,¥600,¥450,¥300,¥100,¥20,,¥700,https://files.cardrush.media/pokemon/ocha_products/45900.webp,600
タッツー 【AR】{067/064}[SV6a],H,067/064,AR,¥600,¥400,¥300,¥150,¥30,,¥600,https://files.cardrush.media/pokemon/ocha_products/57356.webp,600
リーリエのアブリボン 【AR】{105/100}[SV9],I,105/100,AR,¥600,¥400,¥300,¥150,¥30,,¥600,https://files.cardrush.media/pokemon/ocha_products/63614.webp,600
ガマガル 【AR】{108/086}[SV11B],I,108/086,AR,¥600,¥450,¥300,¥100,¥20,,¥700,https://files.cardrush.media/pokemon/ocha_products/67277.webp,600
キリキザン 【AR】{148/086}[SV11B],I,148/086,AR,¥600,¥400,¥300,¥150,¥30,,¥600,https://files.cardrush.media/pokemon/ocha_products/67317.webp,600
ドッコラー 【AR】{131/086}[SV11B],I,131/086,AR,¥600,¥400,¥300,¥150,¥30,,¥600,https://files.cardrush.media/pokemon/ocha_products/67300.webp,600
フシデ 【AR】{138/086}[SV11B],I,138/086,AR,¥600,¥450,¥300,¥100,¥20,,¥700,https://files.cardrush.media/pokemon/ocha_products/67307.webp,600
シンボラー 【AR】{118/086}[SV11W],I,118/086,AR,¥600,¥450,¥300,¥100,¥20,,¥700,https://files.cardrush.media/pokemon/ocha_products/67527.webp,600
ズルズキン 【AR】{137/086}[SV11W],I,137/086,AR,¥600,¥450,¥300,¥100,¥20,,¥700,https://files.cardrush.media/pokemon/ocha_products/67546.webp,600
スワンナ 【AR】{107/086}[SV11W],I,107/086,AR,¥600,¥450,¥300,¥100,¥20,,¥700,https://files.cardrush.media/pokemon/ocha_products/67516.webp,600
ハーデリア 【AR】{154/086}[SV11W],I,154/086,AR,¥600,¥450,¥300,¥100,¥20,,¥700,https://files.cardrush.media/pokemon/ocha_products/67563.webp,600
バニリッチ 【AR】{109/086}[SV11W],I,109/086,AR,¥600,¥450,¥300,¥100,¥20,,¥700,https://files.cardrush.media/pokemon/ocha_products/67518.webp,600
ビリジオン 【AR】{095/086}[SV11W],I,095/086,AR,¥600,¥450,¥300,¥100,¥20,,¥700,https://files.cardrush.media/pokemon/ocha_products/67504.webp,600
ヤブクロン 【AR】{138/086}[SV11W],I,138/086,AR,¥600,¥450,¥300,¥100,¥20,,¥700,https://files.cardrush.media/pokemon/ocha_products/67547.webp,600
フシギソウ 【AR】{065/063}[M1L],I,065/063,AR,¥600,¥450,¥300,¥100,¥20,,¥700,https://files.cardrush.media/pokemon/ocha_products/70024.webp,600
ピッピ 【AR】{086/080}[M3],J,086/080,AR,¥600,¥450,¥300,¥100,¥20,,¥700,https://files.cardrush.media/pokemon/ocha_products/78713.webp,600
アーマーガアV 【CSR】{248/184}[S8b],E,248/184,CSR,¥600,¥450,¥300,¥100,¥20,,¥700,https://files.cardrush.media/pokemon/ocha_products/23024.webp,600
アーマーガアVMAX 【CSR】{249/184}[S8b],E,249/184,CSR,¥600,¥450,¥300,¥100,¥20,,¥700,https://files.cardrush.media/pokemon/ocha_products/23025.webp,600
クロバットV 【CSR】{243/184}[S8b],D,243/184,CSR,¥600,¥450,¥300,¥100,¥20,,¥700,https://files.cardrush.media/pokemon/ocha_products/23019.webp,600
パルスワンV 【CSR】{225/184}[S8b],D,225/184,CSR,¥600,¥450,¥300,¥100,¥20,,¥700,https://files.cardrush.media/pokemon/ocha_products/23004.webp,600
リオル 【P】{155/M-P}[その他],,155/M-P,P,¥600,¥300,¥100,¥60,¥10,,¥700,https://files.cardrush.media/pokemon/ocha_products/85845.webp,600
カプ・テテフGX 25th【P】{025/025}[S8a-P],その他,025/025,P,¥600,¥300,¥100,¥60,¥10,,¥700,https://files.cardrush.media/pokemon/ocha_products/22403.webp,600
パチリス コロコロイチバン/ポケモンファン【P】{129/SV-P}[その他],,129/SV-P,P,¥600,¥300,¥100,¥60,¥10,,¥700,https://files.cardrush.media/pokemon/ocha_products/54304.webp,600
マフォクシー 【P】{072/XY-P}[XY],PROMO,072/XY-P,P,¥600,¥300,¥100,¥60,¥10,,¥700,https://files.cardrush.media/pokemon/ocha_products/72333.webp,600
フーパ 【P】{157/XY-P}[XY],PROMO,157/XY-P,P,¥600,¥300,¥100,¥60,¥10,,¥700,https://files.cardrush.media/pokemon/ocha_products/72377.webp,600
ゴース 【P】{170/XY-P}[XY],PROMO,170/XY-P,P,¥600,¥300,¥100,¥60,¥10,,¥700,https://files.cardrush.media/pokemon/ocha_products/72385.webp,600
プテラEX 【P】{182/XY-P}[XY],PROMO,182/XY-P,P,¥600,¥300,¥100,¥60,¥10,,¥700,https://files.cardrush.media/pokemon/ocha_products/72391.webp,600
カイリキーEX 【P】{286/XY-P}[XY],PROMO,286/XY-P,P,¥600,¥300,¥100,¥60,¥10,,¥700,https://files.cardrush.media/pokemon/ocha_products/72429.webp,600
ハピナス 【P】{087/XY-P}[XY],PROMO,087/XY-P,P,¥600,¥300,¥100,¥60,¥10,,¥700,https://files.cardrush.media/pokemon/ocha_products/72342.webp,600
とつげきチョッキ 【P】{220/XY-P}[その他],EX,220/XY-P,P,¥600,¥300,¥100,¥60,¥10,,¥700,https://files.cardrush.media/pokemon/ocha_products/955.webp,600
エルフーン 【P】{060/BW-P}[BW-P],PROMO,060/BW-P,P,¥600,¥300,¥100,¥60,¥10,,¥700,https://files.cardrush.media/pokemon/ocha_products/71210.webp,600
ドレディア 【P】{062/BW-P}[BW-P],PROMO,062/BW-P,P,¥600,¥300,¥100,¥60,¥10,,¥700,https://files.cardrush.media/pokemon/ocha_products/71214.webp,600
ゴチミル 【P】{064/BW-P}[BW-P],PROMO,064/BW-P,P,¥600,¥300,¥100,¥60,¥10,,¥700,https://files.cardrush.media/pokemon/ocha_products/71218.webp,600
オノノクス 【P】{121/BW-P}[BW-P],PROMO,121/BW-P,P,¥600,¥300,¥100,¥60,¥10,,¥700,https://files.cardrush.media/pokemon/ocha_products/71262.webp,600
ヘビーボール 【P】{122/BW-P}[BW-P],PROMO,122/BW-P,P,¥600,¥300,¥100,¥60,¥10,,¥700,https://files.cardrush.media/pokemon/ocha_products/71263.webp,600
ヤブクロン 【P】{135/BW-P}[BW-P],PROMO,135/BW-P,P,¥600,¥300,¥100,¥60,¥10,,¥700,https://files.cardrush.media/pokemon/ocha_products/71271.webp,600
ウォーグル 【P】{137/BW-P}[BW-P],PROMO,137/BW-P,P,¥600,¥300,¥100,¥60,¥10,,¥700,https://files.cardrush.media/pokemon/ocha_products/71273.webp,600
フワライド 【P】{147/BW-P}[BW-P],PROMO,147/BW-P,P,¥600,¥300,¥100,¥60,¥10,,¥700,https://files.cardrush.media/pokemon/ocha_products/71275.webp,600
ビリジオン 【P】{154/BW-P}[BW-P],PROMO,154/BW-P,P,¥600,¥300,¥100,¥60,¥10,,¥700,https://files.cardrush.media/pokemon/ocha_products/71279.webp,600
テラキオン 【P】{155/BW-P}[BW-P],PROMO,155/BW-P,P,¥600,¥300,¥100,¥60,¥10,,¥700,https://files.cardrush.media/pokemon/ocha_products/71280.webp,600
コバルオン 【P】{156/BW-P}[BW-P],PROMO,156/BW-P,P,¥600,¥300,¥100,¥60,¥10,,¥700,https://files.cardrush.media/pokemon/ocha_products/71281.webp,600
メロエッタ 【P】{160/BW-P}[BW-P],PROMO,160/BW-P,P,¥600,¥300,¥100,¥60,¥10,,¥700,https://files.cardrush.media/pokemon/ocha_products/71283.webp,600
ヒコザル 【P】{171/BW-P}[BW-P],PROMO,171/BW-P,P,¥600,¥300,¥100,¥60,¥10,,¥700,https://files.cardrush.media/pokemon/ocha_products/71293.webp,600
クリムガン 【P】{201/BW-P}[BW-P],PROMO,201/BW-P,P,¥600,¥300,¥100,¥60,¥10,,¥700,https://files.cardrush.media/pokemon/ocha_products/71314.webp,600
ルカリオ 【P】{203/BW-P}[BW-P],PROMO,203/BW-P,P,¥600,¥300,¥100,¥60,¥10,,¥700,https://files.cardrush.media/pokemon/ocha_products/71317.webp,600
ゲノセクト 【P】{209/BW-P}[BW-P],PROMO,209/BW-P,P,¥600,¥300,¥100,¥60,¥10,,¥700,https://files.cardrush.media/pokemon/ocha_products/71322.webp,600
ブラックキュレム 【P】{216/BW-P}[BW-P],PROMO,216/BW-P,P,¥600,¥300,¥100,¥60,¥10,,¥700,https://files.cardrush.media/pokemon/ocha_products/71328.webp,600
ホワイトキュレム 【P】{217/BW-P}[BW-P],PROMO,217/BW-P,P,¥600,¥300,¥100,¥60,¥10,,¥700,https://files.cardrush.media/pokemon/ocha_products/71329.webp,600
ゲノセクト 【P】{219/BW-P}[BW-P],PROMO,219/BW-P,P,¥600,¥300,¥100,¥60,¥10,,¥700,https://files.cardrush.media/pokemon/ocha_products/71330.webp,600
タマタマ 【C】{001/051}[その他],EX,001/051,C,¥600,¥300,¥100,¥60,¥10,,¥700,https://files.cardrush.media/pokemon/ocha_products/3704.webp,600
タマタマ 【-】{001/048}[EXB01],EX,001/048,-,¥600,¥300,¥100,¥60,¥10,,¥700,https://files.cardrush.media/pokemon/ocha_products/6091.webp,600
ラルトス 【C】{032/070}[BW7],BW,032/070,C,¥600,¥300,¥100,¥60,¥10,,¥700,https://files.cardrush.media/pokemon/ocha_products/55402.webp,600
かるいし 【U】{054/059}[XY8青],EX,054/059,U,¥600,¥300,¥100,¥60,¥10,,¥700,https://files.cardrush.media/pokemon/ocha_products/409.webp,600
かるいし 【-】{022/041}[smG],EX,022/041,-,¥600,¥300,¥100,¥60,¥10,,¥700,https://files.cardrush.media/pokemon/ocha_products/408.webp,600
かるいし 【U】{048/051}[その他],EX,048/051,U,¥600,¥300,¥100,¥60,¥10,,¥700,https://files.cardrush.media/pokemon/ocha_products/4134.webp,600
かるいし 【-】{030/048}[EXB01],EX,030/048,-,¥600,¥300,¥100,¥60,¥10,,¥700,https://files.cardrush.media/pokemon/ocha_products/6120.webp,600
スペシャルチャージ 【P】{057/M-P}[その他],EX,057/M-P,P,¥600,¥300,¥100,¥60,¥10,,¥700,https://files.cardrush.media/pokemon/ocha_products/78374.webp,600
トレーナーズポスト 【U】{070/078}[XY6],EX,070/078,U,¥600,¥300,¥100,¥60,¥10,,¥700,https://files.cardrush.media/pokemon/ocha_products/967.webp,600
トレーナーズポスト 【-】{017/041}[smG],EX,017/041,-,¥600,¥300,¥100,¥60,¥10,,¥700,https://files.cardrush.media/pokemon/ocha_products/965.webp,600
トレーナーズポスト 【-】{113/171}[XY],EX,113/171,-,¥600,¥300,¥100,¥60,¥10,,¥700,https://files.cardrush.media/pokemon/ocha_products/966.webp,600
タチワキシティジム 【U】{057/059}[BW6青],EX,057/059,U,¥600,¥300,¥100,¥60,¥10,,¥700,https://files.cardrush.media/pokemon/ocha_products/860.webp,600
パラレルシティ 【P】{064/M-P}[その他],EX,064/M-P,P,¥600,¥300,¥100,¥60,¥10,,¥700,https://files.cardrush.media/pokemon/ocha_products/78381.webp,600
ボルケニオン 【-】{008/036}[CP5],EX,008/036,-,¥600,¥300,¥100,¥60,¥10,,¥700,https://files.cardrush.media/pokemon/ocha_products/18481.webp,600
ケルディオ 【-】{013/036}[CP5],EX,013/036,-,¥600,¥300,¥100,¥60,¥10,,¥700,https://files.cardrush.media/pokemon/ocha_products/18486.webp,600
ふたごちゃん 【U】{078/080}[その他],HOF,078/080,U,¥600,¥300,¥100,¥60,¥10,,¥700,https://files.cardrush.media/pokemon/ocha_products/3737.webp,600
探究者 【-】{039/040}[LEGEND],状態減額大,039/040,-,¥600,¥300,¥100,¥60,¥10,,¥700,https://files.cardrush.media/pokemon/ocha_products/20898.webp,600
ゴージャスボール 【-】{081/092}[その他],HOF,081/092,-,¥600,¥300,¥100,¥60,¥10,,¥700,https://files.cardrush.media/pokemon/ocha_products/3733.webp,600
破れた時空 【-】{092/096}[DPt1],状態減額大,092/096,-,¥600,¥300,¥100,¥60,¥10,,¥700,https://files.cardrush.media/pokemon/ocha_products/20918.webp,600
マグカルゴ 【★】{016/082}[-],-,016/082,★,¥600,¥300,¥100,¥60,¥10,,¥700,https://files.cardrush.media/pokemon/ocha_products/66288.webp,600
ゼニガメ 【-】{018/052}[PS-1],-,018/052,-,¥600,¥300,¥100,¥60,¥10,,¥700,https://files.cardrush.media/pokemon/ocha_products/66254.webp,600
ジュペッタex 【-】{007/016}[PS-4M],-,007/016,-,¥600,¥300,¥100,¥60,¥10,,¥700,https://files.cardrush.media/pokemon/ocha_products/66253.webp,600
ホロンのコイル 【◆】{071/086}[-],-,071/086,◆,¥600,¥300,¥100,¥60,¥10,,¥700,https://files.cardrush.media/pokemon/ocha_products/66280.webp,600
ダイゴのアドバイス 【◆】{074/083}[AD4],-,074/083,◆,¥600,¥300,¥100,¥60,¥10,,¥700,https://files.cardrush.media/pokemon/ocha_products/66215.webp,600
ロケット団の幹部 【◆】{079/084}[P3],-,079/084,◆,¥600,¥300,¥100,¥60,¥10,,¥700,https://files.cardrush.media/pokemon/ocha_products/66224.webp,600
ロケット団の幹部 【-】{018/020}[その他],-,018/020,-,¥600,¥300,¥100,¥60,¥10,,¥700,https://files.cardrush.media/pokemon/ocha_products/84660.webp,600
ダイゴのアドバイス 【-】{018/019}[その他],-,018/019,-,¥600,¥300,¥100,¥60,¥10,,¥700,https://files.cardrush.media/pokemon/ocha_products/84662.webp,600
ダイゴのアドバイス 【-】{018/024}[その他],-,018/024,-,¥600,¥300,¥100,¥60,¥10,,¥700,https://files.cardrush.media/pokemon/ocha_products/84663.webp,600
ピジョンδ-デルタ種 【-】{017/052}[その他],EX,017/052,-,¥600,¥300,¥100,¥60,¥10,,¥700,https://files.cardrush.media/pokemon/ocha_products/56527.webp,600
アーボックδ-デルタ種 【★】{008/068}[その他],EX,008/068,★,¥600,¥300,¥100,¥60,¥10,,¥700,https://files.cardrush.media/pokemon/ocha_products/56531.webp,600
ペルシアンδ-デルタ種 【-】{039/052}[その他],EX,039/052,-,¥600,¥300,¥100,¥60,¥10,,¥700,https://files.cardrush.media/pokemon/ocha_products/56549.webp,600
ジュゴンδ-デルタ種 【★】{048/068}[その他],EX,048/068,★,¥600,¥300,¥100,¥60,¥10,,¥700,https://files.cardrush.media/pokemon/ocha_products/56555.webp,600
パルシェンδ-デルタ種 【-】{039/068}[その他],EX,039/068,-,¥600,¥300,¥100,¥60,¥10,,¥700,https://files.cardrush.media/pokemon/ocha_products/56557.webp,600
キングラーδ-デルタ種 【★】{017/075}[その他],EX,017/075,★,¥600,¥300,¥100,¥60,¥10,,¥700,https://files.cardrush.media/pokemon/ocha_products/56558.webp,600
タマタマδ-デルタ種 【-】{029/052}[その他],EX,029/052,-,¥600,¥300,¥100,¥60,¥10,,¥700,https://files.cardrush.media/pokemon/ocha_products/56559.webp,600
ベロリンガδ-デルタ種 【★】{031/068}[その他],EX,031/068,★,¥600,¥300,¥100,¥60,¥10,,¥700,https://files.cardrush.media/pokemon/ocha_products/56562.webp,600
シードラδ-デルタ種 【-】{007/052}[その他],EX,007/052,-,¥600,¥300,¥100,¥60,¥10,,¥700,https://files.cardrush.media/pokemon/ocha_products/56566.webp,600
シードラδ-デルタ種 【★】{041/068}[その他],EX,041/068,★,¥600,¥300,¥100,¥60,¥10,,¥700,https://files.cardrush.media/pokemon/ocha_products/56567.webp,600
シードラδ-デルタ種 【-】{006/024}[その他],EX,006/024,-,¥600,¥300,¥100,¥60,¥10,,¥700,https://files.cardrush.media/pokemon/ocha_products/56568.webp,600
ルージュラδ-デルタ種 【-】{001/024}[その他],EX,001/024,-,¥600,¥300,¥100,¥60,¥10,,¥700,https://files.cardrush.media/pokemon/ocha_products/56571.webp,600
オムナイトδ-デルタ種 【-】{026/052}[その他],EX,026/052,-,¥600,¥300,¥100,¥60,¥10,,¥700,https://files.cardrush.media/pokemon/ocha_products/56580.webp,600
カブトδ-デルタ種 【-】{020/052}[その他],EX,020/052,-,¥600,¥300,¥100,¥60,¥10,,¥700,https://files.cardrush.media/pokemon/ocha_products/56582.webp,600
マグマラシδ-デルタ種 【-】{033/068}[その他],EX,033/068,-,¥600,¥300,¥100,¥60,¥10,,¥700,https://files.cardrush.media/pokemon/ocha_products/56601.webp,600
アリゲイツδ-デルタ種 【-】{025/068}[その他],EX,025/068,-,¥600,¥300,¥100,¥60,¥10,,¥700,https://files.cardrush.media/pokemon/ocha_products/56604.webp,600
ネイティオδ-デルタ種 【-】{057/068}[その他],EX,057/068,-,¥600,¥300,¥100,¥60,¥10,,¥700,https://files.cardrush.media/pokemon/ocha_products/56613.webp,600
マリルリδ-デルタ種 【-】{006/015}[その他],EX,006/015,-,¥600,¥300,¥100,¥60,¥10,,¥700,https://files.cardrush.media/pokemon/ocha_products/56618.webp,600
ナックラーδ-デルタ種 【-】{001/052}[その他],EX,001/052,-,¥600,¥300,¥100,¥60,¥10,,¥700,https://files.cardrush.media/pokemon/ocha_products/56654.webp,600
ビブラーバδ-デルタ種 【-】{002/052}[その他],EX,002/052,-,¥600,¥300,¥100,¥60,¥10,,¥700,https://files.cardrush.media/pokemon/ocha_products/56657.webp,600
リリーラδ-デルタ種 【-】{036/052}[その他],EX,036/052,-,¥600,¥300,¥100,¥60,¥10,,¥700,https://files.cardrush.media/pokemon/ocha_products/56667.webp,600
タツベイδ-デルタ種 【-】{005/015}[その他],EX,005/015,-,¥600,¥300,¥100,¥60,¥10,,¥700,https://files.cardrush.media/pokemon/ocha_products/56676.webp,600
ダンバルδ-デルタ種 【-】{036/086}[その他],EX,036/086,-,¥600,¥300,¥100,¥60,¥10,,¥700,https://files.cardrush.media/pokemon/ocha_products/56684.webp,600
メタングδ-デルタ種 【-】{037/086}[その他],EX,037/086,-,¥600,¥300,¥100,¥60,¥10,,¥700,https://files.cardrush.media/pokemon/ocha_products/56685.webp,600
ラティアス ジャンボカード【P】{S-P}[その他],,S-P,P,¥600,¥300,¥100,¥60,¥10,,¥700,https://files.cardrush.media/pokemon/ocha_products/39039.webp,600
スピアーEX RR仕様【-】{001/131}[CP4],,001/131,-,¥600,¥300,¥100,¥60,¥10,,¥700,https://files.cardrush.media/pokemon/ocha_products/80601.webp,600
ビクティニEX 【R】{012/070}[BW7],EX,012/070,R,¥600,¥300,¥100,¥60,¥10,,¥700,https://files.cardrush.media/pokemon/ocha_products/20816.webp,600
バクーダEX 【RR】{021/070}[その他],EX,021/070,RR,¥600,¥300,¥100,¥60,¥10,,¥700,https://files.cardrush.media/pokemon/ocha_products/4054.webp,600
ジガルデEX 【-】{022/036}[CP5],EX,022/036,-,¥600,¥300,¥100,¥60,¥10,,¥700,https://files.cardrush.media/pokemon/ocha_products/4083.webp,600
サメハダーEX 【RR】{044/070}[その他],EX,044/070,RR,¥600,¥300,¥100,¥60,¥10,,¥700,https://files.cardrush.media/pokemon/ocha_products/4020.webp,600
サザンドラEX 【-】{099/171}[XY],EX,099/171,-,¥600,¥300,¥100,¥60,¥10,,¥700,https://files.cardrush.media/pokemon/ocha_products/3901.webp,600
シェイミEX 【-】{106/171}[XY],EX,106/171,-,¥600,¥300,¥100,¥60,¥10,,¥700,https://files.cardrush.media/pokemon/ocha_products/650.webp,600
シェイミEX 【-】{098/131}[CP4],EX,098/131,-,¥600,¥300,¥100,¥60,¥10,,¥700,https://files.cardrush.media/pokemon/ocha_products/649.webp,600
アチャモ 【C】{018/070}[XY],EX,018/070,C,¥600,¥300,¥100,¥60,¥10,,¥700,https://files.cardrush.media/pokemon/ocha_products/69736.webp,600
ウネルミナモex 【UR】{235/187}[SV8a],H,235/187,UR,¥600,¥350,¥250,¥100,¥30,,¥600,https://files.cardrush.media/pokemon/ocha_products/62036.webp,600
イーユイex 【UR】{356/190}[SV4a],G,356/190,UR,¥600,¥350,¥250,¥100,¥30,,¥600,https://files.cardrush.media/pokemon/ocha_products/51085.webp,600
パオジアンex 【UR】{357/190}[SV4a],G,357/190,UR,¥600,¥350,¥250,¥100,¥30,,¥600,https://files.cardrush.media/pokemon/ocha_products/51086.webp,600
カポエラー AR仕様【-】{751/742}[MC],J,751/742,-,¥600,¥350,¥250,¥100,¥30,,¥600,https://files.cardrush.media/pokemon/ocha_products/75862.webp,600
メレシー AR仕様【-】{752/742}[MC],J,752/742,-,¥600,¥350,¥250,¥100,¥30,,¥600,https://files.cardrush.media/pokemon/ocha_products/75863.webp,600
(上)ダークライ＆クレセリアLEGEND 30th/復刻版【-】{151/103}[M6a],J,151/103,-,¥600,¥350,¥250,¥100,¥30,,¥600,https://files.cardrush.media/pokemon/ocha_products/85729.webp,600
(下)ダークライ＆クレセリアLEGEND 30th/復刻版【-】{152/103}[M6a],J,152/103,-,¥600,¥350,¥250,¥100,¥30,,¥600,https://files.cardrush.media/pokemon/ocha_products/85730.webp,600
N 30th/復刻版【-】{153/103}[M6a],J,153/103,-,¥600,¥350,¥250,¥100,¥30,,¥600,https://files.cardrush.media/pokemon/ocha_products/85127.webp,600
ゲッコウガex 30th【P】{151/M-P}[PROMO],J,151/M-P,P,¥600,¥350,¥250,¥100,¥30,,¥600,https://files.cardrush.media/pokemon/ocha_products/85724.webp,600
ニンフィアex 30th【P】{153/M-P}[PROMO],J,153/M-P,P,¥600,¥350,¥250,¥100,¥30,,¥600,https://files.cardrush.media/pokemon/ocha_products/85726.webp,600
ヤドラン 【S】{220/190}[SV4a],G,220/190,S,¥600,¥350,¥250,¥100,¥30,,¥600,https://files.cardrush.media/pokemon/ocha_products/50949.webp,600
ライチュウ 【S】{237/190}[SV4a],G,237/190,S,¥600,¥350,¥250,¥100,¥30,,¥600,https://files.cardrush.media/pokemon/ocha_products/50966.webp,600
ワンパチ 【S】{238/190}[s4a],D,238/190,S,¥600,¥350,¥250,¥100,¥30,,¥600,https://files.cardrush.media/pokemon/ocha_products/17387.webp,600
モルペコ 【S】{243/190}[s4a],D,243/190,S,¥600,¥350,¥250,¥100,¥30,,¥600,https://files.cardrush.media/pokemon/ocha_products/17392.webp,600
チラーミィ 【S】{292/190}[s4a],D,292/190,S,¥600,¥350,¥250,¥100,¥30,,¥600,https://files.cardrush.media/pokemon/ocha_products/17441.webp,600
ストライク 【S】{161/150}[sm8b],B,161/150,S,¥600,¥350,¥250,¥100,¥30,,¥600,https://files.cardrush.media/pokemon/ocha_products/2284.webp,600
ラルトス 【S】{194/150}[sm8b],A,194/150,S,¥600,¥350,¥250,¥100,¥30,,¥600,https://files.cardrush.media/pokemon/ocha_products/2462.webp,600
チルット 【S】{202/150}[sm8b],B,202/150,S,¥600,¥350,¥250,¥100,¥30,,¥600,https://files.cardrush.media/pokemon/ocha_products/2313.webp,600
リーフィア 【P】{215/S-P}[その他],E,215/S-P,P,¥600,¥350,¥250,¥100,¥30,,¥600,https://files.cardrush.media/pokemon/ocha_products/22177.webp,600
イーブイ 【P】{239/S-P}[その他],E,239/S-P,P,¥600,¥350,¥250,¥100,¥30,,¥600,https://files.cardrush.media/pokemon/ocha_products/22532.webp,600
ヒスイウォーグル 【P】{318/S-P}[その他],F,318/S-P,P,¥600,¥350,¥250,¥100,¥30,,¥600,https://files.cardrush.media/pokemon/ocha_products/37815.webp,600
グズマ＆ハラ 【P】{087/S-P}[その他],C,087/S-P,P,¥600,¥350,¥250,¥100,¥30,,¥600,https://files.cardrush.media/pokemon/ocha_products/13088.webp,600
ビート 【P】{138/S-P}[その他],D,138/S-P,P,¥600,¥350,¥250,¥100,¥30,,¥600,https://files.cardrush.media/pokemon/ocha_products/17480.webp,600
バタフリー 【P】{111/SM-P}[その他],A,111/SM-P,P,¥600,¥350,¥250,¥100,¥30,,¥600,https://files.cardrush.media/pokemon/ocha_products/19924.webp,600
アシマリ 【P】{051/SM-P}[その他],A,051/SM-P,P,¥600,¥350,¥250,¥100,¥30,,¥600,https://files.cardrush.media/pokemon/ocha_products/19911.webp,600
アローラロコン 【P】{379/SM-P}[その他],B,379/SM-P,P,¥600,¥350,¥250,¥100,¥30,,¥600,https://files.cardrush.media/pokemon/ocha_products/19969.webp,600
バリヤードGX 【P】{231/SM-P}[smH],B,231/SM-P,P,¥600,¥350,¥250,¥100,¥30,,¥600,https://files.cardrush.media/pokemon/ocha_products/2030.webp,600
デオキシス 【P】{232/SM-P}[その他],B,232/SM-P,P,¥600,¥350,¥250,¥100,¥30,,¥600,https://files.cardrush.media/pokemon/ocha_products/19947.webp,600
マニューラ 【P】{165/SM-P}[その他],B,165/SM-P,P,¥600,¥350,¥250,¥100,¥30,,¥600,https://files.cardrush.media/pokemon/ocha_products/1468.webp,600
サザンドラ 【P】{118/SM-P}[その他],A,118/SM-P,P,¥600,¥350,¥250,¥100,¥30,,¥600,https://files.cardrush.media/pokemon/ocha_products/1797.webp,600
アローララッタGX 【P】{161/SM-P}[その他],B,161/SM-P,P,¥600,¥350,¥250,¥100,¥30,,¥600,https://files.cardrush.media/pokemon/ocha_products/189.webp,600
オーロットVMAX 【HR】{080/067}[S7R],E,080/067,HR,¥600,¥350,¥250,¥100,¥30,,¥600,https://files.cardrush.media/pokemon/ocha_products/21480.webp,600
レジエレキVMAX 【HR】{115/098}[S12],F,115/098,HR,¥600,¥350,¥250,¥100,¥30,,¥600,https://files.cardrush.media/pokemon/ocha_products/37617.webp,600
ルガルガンVMAX 【HR】{080/067}[S7D],E,080/067,HR,¥600,¥350,¥250,¥100,¥30,,¥600,https://files.cardrush.media/pokemon/ocha_products/21457.webp,600
ドラピオンVSTAR 【HR】{119/100}[S11],F,119/100,HR,¥600,¥350,¥250,¥100,¥30,,¥600,https://files.cardrush.media/pokemon/ocha_products/36386.webp,600
カラマネロVMAX 【HR】{109/096}[S2],D,109/096,HR,¥600,¥350,¥250,¥100,¥30,,¥600,https://files.cardrush.media/pokemon/ocha_products/7555.webp,600
ジュラルドンVMAX 【HR】{082/067}[S7D],E,082/067,HR,¥600,¥350,¥250,¥100,¥30,,¥600,https://files.cardrush.media/pokemon/ocha_products/21459.webp,600
スズナ 【HR】{121/098}[S12],F,121/098,HR,¥600,¥350,¥250,¥100,¥30,,¥600,https://files.cardrush.media/pokemon/ocha_products/37623.webp,600
ツツジ 【HR】{089/067}[S9a],F,089/067,HR,¥600,¥350,¥250,¥100,¥30,,¥600,https://files.cardrush.media/pokemon/ocha_products/33713.webp,600
デンジャラスドリル 【UR】{064/052}[sm8a],B,064/052,UR,¥600,¥350,¥250,¥100,¥30,,¥600,https://files.cardrush.media/pokemon/ocha_products/2016.webp,600
トレッキングシューズ 【UR】{087/067}[S10D],F,087/067,UR,¥600,¥350,¥250,¥100,¥30,,¥600,https://files.cardrush.media/pokemon/ocha_products/34755.webp,600
こだわりベルト 【UR】{092/067}[S9a],G,092/067,UR,¥600,¥350,¥250,¥100,¥30,,¥600,https://files.cardrush.media/pokemon/ocha_products/33716.webp,600
コトブキムラ 【UR】{093/067}[S9a],F,093/067,UR,¥600,¥350,¥250,¥100,¥30,,¥600,https://files.cardrush.media/pokemon/ocha_products/33717.webp,600
エネルギーつけかえ 【P】{004/XY-P}[その他],D,004/XY-P,P,¥600,¥350,¥250,¥100,¥30,,¥600,https://files.cardrush.media/pokemon/ocha_products/262.webp,600
エネルギー回収 【P】{003/XY-P}[その他],D,003/XY-P,P,¥600,¥350,¥250,¥100,¥30,,¥600,https://files.cardrush.media/pokemon/ocha_products/251.webp,600
ジムバッジ トウキ【P】{XY-P}[その他],P,XY-P,P,¥600,¥300,¥100,¥60,¥10,,¥600,https://files.cardrush.media/pokemon/ocha_products/684.webp,600
メガニウム 【R】{005/095}[sm8],B,005/095,R,¥600,¥350,¥250,¥100,¥30,,¥600,https://files.cardrush.media/pokemon/ocha_products/1843.webp,600
ブースターVMAX ノーマル仕様【-】{052/414}[SI],E,052/414,-,¥600,¥350,¥250,¥100,¥30,,¥600,https://files.cardrush.media/pokemon/ocha_products/23254.webp,600
バクフーン 【R】{019/095}[sm8],B,019/095,R,¥600,¥350,¥250,¥100,¥30,,¥600,https://files.cardrush.media/pokemon/ocha_products/1852.webp,600
バシャーモGX 【RR】{018/096}[sm7],B,018/096,RR,¥600,¥350,¥250,¥100,¥30,,¥600,https://files.cardrush.media/pokemon/ocha_products/1065.webp,600
エースバーンVMAX RRR仕様【-】{002/004}[SP2],D,002/004,-,¥600,¥350,¥250,¥100,¥30,,¥600,https://files.cardrush.media/pokemon/ocha_products/14747.webp,600
カメックスGX 【RR】{010/054}[SM9b],C,010/054,RR,¥600,¥350,¥250,¥100,¥30,,¥600,https://files.cardrush.media/pokemon/ocha_products/3072.webp,600
ゲッコウガGX 【RR】{020/094}[sm6],B,020/094,RR,¥600,¥350,¥250,¥100,¥30,,¥600,https://files.cardrush.media/pokemon/ocha_products/561.webp,600
ゲッコウガGX 【RR】{033/150}[sm8b],B,033/150,RR,¥600,¥350,¥250,¥100,¥30,,¥600,https://files.cardrush.media/pokemon/ocha_products/2246.webp,600
ライチュウGX RR仕様【-】{019/051}[SML],C,019/051,-,¥600,¥350,¥250,¥100,¥30,,¥600,https://files.cardrush.media/pokemon/ocha_products/3546.webp,600
ミュウV 【-】{038/127}[sD],D,038/127,-,¥600,¥350,¥250,¥100,¥30,,¥600,https://files.cardrush.media/pokemon/ocha_products/14193.webp,600
リザードンex RR仕様【-】{006/021}[SVJL],G,006/021,-,¥600,¥350,¥250,¥100,¥30,,¥600,https://files.cardrush.media/pokemon/ocha_products/56012.webp,600
バンギラス 【R】{020/052}[sm8a],B,020/052,R,¥600,¥350,¥250,¥100,¥30,,¥600,https://files.cardrush.media/pokemon/ocha_products/1976.webp,600
カビゴン 【R】{084/100}[s4],D,084/100,R,¥600,¥350,¥250,¥100,¥30,,¥600,https://files.cardrush.media/pokemon/ocha_products/14538.webp,600
カビゴン 【-】{010/023}[sA],D,010/023,-,¥600,¥350,¥250,¥100,¥30,,¥600,https://files.cardrush.media/pokemon/ocha_products/6709.webp,600
カビゴン 【-】{038/051}[SML],C,038/051,-,¥600,¥350,¥250,¥100,¥30,,¥600,https://files.cardrush.media/pokemon/ocha_products/3603.webp,600
ルギア 【R】{055/076}[s3a],D,055/076,R,¥600,¥350,¥250,¥100,¥30,,¥600,https://files.cardrush.media/pokemon/ocha_products/14090.webp,600
ルギアVSTAR 【RRR】{080/098}[S12],F,080/098,RRR,¥600,¥350,¥250,¥100,¥30,,¥600,https://files.cardrush.media/pokemon/ocha_products/37572.webp,600
びっくりボックス 【C】{044/055}[SM9a],C,044/055,C,¥600,¥350,¥250,¥100,¥30,,¥600,https://files.cardrush.media/pokemon/ocha_products/2911.webp,600
ポケモン通信 学園祭2019【P】{402/SM-P}[その他],C,402/SM-P,P,¥600,¥350,¥250,¥100,¥30,,¥600,https://files.cardrush.media/pokemon/ocha_products/6504.webp,600
グズマ 【TR】{055/055}[SM9a],A,055/055,TR,¥600,¥350,¥250,¥100,¥30,,¥600,https://files.cardrush.media/pokemon/ocha_products/2922.webp,600
あなぬけのヒモ 【TR】{051/054}[sm10a],E,051/054,TR,¥600,¥350,¥250,¥100,¥30,,¥600,https://files.cardrush.media/pokemon/ocha_products/3993.webp,600
釣り人 LEGEND【U】{067/070}[L1青],B,067/070,U,¥600,¥350,¥250,¥100,¥30,,¥600,https://files.cardrush.media/pokemon/ocha_products/910.webp,600
ピカチュウ 【P】{197/SV-P}[PROMO],H,197/SV-P,P,¥600,¥350,¥250,¥100,¥30,,¥600,https://files.cardrush.media/pokemon/ocha_products/59379.webp,600
イーブイ 【P】{220/S-P}[その他],E,220/S-P,P,¥600,¥350,¥250,¥100,¥30,,¥600,https://files.cardrush.media/pokemon/ocha_products/22182.webp,600
メガダークライex 【SR】{099/081}[M5],J,099/081,SR,¥550,¥350,¥250,¥100,¥10,,¥600,https://files.cardrush.media/pokemon/ocha_products/81480.webp,550
ムックル 【AR】{090/078}[SV1S],G,090/078,AR,¥550,¥350,¥250,¥100,¥10,,¥600,https://files.cardrush.media/pokemon/ocha_products/39511.webp,550
オタマロ 【AR】{107/086}[SV11B],I,107/086,AR,¥550,¥350,¥250,¥100,¥10,,¥600,https://files.cardrush.media/pokemon/ocha_products/67276.webp,550
ケンホロウ 【AR】{155/086}[SV11B],I,155/086,AR,¥550,¥350,¥250,¥100,¥10,,¥600,https://files.cardrush.media/pokemon/ocha_products/67324.webp,550
ヒヤップ 【AR】{105/086}[SV11B],I,105/086,AR,¥550,¥350,¥250,¥100,¥10,,¥600,https://files.cardrush.media/pokemon/ocha_products/67274.webp,550
メラルバ 【AR】{103/086}[SV11B],I,103/086,AR,¥550,¥350,¥250,¥100,¥10,,¥600,https://files.cardrush.media/pokemon/ocha_products/67272.webp,550
リグレー 【AR】{126/086}[SV11B],I,126/086,AR,¥550,¥350,¥250,¥100,¥10,,¥600,https://files.cardrush.media/pokemon/ocha_products/67295.webp,550
フシギダネ 【AR】{064/063}[M1L],I,064/063,AR,¥550,¥350,¥250,¥100,¥10,,¥600,https://files.cardrush.media/pokemon/ocha_products/70023.webp,550
セイボリー 【SR】{083/070}[S5a],E,083/070,SR,¥500,¥350,¥250,¥100,¥20,,¥500,https://files.cardrush.media/pokemon/ocha_products/19000.webp,500
冒険家の発見 【SR】{267/184}[S8b],E,267/184,SR,¥500,¥350,¥250,¥100,¥20,,¥500,https://files.cardrush.media/pokemon/ocha_products/23043.webp,500
野盗三姉妹 【SR】{087/071}[S10a],F,087/071,SR,¥500,¥350,¥250,¥100,¥20,,¥500,https://files.cardrush.media/pokemon/ocha_products/35366.webp,500
シンオウの仲間たち 【SR】{247/172}[S12a],F,247/172,SR,¥500,¥350,¥250,¥100,¥10,,¥600,https://files.cardrush.media/pokemon/ocha_products/38427.webp,500
ヒスイの仲間たち 【SR】{249/172}[S12a],F,249/172,SR,¥500,¥350,¥250,¥100,¥20,,¥500,https://files.cardrush.media/pokemon/ocha_products/38429.webp,500
オーリム博士の気迫 【SR】{085/066}[SV4K],G,085/066,SR,¥500,¥350,¥250,¥100,¥20,,¥500,https://files.cardrush.media/pokemon/ocha_products/49648.webp,500
ベルのまごころ 【SR】{092/071}[SV5M],H,092/071,SR,¥500,¥350,¥250,¥100,¥10,,¥600,https://files.cardrush.media/pokemon/ocha_products/53322.webp,500
ロケット団のアテナ 【SR】{119/098}[SV10],I,119/098,SR,¥500,¥350,¥250,¥100,¥20,,¥500,https://files.cardrush.media/pokemon/ocha_products/65279.webp,500
ロケット団のランス 【SR】{123/098}[SV10],I,123/098,SR,¥500,¥350,¥250,¥100,¥20,,¥500,https://files.cardrush.media/pokemon/ocha_products/65283.webp,500
グソクムシャGX 【SR】{052/051}[sm3N],A,052/051,SR,¥500,¥350,¥250,¥100,¥10,,¥600,https://files.cardrush.media/pokemon/ocha_products/529.webp,500
カミツルギGX 【SR】{053/050}[sm4S],A,053/050,SR,¥500,¥350,¥250,¥100,¥10,,¥600,https://files.cardrush.media/pokemon/ocha_products/397.webp,500
ビリジオンGX 【SR】{061/060}[sm7a],B,061/060,SR,¥500,¥350,¥250,¥100,¥10,,¥600,https://files.cardrush.media/pokemon/ocha_products/1191.webp,500
マグカルゴGX 【SR】{062/060}[sm7a],B,062/060,SR,¥500,¥350,¥250,¥100,¥20,,¥500,https://files.cardrush.media/pokemon/ocha_products/1453.webp,500
ガオガエンGX 【SR】{055/052}[sm8a],B,055/052,SR,¥500,¥350,¥250,¥100,¥10,,¥600,https://files.cardrush.media/pokemon/ocha_products/1991.webp,500
ウルガモスGX 【SR】{096/095}[sm12],C,096/095,SR,¥500,¥350,¥250,¥100,¥20,,¥500,https://files.cardrush.media/pokemon/ocha_products/5477.webp,500
ハッサムV 【SR】{107/100}[s3],D,107/100,SR,¥500,¥350,¥250,¥100,¥10,,¥600,https://files.cardrush.media/pokemon/ocha_products/13921.webp,500
トゲキッスV 【SR】{082/076}[s3a],D,082/076,SR,¥500,¥350,¥250,¥100,¥20,,¥500,https://files.cardrush.media/pokemon/ocha_products/14143.webp,500
ハガネールV 【SR】{081/076}[s3a],D,081/076,SR,¥500,¥350,¥250,¥100,¥20,,¥500,https://files.cardrush.media/pokemon/ocha_products/14142.webp,500
ネクロズマV 【SR】{075/070}[S5R],E,075/070,SR,¥500,¥350,¥250,¥100,¥20,,¥500,https://files.cardrush.media/pokemon/ocha_products/18257.webp,500
はくばバドレックスV 【SR】{072/070}[S6H],E,072/070,SR,¥500,¥350,¥250,¥100,¥20,,¥500,https://files.cardrush.media/pokemon/ocha_products/20192.webp,500
ハピナスV 【SR】{078/070}[S6K],E,078/070,SR,¥500,¥350,¥250,¥100,¥20,,¥500,https://files.cardrush.media/pokemon/ocha_products/20175.webp,500
メタグロスV 【SR】{077/070}[S6K],E,077/070,SR,¥500,¥350,¥250,¥100,¥20,,¥500,https://files.cardrush.media/pokemon/ocha_products/20174.webp,500
ヒスイバクフーンV 【SR】{076/067}[S9a],F,076/067,SR,¥500,¥350,¥250,¥100,¥20,,¥500,https://files.cardrush.media/pokemon/ocha_products/33700.webp,500
ローブシンV SA【SR】{076/071}[S10b],F,076/071,SR,¥500,¥350,¥250,¥100,¥20,,¥500,https://files.cardrush.media/pokemon/ocha_products/35819.webp,500
レントラーV 【SR】{070/067}[S10D],F,070/067,SR,¥500,¥350,¥250,¥100,¥20,,¥500,https://files.cardrush.media/pokemon/ocha_products/34738.webp,500
スピアーV 【SR】{068/067}[S10P],F,068/067,SR,¥500,¥350,¥250,¥100,¥20,,¥500,https://files.cardrush.media/pokemon/ocha_products/34757.webp,500
アローラロコンV 【SR】{077/068}[S11a],F,077/068,SR,¥500,¥350,¥250,¥100,¥20,,¥500,https://files.cardrush.media/pokemon/ocha_products/37016.webp,500
クチートV 【SR】{078/068}[S11a],F,078/068,SR,¥500,¥350,¥250,¥100,¥10,,¥600,https://files.cardrush.media/pokemon/ocha_products/37017.webp,500
キュウコンex 【SR】{188/165}[SV2a],G,188/165,SR,¥500,¥350,¥250,¥100,¥10,,¥600,https://files.cardrush.media/pokemon/ocha_products/43847.webp,500
ラプラスex 【SR】{117/102}[SV7],H,117/102,SR,¥500,¥350,¥250,¥100,¥20,,¥500,https://files.cardrush.media/pokemon/ocha_products/58227.webp,500
ハルクジラex 【SR】{113/098}[SV10],I,113/098,SR,¥500,¥350,¥250,¥100,¥20,,¥500,https://files.cardrush.media/pokemon/ocha_products/65273.webp,500
レシラムex 【SR】{160/086}[SV11W],I,160/086,SR,¥500,¥350,¥250,¥100,¥10,,¥600,https://files.cardrush.media/pokemon/ocha_products/67569.webp,500
メガルカリオex 【SR】{078/063}[M1L],I,078/063,SR,¥500,¥350,¥250,¥100,¥10,,¥600,https://files.cardrush.media/pokemon/ocha_products/70037.webp,500
ファイアローex 【SR】{096/076}[M6],J,096/076,SR,¥500,¥350,¥250,¥100,¥20,,¥500,https://files.cardrush.media/pokemon/ocha_products/83031.webp,500
メタモン 【AR】{197/172}[S12a],F,197/172,AR,¥500,¥350,¥250,¥100,¥20,,¥500,https://files.cardrush.media/pokemon/ocha_products/38377.webp,500
ゴーリキー 【AR】{177/165}[SV2a],G,177/165,AR,¥500,¥350,¥250,¥100,¥10,,¥600,https://files.cardrush.media/pokemon/ocha_products/43836.webp,500
ニドキング 【AR】{174/165}[SV2a],G,174/165,AR,¥500,¥350,¥250,¥100,¥20,,¥500,https://files.cardrush.media/pokemon/ocha_products/43833.webp,500
セグレイブ 【AR】{077/071}[SV2P],G,077/071,AR,¥500,¥350,¥250,¥100,¥20,,¥500,https://files.cardrush.media/pokemon/ocha_products/41811.webp,500
セビエ 【AR】{075/071}[SV2P],G,075/071,AR,¥500,¥350,¥250,¥100,¥10,,¥600,https://files.cardrush.media/pokemon/ocha_products/41809.webp,500
ヒスイガーディ 【AR】{075/066}[SV5a],H,075/066,AR,¥500,¥350,¥250,¥100,¥10,,¥600,https://files.cardrush.media/pokemon/ocha_products/54795.webp,500
ベロリンガ 【AR】{082/071}[SV5M],H,082/071,AR,¥500,¥350,¥250,¥100,¥20,,¥500,https://files.cardrush.media/pokemon/ocha_products/53312.webp,500
シャリタツ 【AR】{112/101}[SV6],H,112/101,AR,¥500,¥350,¥250,¥100,¥20,,¥500,https://files.cardrush.media/pokemon/ocha_products/55709.webp,500
ヨマワル 【AR】{068/064}[SV6a],H,068/064,AR,¥500,¥350,¥250,¥100,¥20,,¥500,https://files.cardrush.media/pokemon/ocha_products/57357.webp,500
イワパレス 【AR】{136/086}[SV11B],I,136/086,AR,¥500,¥350,¥250,¥100,¥20,,¥500,https://files.cardrush.media/pokemon/ocha_products/67305.webp,500
ゴビット 【AR】{128/086}[SV11B],I,128/086,AR,¥500,¥350,¥250,¥100,¥20,,¥500,https://files.cardrush.media/pokemon/ocha_products/67297.webp,500
シビルドン 【AR】{119/086}[SV11B],I,119/086,AR,¥500,¥350,¥250,¥100,¥10,,¥600,https://files.cardrush.media/pokemon/ocha_products/67288.webp,500
ナゲキ 【AR】{134/086}[SV11B],I,134/086,AR,¥500,¥350,¥250,¥100,¥20,,¥500,https://files.cardrush.media/pokemon/ocha_products/67303.webp,500
ホイーガ 【AR】{139/086}[SV11B],I,139/086,AR,¥500,¥350,¥250,¥100,¥10,,¥600,https://files.cardrush.media/pokemon/ocha_products/67308.webp,500
ムシャーナ 【AR】{122/086}[SV11B],I,122/086,AR,¥500,¥350,¥250,¥100,¥10,,¥600,https://files.cardrush.media/pokemon/ocha_products/67291.webp,500
メグロコ 【AR】{141/086}[SV11B],I,141/086,AR,¥500,¥350,¥250,¥100,¥20,,¥500,https://files.cardrush.media/pokemon/ocha_products/67310.webp,500
ローブシン 【AR】{133/086}[SV11B],I,133/086,AR,¥500,¥350,¥250,¥100,¥10,,¥600,https://files.cardrush.media/pokemon/ocha_products/67302.webp,500
アギルダー 【AR】{094/086}[SV11W],I,094/086,AR,¥500,¥350,¥250,¥100,¥20,,¥500,https://files.cardrush.media/pokemon/ocha_products/67503.webp,500
ギガイアス 【AR】{127/086}[SV11W],I,127/086,AR,¥500,¥350,¥250,¥100,¥20,,¥500,https://files.cardrush.media/pokemon/ocha_products/67536.webp,500
ギギアル 【AR】{147/086}[SV11W],I,147/086,AR,¥500,¥350,¥250,¥100,¥20,,¥500,https://files.cardrush.media/pokemon/ocha_products/67556.webp,500
コジョフー 【AR】{131/086}[SV11W],I,131/086,AR,¥500,¥350,¥250,¥100,¥10,,¥600,https://files.cardrush.media/pokemon/ocha_products/67540.webp,500
シママ 【AR】{111/086}[SV11W],I,111/086,AR,¥500,¥350,¥250,¥100,¥20,,¥500,https://files.cardrush.media/pokemon/ocha_products/67520.webp,500
ナットレイ 【AR】{145/086}[SV11W],I,145/086,AR,¥500,¥350,¥250,¥100,¥20,,¥500,https://files.cardrush.media/pokemon/ocha_products/67554.webp,500
ハハコモリ 【AR】{089/086}[SV11W],I,089/086,AR,¥500,¥350,¥250,¥100,¥10,,¥600,https://files.cardrush.media/pokemon/ocha_products/67498.webp,500
ムーランド 【AR】{155/086}[SV11W],I,155/086,AR,¥500,¥350,¥250,¥100,¥10,,¥600,https://files.cardrush.media/pokemon/ocha_products/67564.webp,500
キングドラ 【CHR】{190/184}[S8b],E,190/184,CHR,¥500,¥350,¥250,¥100,¥10,,¥600,https://files.cardrush.media/pokemon/ocha_products/22969.webp,500
チルタリス 【CHR】{074/068}[S11a],F,074/068,CHR,¥500,¥350,¥250,¥100,¥20,,¥500,https://files.cardrush.media/pokemon/ocha_products/37013.webp,500
ガラルサンダーV 【CSR】{237/184}[S8b],E,237/184,CSR,¥500,¥350,¥250,¥100,¥10,,¥600,https://files.cardrush.media/pokemon/ocha_products/23013.webp,500
コロトックV 【CSR】{213/184}[S8b],E,213/184,CSR,¥500,¥350,¥250,¥100,¥20,,¥500,https://files.cardrush.media/pokemon/ocha_products/22992.webp,500
シャリタツ 【P】{201/SV-P}[その他],,201/SV-P,P,¥500,¥250,¥100,¥50,¥10,,¥600,https://files.cardrush.media/pokemon/ocha_products/59763.webp,500
ハリマロン R仕様【P】{034/XY-P}[その他],EX,034/XY-P,P,¥500,¥250,¥100,¥50,¥10,,¥600,https://files.cardrush.media/pokemon/ocha_products/4037.webp,500
フォッコ R仕様【P】{035/XY-P}[その他],EX,035/XY-P,P,¥500,¥250,¥100,¥50,¥10,,¥600,https://files.cardrush.media/pokemon/ocha_products/50549.webp,500
アマルルガEX 【P】{168/XY-P}[XY],PROMO,168/XY-P,P,¥500,¥250,¥100,¥50,¥10,,¥600,https://files.cardrush.media/pokemon/ocha_products/72384.webp,500
レントラー 【P】{180/XY-P}[XY],PROMO,180/XY-P,P,¥500,¥250,¥100,¥50,¥10,,¥600,https://files.cardrush.media/pokemon/ocha_products/72390.webp,500
ラフレシア 【U】{003/081}[XY7],EX,003/081,U,¥500,¥250,¥100,¥50,¥10,,¥600,https://files.cardrush.media/pokemon/ocha_products/6211.webp,500
シャワーズ 【-】{016/171}[XY],EX,016/171,-,¥500,¥250,¥100,¥50,¥10,,¥600,https://files.cardrush.media/pokemon/ocha_products/61157.webp,500
アンノーン 【C】{030/081}[XY7],EX,030/081,C,¥500,¥250,¥100,¥50,¥10,,¥600,https://files.cardrush.media/pokemon/ocha_products/6495.webp,500
アンノーン 【-】{046/171}[XY],EX,046/171,-,¥500,¥250,¥100,¥50,¥10,,¥600,https://files.cardrush.media/pokemon/ocha_products/193.webp,500
ソーナンス 【P】{131/SV-P}[PROMO],XY,131/SV-P,P,¥500,¥250,¥100,¥50,¥10,,¥600,https://files.cardrush.media/pokemon/ocha_products/52523.webp,500
ココロモリ 【Ｕ】{030/059}[BW6],BW,030/059,Ｕ,¥500,¥250,¥100,¥50,¥10,,¥600,https://files.cardrush.media/pokemon/ocha_products/55127.webp,500
ビクトリーピース 【R】{070/070}[その他],EX,070/070,R,¥500,¥250,¥100,¥50,¥10,,¥600,https://files.cardrush.media/pokemon/ocha_products/4138.webp,500
フォッコ 【C】{003/027}[CP2],EX,003/027,C,¥500,¥250,¥100,¥50,¥10,,¥600,https://files.cardrush.media/pokemon/ocha_products/18509.webp,500
ブーバー 【★】{017/084}[-],-,017/084,★,¥500,¥250,¥100,¥50,¥10,,¥600,https://files.cardrush.media/pokemon/ocha_products/66282.webp,500
ジュペッタ 【★】{038/075}[P8],-,038/075,★,¥500,¥250,¥100,¥50,¥10,,¥600,https://files.cardrush.media/pokemon/ocha_products/66252.webp,500
ヨーギラス 【-】{008/020}[PD-bl],-,008/020,-,¥500,¥250,¥100,¥50,¥10,,¥600,https://files.cardrush.media/pokemon/ocha_products/66237.webp,500
そっくり！テレポーター 【◆】{074/084}[P3],-,074/084,◆,¥500,¥250,¥100,¥50,¥10,,¥600,https://files.cardrush.media/pokemon/ocha_products/66188.webp,500
ホロンの導師 【◆】{079/086}[P6],-,079/086,◆,¥500,¥250,¥100,¥50,¥10,,¥600,https://files.cardrush.media/pokemon/ocha_products/66229.webp,500
ホロンの導師 【-】{021/024}[その他],-,021/024,-,¥500,¥250,¥100,¥50,¥10,,¥600,https://files.cardrush.media/pokemon/ocha_products/84661.webp,500
わるいハクリュー 【-】{011/020}[その他],-,011/020,-,¥500,¥250,¥100,¥50,¥10,,¥600,https://files.cardrush.media/pokemon/ocha_products/84705.webp,500
カスミのやる気 【U】{085/087}[CP6],XY,085/087,U,¥500,¥250,¥100,¥50,¥10,,¥600,https://files.cardrush.media/pokemon/ocha_products/19773.webp,500
サンダース 【P】{114/S-P}[その他],状態減額大,114/S-P,P,¥500,¥250,¥100,¥50,¥10,,¥600,https://files.cardrush.media/pokemon/ocha_products/14638.webp,500
イーブイ 【P】{117/S-P}[その他],状態減額大,117/S-P,P,¥500,¥250,¥100,¥50,¥10,,¥600,https://files.cardrush.media/pokemon/ocha_products/14641.webp,500
イーブイ 【P】{100/S-P}[その他],状態減額大,100/S-P,P,¥500,¥250,¥100,¥50,¥10,,¥600,https://files.cardrush.media/pokemon/ocha_products/14122.webp,500
ミュウツーGX RR仕様【-】{025/051}[SML],状態減額大,025/051,-,¥500,¥250,¥100,¥50,¥10,,¥600,https://files.cardrush.media/pokemon/ocha_products/3598.webp,500
ニドラン♀δ-デルタ種 【-】{058/068}[その他],EX,058/068,-,¥500,¥250,¥100,¥50,¥10,,¥600,https://files.cardrush.media/pokemon/ocha_products/56536.webp,500
ゴルダックδ-デルタ種 【-】{019/052}[その他],EX,019/052,-,¥500,¥250,¥100,¥50,¥10,,¥600,https://files.cardrush.media/pokemon/ocha_products/56551.webp,500
オコリザルδ-デルタ種 【-】{005/052}[その他],EX,005/052,-,¥500,¥250,¥100,¥50,¥10,,¥600,https://files.cardrush.media/pokemon/ocha_products/56553.webp,500
タッツーδ-デルタ種 【-】{006/052}[その他],EX,006/052,-,¥500,¥250,¥100,¥50,¥10,,¥600,https://files.cardrush.media/pokemon/ocha_products/56564.webp,500
トゲピーδ-デルタ種 【-】{016/068}[その他],EX,016/068,-,¥500,¥250,¥100,¥50,¥10,,¥600,https://files.cardrush.media/pokemon/ocha_products/56610.webp,500
ドーブルδ-デルタ種 【-】{006/024}[その他],EX,006/024,-,¥500,¥250,¥100,¥50,¥10,,¥600,https://files.cardrush.media/pokemon/ocha_products/56628.webp,500
ヨーギラスδ-デルタ種 【-】{013/086}[その他],EX,013/086,-,¥500,¥250,¥100,¥50,¥10,,¥600,https://files.cardrush.media/pokemon/ocha_products/56631.webp,500
ノクタスδ-デルタ種 【★】{048/075}[その他],EX,048/075,★,¥500,¥250,¥100,¥50,¥10,,¥600,https://files.cardrush.media/pokemon/ocha_products/56662.webp,500
タツベイδ-デルタ種 【-】{016/086}[その他],EX,016/086,-,¥500,¥250,¥100,¥50,¥10,,¥600,https://files.cardrush.media/pokemon/ocha_products/56677.webp,500
ガラルファイヤー ジャンボカード【P】{S-P}[その他],,S-P,P,¥500,¥250,¥100,¥50,¥10,,¥600,https://files.cardrush.media/pokemon/ocha_products/39036.webp,500
ホエルオーEX 【RR】{017/070}[XY5緑],EX,017/070,RR,¥500,¥250,¥100,¥50,¥10,,¥600,https://files.cardrush.media/pokemon/ocha_products/1307.webp,500
フーパEX 【-】{020/036}[CP5],EX,020/036,-,¥500,¥250,¥100,¥50,¥10,,¥600,https://files.cardrush.media/pokemon/ocha_products/1203.webp,500
シェイミEX ノーマル仕様【-】{021/048}[EXB01],EX,021/048,-,¥500,¥250,¥100,¥50,¥10,,¥600,https://files.cardrush.media/pokemon/ocha_products/6111.webp,500
テツノイサハex 【UR】{233/187}[SV8a],H,233/187,UR,¥500,¥300,¥200,¥100,¥20,,¥500,https://files.cardrush.media/pokemon/ocha_products/62034.webp,500
チオンジェンex 【UR】{355/190}[SV4a],G,355/190,UR,¥500,¥300,¥200,¥100,¥20,,¥500,https://files.cardrush.media/pokemon/ocha_products/51084.webp,500
ストリンダーVMAX 【SSR】{315/190}[s4a],D,315/190,SSR,¥500,¥300,¥200,¥100,¥20,,¥500,https://files.cardrush.media/pokemon/ocha_products/17464.webp,500
ドラパルトV 【SSR】{317/190}[s4a],D,317/190,SSR,¥500,¥300,¥200,¥100,¥20,,¥500,https://files.cardrush.media/pokemon/ocha_products/17466.webp,500
バクガメスGX 【SSR】{212/150}[sm8b],A,212/150,SSR,¥500,¥300,¥200,¥100,¥20,,¥500,https://files.cardrush.media/pokemon/ocha_products/2353.webp,500
エリカのプリン LV.13 30th/復刻版【-】{139/103}[M6a],J,139/103,-,¥500,¥300,¥200,¥100,¥20,,¥500,https://files.cardrush.media/pokemon/ocha_products/85114.webp,500
かがやくジラーチ 【K】{045/068}[S11a],F,045/068,K,¥500,¥300,¥200,¥100,¥20,,¥500,https://files.cardrush.media/pokemon/ocha_products/36934.webp,500
ニャオハex SR仕様【-】{757/742}[MC],H,757/742,-,¥500,¥300,¥200,¥100,¥20,,¥500,https://files.cardrush.media/pokemon/ocha_products/75868.webp,500
ピカチュウex ノーマル仕様【-】{018/066}[SVI],H,018/066,-,¥500,¥300,¥200,¥100,¥20,,¥500,https://files.cardrush.media/pokemon/ocha_products/54336.webp,500
ニンフィア 【-】{050/175}[SVM],H,050/175,-,¥500,¥300,¥200,¥100,¥20,,¥500,https://files.cardrush.media/pokemon/ocha_products/60819.webp,500
リオル 【-】{064/175}[SVM],H,064/175,-,¥500,¥300,¥200,¥100,¥20,,¥500,https://files.cardrush.media/pokemon/ocha_products/60833.webp,500
スクランブルスイッチ 【R】{068/070}[その他],H,068/070,R,¥500,¥300,¥200,¥100,¥20,,¥500,https://files.cardrush.media/pokemon/ocha_products/3732.webp,500
ポケモン回収サイクロン 【R】{073/076}[BW9],H,073/076,R,¥500,¥300,¥200,¥100,¥20,,¥500,https://files.cardrush.media/pokemon/ocha_products/1349.webp,500
改造ハンマー 【UR】{132/101}[SV6],H,132/101,UR,¥500,¥300,¥200,¥100,¥20,,¥500,https://files.cardrush.media/pokemon/ocha_products/55729.webp,500
カウンターゲイン 【UR】{073/060}[sm7a],H,073/060,UR,¥500,¥300,¥200,¥100,¥20,,¥500,https://files.cardrush.media/pokemon/ocha_products/332.webp,500
リオル 【S】{280/190}[SV4a],G,280/190,S,¥500,¥300,¥200,¥100,¥20,,¥500,https://files.cardrush.media/pokemon/ocha_products/51009.webp,500
レアコイル 【S】{188/150}[sm8b],B,188/150,S,¥500,¥300,¥200,¥100,¥20,,¥500,https://files.cardrush.media/pokemon/ocha_products/2489.webp,500
フカマル 【S】{198/150}[sm8b],B,198/150,S,¥500,¥300,¥200,¥100,¥20,,¥500,https://files.cardrush.media/pokemon/ocha_products/2384.webp,500
タイプ:ヌル 【S】{205/150}[sm8b],A,205/150,S,¥500,¥300,¥200,¥100,¥20,,¥500,https://files.cardrush.media/pokemon/ocha_products/2303.webp,500
メガタブンネex 【P】{146/M-P}[PROMO],J,146/M-P,P,¥500,¥300,¥200,¥100,¥20,,¥500,https://files.cardrush.media/pokemon/ocha_products/83714.webp,500
イーブイ 【P】{198/SV-P}[PROMO],H,198/SV-P,P,¥500,¥300,¥200,¥100,¥20,,¥500,https://files.cardrush.media/pokemon/ocha_products/60769.webp,500
ヒノアラシ 【P】{275/S-P}[その他],F,275/S-P,P,¥500,¥300,¥200,¥100,¥20,,¥500,https://files.cardrush.media/pokemon/ocha_products/34327.webp,500
スイクン 【P】{150/S-P}[その他],D,150/S-P,P,¥500,¥300,¥200,¥100,¥20,,¥500,https://files.cardrush.media/pokemon/ocha_products/17835.webp,500
オドリドリ 【P】{242/S-P}[その他],E,242/S-P,P,¥500,¥300,¥200,¥100,¥20,,¥500,https://files.cardrush.media/pokemon/ocha_products/22042.webp,500
ヨノワール 【P】{372/SM-P}[その他],C,372/SM-P,P,¥500,¥300,¥200,¥100,¥20,,¥500,https://files.cardrush.media/pokemon/ocha_products/5045.webp,500
ルガルガン 【P】{151/SM-P}[その他],B,151/SM-P,P,¥500,¥300,¥200,¥100,¥20,,¥500,https://files.cardrush.media/pokemon/ocha_products/19928.webp,500
イベルタル 【P】{343/SM-P}[その他],C,343/SM-P,P,¥500,¥300,¥200,¥100,¥20,,¥500,https://files.cardrush.media/pokemon/ocha_products/4712.webp,500
ジラーチ 【P】{322/SM-P}[その他],B,322/SM-P,P,¥500,¥300,¥200,¥100,¥20,,¥500,https://files.cardrush.media/pokemon/ocha_products/3140.webp,500
ラティアス 【P】{256/SM-P}[その他],B,256/SM-P,P,¥500,¥300,¥200,¥100,¥20,,¥500,https://files.cardrush.media/pokemon/ocha_products/19951.webp,500
エーテル財団職員 【P】{219/SM-P}[その他],B,219/SM-P,P,¥500,¥300,¥200,¥100,¥20,,¥500,https://files.cardrush.media/pokemon/ocha_products/4280.webp,500
エリカのおもてなし 【P】{324/SM-P}[その他],C,324/SM-P,P,¥500,¥300,¥200,¥100,¥20,,¥500,https://files.cardrush.media/pokemon/ocha_products/3415.webp,500
こだわりハチマキ チャンピオンズリーグ2017【P】{040/SM-P}[その他],A,040/SM-P,P,¥500,¥300,¥200,¥100,¥20,,¥500,https://files.cardrush.media/pokemon/ocha_products/601.webp,500
モーモーミルク 【P】{331/SM-P}[その他],B,331/SM-P,P,¥500,¥300,¥200,¥100,¥20,,¥500,https://files.cardrush.media/pokemon/ocha_products/4444.webp,500
ヒスイドレディアVSTAR 【HR】{080/067}[S10D],F,080/067,HR,¥500,¥300,¥200,¥100,¥20,,¥500,https://files.cardrush.media/pokemon/ocha_products/34748.webp,500
イオルブVMAX 【HR】{112/100}[s4],D,112/100,HR,¥500,¥300,¥200,¥100,¥20,,¥500,https://files.cardrush.media/pokemon/ocha_products/14600.webp,500
ガラルヒヒダルマVMAX 【HR】{113/100}[s4],D,113/100,HR,¥500,¥300,¥200,¥100,¥20,,¥500,https://files.cardrush.media/pokemon/ocha_products/14601.webp,500
カプ・コケコVMAX 【HR】{083/070}[S5I],E,083/070,HR,¥500,¥300,¥200,¥100,¥20,,¥500,https://files.cardrush.media/pokemon/ocha_products/18233.webp,500
パルスワンVMAX 【HR】{117/100}[S8],E,117/100,HR,¥500,¥300,¥200,¥100,¥20,,¥500,https://files.cardrush.media/pokemon/ocha_products/22202.webp,500
パッチラゴンVMAX 【HR】{087/070}[S5a],E,087/070,HR,¥500,¥300,¥200,¥100,¥20,,¥500,https://files.cardrush.media/pokemon/ocha_products/19004.webp,500
メルメタルVMAX 【HR】{085/071}[S10b],F,085/071,HR,¥500,¥300,¥200,¥100,¥20,,¥500,https://files.cardrush.media/pokemon/ocha_products/35816.webp,500
ダイオウドウVMAX 【HR】{110/096}[S2],D,110/096,HR,¥500,¥300,¥200,¥100,¥20,,¥500,https://files.cardrush.media/pokemon/ocha_products/7556.webp,500
ヒスイヌメルゴンVSTAR 【HR】{091/071}[S10a],F,091/071,HR,¥500,¥300,¥200,¥100,¥20,,¥500,https://files.cardrush.media/pokemon/ocha_products/35370.webp,500
ヨクバリスVMAX 【HR】{120/100}[S8],E,120/100,HR,¥500,¥300,¥200,¥100,¥20,,¥500,https://files.cardrush.media/pokemon/ocha_products/22205.webp,500
キバナ 【HR】{084/067}[S7D],E,084/067,HR,¥500,¥300,¥200,¥100,¥20,,¥500,https://files.cardrush.media/pokemon/ocha_products/21461.webp,500
スクールガール 【HR】{085/067}[S7D],E,085/067,HR,¥500,¥300,¥200,¥100,¥20,,¥500,https://files.cardrush.media/pokemon/ocha_products/21462.webp,500
モミ 【HR】{088/070}[S5R],E,088/070,HR,¥500,¥300,¥200,¥100,¥20,,¥500,https://files.cardrush.media/pokemon/ocha_products/18270.webp,500
あとだしハンマー 【UR】{109/095}[sm8],B,109/095,UR,¥500,¥300,¥200,¥100,¥20,,¥500,https://files.cardrush.media/pokemon/ocha_products/1906.webp,500
タッグスイッチ 【UR】{067/054}[sm10a],C,067/054,UR,¥500,¥300,¥200,¥100,¥20,,¥500,https://files.cardrush.media/pokemon/ocha_products/4009.webp,500
ふっかつそう 【UR】{084/066}[sm6b],B,084/066,UR,¥500,¥300,¥200,¥100,¥20,,¥500,https://files.cardrush.media/pokemon/ocha_products/1248.webp,500
大地の器 【UR】{093/064}[SV6a],G,093/064,UR,¥500,¥300,¥200,¥100,¥20,,¥500,https://files.cardrush.media/pokemon/ocha_products/57382.webp,500
ビッグパラソル 【UR】{086/070}[S2a],D,086/070,UR,¥500,¥300,¥200,¥100,¥20,,¥500,https://files.cardrush.media/pokemon/ocha_products/13187.webp,500
メタルコアバリア 【UR】{068/054}[SM9b],C,068/054,UR,¥500,¥300,¥200,¥100,¥20,,¥500,https://files.cardrush.media/pokemon/ocha_products/3130.webp,500
メタルゴーグル 【UR】{065/052}[sm8a],B,065/052,UR,¥500,¥300,¥200,¥100,¥20,,¥500,https://files.cardrush.media/pokemon/ocha_products/2017.webp,500
エーテルパラダイス保護区 【UR】{070/055}[SM9a],A,070/055,UR,¥500,¥300,¥200,¥100,¥20,,¥500,https://files.cardrush.media/pokemon/ocha_products/2937.webp,500
テンガン山 【UR】{069/054}[SM9b],B,069/054,UR,¥500,¥300,¥200,¥100,¥20,,¥500,https://files.cardrush.media/pokemon/ocha_products/3131.webp,500
トレーニングコート 【UR】{127/100}[S8],D,127/100,UR,¥500,¥300,¥200,¥100,¥20,,¥500,https://files.cardrush.media/pokemon/ocha_products/22212.webp,500
戒めの祠 【UR】{115/095}[sm10],B,115/095,UR,¥500,¥300,¥200,¥100,¥20,,¥500,https://files.cardrush.media/pokemon/ocha_products/3410.webp,500
格闘道場 【UR】{079/064}[sm11a],C,079/064,UR,¥500,¥300,¥200,¥100,¥20,,¥500,https://files.cardrush.media/pokemon/ocha_products/5043.webp,500
巨大なカマド 【UR】{117/095}[sm12],C,117/095,UR,¥500,¥300,¥200,¥100,¥20,,¥500,https://files.cardrush.media/pokemon/ocha_products/5498.webp,500
結晶の洞窟 【UR】{089/067}[S7D],E,089/067,UR,¥500,¥300,¥200,¥100,¥20,,¥500,https://files.cardrush.media/pokemon/ocha_products/21466.webp,500
崩れたスタジアム 【UR】{127/100}[S11],F,127/100,UR,¥500,¥300,¥200,¥100,¥20,,¥500,https://files.cardrush.media/pokemon/ocha_products/36394.webp,500
無人発電所 【UR】{075/049}[sm11b],C,075/049,UR,¥500,¥300,¥200,¥100,¥20,,¥500,https://files.cardrush.media/pokemon/ocha_products/5209.webp,500
ともだちてちょう 【P】{006/XY-P}[その他],D,006/XY-P,P,¥500,¥300,¥200,¥100,¥20,,¥500,https://files.cardrush.media/pokemon/ocha_products/960.webp,500
アーゴヨン＆アクジキングGX 【RR】{066/095}[sm12],C,066/095,RR,¥500,¥300,¥200,¥100,¥20,,¥500,https://files.cardrush.media/pokemon/ocha_products/5447.webp,500
リーフィアVMAX ノーマル仕様【-】{018/414}[SI],E,018/414,-,¥500,¥300,¥200,¥100,¥20,,¥500,https://files.cardrush.media/pokemon/ocha_products/23213.webp,500
モクロー 【-】{001/004}[その他],A,001/004,-,¥500,¥300,¥200,¥100,¥20,,¥500,https://files.cardrush.media/pokemon/ocha_products/4242.webp,500
ダダリンVMAX RRR仕様【-】{001/004}[SP2],D,001/004,-,¥500,¥300,¥200,¥100,¥20,,¥500,https://files.cardrush.media/pokemon/ocha_products/14746.webp,500
リザードンV RR仕様【-】{001/030}[SO],F,001/030,-,¥500,¥300,¥200,¥100,¥20,,¥500,https://files.cardrush.media/pokemon/ocha_products/37824.webp,500
リザードンV 【RR】{013/172}[S12a],F,013/172,RR,¥500,¥300,¥200,¥100,¥20,,¥500,https://files.cardrush.media/pokemon/ocha_products/38097.webp,500
リザードン 【R】{012/100}[s4],D,012/100,R,¥500,¥300,¥200,¥100,¥20,,¥500,https://files.cardrush.media/pokemon/ocha_products/14466.webp,500
リザードン 【R】{010/071}[S10b],F,010/071,R,¥500,¥300,¥200,¥100,¥20,,¥500,https://files.cardrush.media/pokemon/ocha_products/35736.webp,500
レシラムGX 【RR】{008/053}[sm6a],B,008/053,RR,¥500,¥300,¥200,¥100,¥20,,¥500,https://files.cardrush.media/pokemon/ocha_products/1652.webp,500
レシラムGX 【RR】{018/150}[sm8b],B,018/150,RR,¥500,¥300,¥200,¥100,¥20,,¥500,https://files.cardrush.media/pokemon/ocha_products/2492.webp,500
ニャビー 【-】{002/004}[SM0],A,002/004,-,¥500,¥300,¥200,¥100,¥20,,¥500,https://files.cardrush.media/pokemon/ocha_products/81289.webp,500
ゲッコウガV RR仕様/ピカチュウマーク【-】{014/053}[SH],E,014/053,-,¥500,¥300,¥200,¥100,¥20,,¥500,https://files.cardrush.media/pokemon/ocha_products/21429.webp,500
ヤドラン 【R】{012/054}[SM9b],C,012/054,R,¥500,¥300,¥200,¥100,¥20,,¥500,https://files.cardrush.media/pokemon/ocha_products/3074.webp,500
ラプラスGX 【RR】{016/060}[sm1S],A,016/060,RR,¥500,¥300,¥200,¥100,¥20,,¥500,https://files.cardrush.media/pokemon/ocha_products/1562.webp,500
アシマリ 【-】{003/004}[SM0],A,003/004,-,¥500,¥300,¥200,¥100,¥20,,¥500,https://files.cardrush.media/pokemon/ocha_products/81288.webp,500
ピカチュウVMAX 【RRR】{046/184}[S8b],D,046/184,RRR,¥500,¥300,¥200,¥100,¥20,,¥500,https://files.cardrush.media/pokemon/ocha_products/22687.webp,500
ゲンガー 【R】{027/070}[S6K],E,027/070,R,¥500,¥300,¥200,¥100,¥20,,¥500,https://files.cardrush.media/pokemon/ocha_products/20106.webp,500
ルナアーラGX 【RR】{028/060}[sm1M],A,028/060,RR,¥500,¥300,¥200,¥100,¥20,,¥500,https://files.cardrush.media/pokemon/ocha_products/1637.webp,500
ルナアーラGX RR仕様【-】{005/021}[smE],B,005/021,-,¥500,¥300,¥200,¥100,¥20,,¥500,https://files.cardrush.media/pokemon/ocha_products/1635.webp,500
サダイジャVMAX 【HR】{086/070}[S6H],E,086/070,HR,¥500,¥300,¥200,¥100,¥20,,¥500,https://files.cardrush.media/pokemon/ocha_products/20206.webp,500
アブソル 【P】{302/S-P}[その他],F,302/S-P,P,¥500,¥300,¥200,¥100,¥20,,¥500,https://files.cardrush.media/pokemon/ocha_products/36873.webp,500
カイリューex RR仕様【-】{090/139}[SVD],G,090/139,-,¥500,¥300,¥200,¥100,¥20,,¥500,https://files.cardrush.media/pokemon/ocha_products/44985.webp,500
カイリューVSTAR 【RRR】{050/071}[S10b],F,050/071,RRR,¥500,¥300,¥200,¥100,¥20,,¥500,https://files.cardrush.media/pokemon/ocha_products/35776.webp,500
ボーマンダGX 【RR】{045/066}[sm6b],B,045/066,RR,¥500,¥300,¥200,¥100,¥20,,¥500,https://files.cardrush.media/pokemon/ocha_products/1312.webp,500
ルギアV 【RR】{079/098}[S12],F,079/098,RR,¥500,¥300,¥200,¥100,¥20,,¥500,https://files.cardrush.media/pokemon/ocha_products/37571.webp,500
ラッキー ライチュウマーク【-】{035/051}[SML],C,035/051,-,¥500,¥300,¥200,¥100,¥20,,¥500,https://files.cardrush.media/pokemon/ocha_products/3555.webp,500
スーパーエネルギー回収 【U】{047/051}[その他],G,047/051,U,¥500,¥300,¥200,¥100,¥20,,¥500,https://files.cardrush.media/pokemon/ocha_products/3728.webp,500
すごいつりざお 【U】{060/066}[BW2],G,060/066,U,¥500,¥300,¥200,¥100,¥20,,¥500,https://files.cardrush.media/pokemon/ocha_products/1819.webp,500
すごいつりざお 【-】{005/010}[SNP紫],G,005/010,-,¥500,¥300,¥200,¥100,¥20,,¥500,https://files.cardrush.media/pokemon/ocha_products/754.webp,500
すごいつりざお 【-】{054/072}[その他],G,054/072,-,¥500,¥300,¥200,¥100,¥20,,¥500,https://files.cardrush.media/pokemon/ocha_products/755.webp,500
すごいつりざお 【-】{014/041}[XY],G,014/041,-,¥500,¥300,¥200,¥100,¥20,,¥500,https://files.cardrush.media/pokemon/ocha_products/753.webp,500
ポケモン通信 【P】{330/SM-P}[その他],C,330/SM-P,P,¥500,¥300,¥200,¥100,¥20,,¥500,https://files.cardrush.media/pokemon/ocha_products/4443.webp,500
グズマ＆ハラ 【U】{087/095}[sm12],C,087/095,U,¥500,¥300,¥200,¥100,¥20,,¥500,https://files.cardrush.media/pokemon/ocha_products/5468.webp,500
ムサシとコジロウ 【R】{048/054}[sm10b],C,048/054,R,¥500,¥300,¥200,¥100,¥20,,¥500,https://files.cardrush.media/pokemon/ocha_products/4369.webp,500
ゲッコウガ 【U】{012/024}[smP2],C,012/024,U,¥500,¥300,¥200,¥100,¥20,,¥500,https://files.cardrush.media/pokemon/ocha_products/4388.webp,500
アオキ 【SR】{081/062}[SV3a],G,081/062,SR,¥450,¥300,¥200,¥100,¥10,,¥500,https://files.cardrush.media/pokemon/ocha_products/47870.webp,450
アクロマの執念 【SR】{083/064}[SV6a],H,083/064,SR,¥450,¥300,¥200,¥100,¥10,,¥500,https://files.cardrush.media/pokemon/ocha_products/57372.webp,450
ビワ 【SR】{197/187}[SV8a],H,197/187,SR,¥450,¥300,¥200,¥100,¥10,,¥500,https://files.cardrush.media/pokemon/ocha_products/61998.webp,450
MCの盛り上げ 【SR】{082/063}[SV9a],I,082/063,SR,¥450,¥300,¥200,¥100,¥10,,¥500,https://files.cardrush.media/pokemon/ocha_products/64581.webp,450
アローラペルシアンGX 【SR】{071/064}[sm11a],C,071/064,SR,¥450,¥300,¥200,¥100,¥10,,¥500,https://files.cardrush.media/pokemon/ocha_products/5035.webp,450
テツノイバラex 【SR】{081/066}[SV5a],H,081/066,SR,¥450,¥300,¥200,¥100,¥10,,¥500,https://files.cardrush.media/pokemon/ocha_products/54801.webp,450
Nのゾロアークex 【SR】{117/100}[SV9],I,117/100,SR,¥450,¥300,¥200,¥100,¥10,,¥500,https://files.cardrush.media/pokemon/ocha_products/63626.webp,450
ゼクロムex 【SR】{161/086}[SV11B],I,161/086,SR,¥450,¥300,¥200,¥100,¥10,,¥500,https://files.cardrush.media/pokemon/ocha_products/67330.webp,450
メガフシギバナex 【SR】{076/063}[M1L],I,076/063,SR,¥450,¥300,¥200,¥100,¥10,,¥500,https://files.cardrush.media/pokemon/ocha_products/70035.webp,450
メガガルーラex 【SR】{080/063}[M1S],I,080/063,SR,¥450,¥300,¥200,¥100,¥10,,¥500,https://files.cardrush.media/pokemon/ocha_products/70068.webp,450
ウミディグダ 【AR】{081/078}[SV1S],G,081/078,AR,¥450,¥300,¥200,¥100,¥10,,¥500,https://files.cardrush.media/pokemon/ocha_products/39502.webp,450
ヘイラッシャ 【AR】{082/078}[SV1S],G,082/078,AR,¥450,¥300,¥200,¥100,¥10,,¥500,https://files.cardrush.media/pokemon/ocha_products/39503.webp,450
ゴーリキー 未開封【AR】{177/165}[SV2a],G,177/165,AR,¥450,¥300,¥200,¥100,¥10,,¥500,https://files.cardrush.media/pokemon/ocha_products/80082.webp,450
バチュル 【AR】{067/062}[SV3a],G,067/062,AR,¥450,¥300,¥200,¥100,¥10,,¥500,https://files.cardrush.media/pokemon/ocha_products/47856.webp,450
ウミトリオ 【AR】{338/190}[SV4a],G,338/190,AR,¥450,¥300,¥200,¥100,¥10,,¥500,https://files.cardrush.media/pokemon/ocha_products/51067.webp,450
バニリッチ 【AR】{070/066}[SV4M],G,070/066,AR,¥450,¥300,¥200,¥100,¥10,,¥500,https://files.cardrush.media/pokemon/ocha_products/49662.webp,450
アーボック 【AR】{079/071}[SV5K],H,079/071,AR,¥450,¥300,¥200,¥100,¥10,,¥500,https://files.cardrush.media/pokemon/ocha_products/53280.webp,450
ユキハミ 【AR】{073/071}[SV5K],H,073/071,AR,¥450,¥300,¥200,¥100,¥10,,¥500,https://files.cardrush.media/pokemon/ocha_products/53274.webp,450
クレセリア 【AR】{071/064}[SV6a],H,071/064,AR,¥450,¥300,¥200,¥100,¥10,,¥500,https://files.cardrush.media/pokemon/ocha_products/57360.webp,450
マホミル 【AR】{110/102}[SV7],H,110/102,AR,¥450,¥300,¥200,¥100,¥10,,¥500,https://files.cardrush.media/pokemon/ocha_products/58220.webp,450
シェイミ 【AR】{066/063}[SV9a],I,066/063,AR,¥450,¥300,¥200,¥100,¥10,,¥500,https://files.cardrush.media/pokemon/ocha_products/64565.webp,450
ヒヒダルマ 【AR】{099/086}[SV11B],I,099/086,AR,¥450,¥300,¥200,¥100,¥10,,¥500,https://files.cardrush.media/pokemon/ocha_products/67268.webp,450
フリージオ 【AR】{115/086}[SV11B],I,115/086,AR,¥450,¥300,¥200,¥100,¥10,,¥500,https://files.cardrush.media/pokemon/ocha_products/67284.webp,450
ボルトロス 【AR】{120/086}[SV11B],I,120/086,AR,¥450,¥300,¥200,¥100,¥10,,¥500,https://files.cardrush.media/pokemon/ocha_products/67289.webp,450
ヤナッキー 【AR】{090/086}[SV11B],I,090/086,AR,¥450,¥300,¥200,¥100,¥10,,¥500,https://files.cardrush.media/pokemon/ocha_products/67259.webp,450
ガントル 【AR】{126/086}[SV11W],I,126/086,AR,¥450,¥300,¥200,¥100,¥20,,¥450,https://files.cardrush.media/pokemon/ocha_products/67535.webp,450
ジヘッド 【AR】{143/086}[SV11W],I,143/086,AR,¥450,¥300,¥200,¥100,¥10,,¥500,https://files.cardrush.media/pokemon/ocha_products/67552.webp,450
ダゲキ 【AR】{128/086}[SV11W],I,128/086,AR,¥450,¥300,¥200,¥100,¥10,,¥500,https://files.cardrush.media/pokemon/ocha_products/67537.webp,450
バオップ 【AR】{099/086}[SV11W],I,099/086,AR,¥450,¥300,¥200,¥100,¥10,,¥500,https://files.cardrush.media/pokemon/ocha_products/67508.webp,450
ミネズミ 【AR】{151/086}[SV11W],I,151/086,AR,¥450,¥300,¥200,¥100,¥10,,¥500,https://files.cardrush.media/pokemon/ocha_products/67560.webp,450
デデンネ 【CHR】{200/184}[S8b],E,200/184,CHR,¥450,¥300,¥200,¥100,¥10,,¥500,https://files.cardrush.media/pokemon/ocha_products/22979.webp,450
イオルブV 【CSR】{214/184}[S8b],D,214/184,CSR,¥450,¥300,¥200,¥100,¥10,,¥500,https://files.cardrush.media/pokemon/ocha_products/22993.webp,450
いちげきウーラオスV 【CSR】{238/184}[S8b],E,238/184,CSR,¥450,¥300,¥200,¥100,¥10,,¥500,https://files.cardrush.media/pokemon/ocha_products/23014.webp,450
れんげきウーラオスV 【CSR】{240/184}[S8b],E,240/184,CSR,¥450,¥300,¥200,¥100,¥10,,¥500,https://files.cardrush.media/pokemon/ocha_products/23016.webp,450
メガルカリオex 【MA】{228/193}[M2a],I,228/193,MA,¥450,¥300,¥200,¥100,¥10,,¥500,https://files.cardrush.media/pokemon/ocha_products/73725.webp,450
せいなるはい 【U】{073/080}[XY2],EX,073/080,U,¥450,¥200,¥90,¥40,¥10,,¥500,https://files.cardrush.media/pokemon/ocha_products/56519.webp,450
ナンジャモのカイデン 【P】{232/SV-P}[その他],,232/SV-P,P,¥450,¥200,¥90,¥40,¥10,,¥500,https://files.cardrush.media/pokemon/ocha_products/63562.webp,450
ボルケニオン 【P】{249/XY-P}[XY],PROMO,249/XY-P,P,¥450,¥200,¥90,¥40,¥10,,¥500,https://files.cardrush.media/pokemon/ocha_products/72414.webp,450
ブラックキュレム 【P】{239/XY-P}[XY],PROMO,239/XY-P,P,¥450,¥200,¥90,¥40,¥10,,¥500,https://files.cardrush.media/pokemon/ocha_products/72409.webp,450
ランターン 【P】{111/XY-P}[XY],PROMO,111/XY-P,P,¥450,¥200,¥90,¥40,¥10,,¥500,https://files.cardrush.media/pokemon/ocha_products/72354.webp,450
エリキテル 【P】{016/XY-P}[XY],PROMO,016/XY-P,P,¥450,¥200,¥90,¥40,¥10,,¥500,https://files.cardrush.media/pokemon/ocha_products/72300.webp,450
ヌメラ 【P】{026/XY-P}[XY],PROMO,026/XY-P,P,¥450,¥200,¥90,¥40,¥10,,¥500,https://files.cardrush.media/pokemon/ocha_products/72309.webp,450
ギギギアル 【P】{045/BW-P}[BW-P],PROMO,045/BW-P,P,¥450,¥200,¥90,¥40,¥10,,¥500,https://files.cardrush.media/pokemon/ocha_products/71189.webp,450
ゴルーグ 【P】{046/BW-P}[BW-P],PROMO,046/BW-P,P,¥450,¥200,¥90,¥40,¥10,,¥500,https://files.cardrush.media/pokemon/ocha_products/71191.webp,450
チュリネ 【P】{061/BW-P}[BW-P],PROMO,061/BW-P,P,¥450,¥200,¥90,¥40,¥10,,¥500,https://files.cardrush.media/pokemon/ocha_products/71212.webp,450
コアルヒー 【P】{063/BW-P}[BW-P],PROMO,063/BW-P,P,¥450,¥200,¥90,¥40,¥10,,¥500,https://files.cardrush.media/pokemon/ocha_products/71216.webp,450
ドリュウズ 【P】{065/BW-P}[BW-P],PROMO,065/BW-P,P,¥450,¥200,¥90,¥40,¥10,,¥500,https://files.cardrush.media/pokemon/ocha_products/71220.webp,450
バルチャイ 【P】{068/BW-P}[BW-P],PROMO,068/BW-P,P,¥450,¥200,¥90,¥40,¥10,,¥500,https://files.cardrush.media/pokemon/ocha_products/71226.webp,450
ココドラ 【P】{136/BW-P}[BW-P],PROMO,136/BW-P,P,¥450,¥200,¥90,¥40,¥10,,¥500,https://files.cardrush.media/pokemon/ocha_products/71272.webp,450
メロエッタ 【P】{161/BW-P}[BW-P],PROMO,161/BW-P,P,¥450,¥200,¥90,¥40,¥10,,¥500,https://files.cardrush.media/pokemon/ocha_products/71284.webp,450
ケルディオ 【P】{162/BW-P}[BW-P],PROMO,162/BW-P,P,¥450,¥200,¥90,¥40,¥10,,¥500,https://files.cardrush.media/pokemon/ocha_products/71285.webp,450
タツベイ 【P】{193/BW-P}[BW-P],PROMO,193/BW-P,P,¥450,¥200,¥90,¥40,¥10,,¥500,https://files.cardrush.media/pokemon/ocha_products/71305.webp,450
コモルー 【P】{194/BW-P}[BW-P],PROMO,194/BW-P,P,¥450,¥200,¥90,¥40,¥10,,¥500,https://files.cardrush.media/pokemon/ocha_products/71306.webp,450
退化スプレー 【P】{196/BW-P}[BW-P],PROMO,196/BW-P,P,¥450,¥200,¥90,¥40,¥10,,¥500,https://files.cardrush.media/pokemon/ocha_products/71308.webp,450
カイリキー 【P】{212/BW-P}[BW-P],PROMO,212/BW-P,P,¥450,¥200,¥90,¥40,¥10,,¥500,https://files.cardrush.media/pokemon/ocha_products/71325.webp,450
ラフレシア 【-】{003/171}[XY],EX,003/171,-,¥450,¥200,¥90,¥40,¥10,,¥500,https://files.cardrush.media/pokemon/ocha_products/6212.webp,450
ワタッコ 【U】{003/050}[BW5],EX,003/050,U,¥450,¥200,¥90,¥40,¥10,,¥500,https://files.cardrush.media/pokemon/ocha_products/69732.webp,450
スリーパー 【U】{034/080}[XY9],EX,034/080,U,¥450,¥200,¥90,¥40,¥10,,¥500,https://files.cardrush.media/pokemon/ocha_products/55400.webp,450
スリーパー 【U】{034/096}[XY3],EX,034/096,U,¥450,¥200,¥90,¥40,¥10,,¥500,https://files.cardrush.media/pokemon/ocha_products/55399.webp,450
ソーナンス 【C】{035/088}[XY4],EX,035/088,C,¥450,¥200,¥90,¥40,¥10,,¥500,https://files.cardrush.media/pokemon/ocha_products/6378.webp,450
ソーナンス 【-】{047/171}[XY],EX,047/171,-,¥450,¥200,¥90,¥40,¥10,,¥500,https://files.cardrush.media/pokemon/ocha_products/790.webp,450
ソーナンス 【-】{012/049}[MMB],EX,012/049,-,¥450,¥200,¥90,¥40,¥10,,¥500,https://files.cardrush.media/pokemon/ocha_products/33513.webp,450
ダストダス 【R】{028/050}[BW5],EX,028/050,R,¥450,¥200,¥90,¥40,¥10,,¥500,https://files.cardrush.media/pokemon/ocha_products/6240.webp,450
ダストダス 【-】{054/093}[その他],EX,054/093,-,¥450,¥200,¥90,¥40,¥10,,¥500,https://files.cardrush.media/pokemon/ocha_products/6241.webp,450
ゴチルゼル 【U】{039/096}[XY3],EX,039/096,U,¥450,¥200,¥90,¥40,¥10,,¥500,https://files.cardrush.media/pokemon/ocha_products/55958.webp,450
マーシャドー 【U】{030/064}[sm11a],C,030/064,U,¥450,¥250,¥200,¥90,¥20,,¥500,https://files.cardrush.media/pokemon/ocha_products/4994.webp,450
ミカルゲ 【-】{071/093 }[EBB],,071/093,-,¥450,¥200,¥90,¥40,¥10,,¥500,https://files.cardrush.media/pokemon/ocha_products/65601.webp,450
かるいし 【P】{347/S-P}[その他],EX,347/S-P,P,¥450,¥200,¥90,¥40,¥10,,¥500,https://files.cardrush.media/pokemon/ocha_products/39048.webp,450
かるいし 【P】{138/SV-P}[その他],EX,138/SV-P,P,¥450,¥200,¥90,¥40,¥10,,¥500,https://files.cardrush.media/pokemon/ocha_products/52530.webp,450
かるいし 【P】{227/SV-P}[その他],EX,227/SV-P,P,¥450,¥200,¥90,¥40,¥10,,¥500,https://files.cardrush.media/pokemon/ocha_products/63229.webp,450
トレーナーズポスト 【P】{344/S-P}[その他],EX,344/S-P,P,¥450,¥200,¥90,¥40,¥10,,¥500,https://files.cardrush.media/pokemon/ocha_products/39045.webp,450
トレーナーズポスト 【P】{135/SV-P}[その他],EX,135/SV-P,P,¥450,¥200,¥90,¥40,¥10,,¥500,https://files.cardrush.media/pokemon/ocha_products/52527.webp,450
トレーナーズポスト 【P】{223/SV-P}[その他],EX,223/SV-P,P,¥450,¥200,¥90,¥40,¥10,,¥500,https://files.cardrush.media/pokemon/ocha_products/63225.webp,450
トレーナーズポスト 【P】{058/M-P}[その他],EX,058/M-P,P,¥450,¥200,¥90,¥40,¥10,,¥500,https://files.cardrush.media/pokemon/ocha_products/78375.webp,450
プルメリ 【P】{063/M-P}[その他],EX,063/M-P,P,¥450,¥200,¥90,¥40,¥10,,¥500,https://files.cardrush.media/pokemon/ocha_products/78380.webp,450
ソーナンス 【C】{011/027}[CP2],EX,011/027,C,¥450,¥200,¥90,¥40,¥10,,¥500,https://files.cardrush.media/pokemon/ocha_products/18516.webp,450
ニャース 【C】{022/027}[CP2],EX,022/027,C,¥450,¥200,¥90,¥40,¥10,,¥500,https://files.cardrush.media/pokemon/ocha_products/18527.webp,450
キノココ 【C】{002/032}[CP3],EX,002/032,C,¥450,¥200,¥90,¥40,¥10,,¥500,https://files.cardrush.media/pokemon/ocha_products/18534.webp,450
ジガルデ 【-】{021/036}[CP5],EX,021/036,-,¥450,¥200,¥90,¥40,¥10,,¥500,https://files.cardrush.media/pokemon/ocha_products/18493.webp,450
ゲノセクト 【-】{028/036}[CP5],EX,028/036,-,¥450,¥200,¥90,¥40,¥10,,¥500,https://files.cardrush.media/pokemon/ocha_products/18499.webp,450
マギアナ 【-】{030/036}[CP5],EX,030/036,-,¥450,¥200,¥90,¥40,¥10,,¥500,https://files.cardrush.media/pokemon/ocha_products/18501.webp,450
ネンドール 【R】{DPBP#397}[その他],HOF,DPBP#397,R,¥450,¥200,¥90,¥40,¥10,,¥500,https://files.cardrush.media/pokemon/ocha_products/3715.webp,450
ヤミラミ 【U】{062/092}[その他],HOF,062/092,U,¥450,¥200,¥90,¥40,¥10,,¥500,https://files.cardrush.media/pokemon/ocha_products/3700.webp,450
ふしぎなアメ 【◆】{050/053}[AD2],-,050/053,◆,¥450,¥200,¥90,¥40,¥10,,¥500,https://files.cardrush.media/pokemon/ocha_products/66178.webp,450
アクア団のアジト 【-】{032/033}[AD-da],-,032/033,-,¥450,¥200,¥90,¥40,¥10,,¥500,https://files.cardrush.media/pokemon/ocha_products/66205.webp,450
砂漠の遺跡 【◆】{080/083}[AD4],-,080/083,◆,¥450,¥200,¥90,¥40,¥10,,¥500,https://files.cardrush.media/pokemon/ocha_products/66203.webp,450
わるいサナギラス 【-】{009/020}[その他],-,009/020,-,¥450,¥200,¥90,¥40,¥10,,¥500,https://files.cardrush.media/pokemon/ocha_products/84673.webp,450
ピジョン 【-】{032/052}[その他],-,032/052,-,¥450,¥200,¥90,¥40,¥10,,¥500,https://files.cardrush.media/pokemon/ocha_products/84682.webp,450
ムチュール 【★】{031/106}[その他],-,031/106,★,¥450,¥200,¥90,¥40,¥10,,¥500,https://files.cardrush.media/pokemon/ocha_products/84683.webp,450
ジュカイン 【-】{006/019}[その他],-,006/019,-,¥450,¥200,¥90,¥40,¥10,,¥500,https://files.cardrush.media/pokemon/ocha_products/84693.webp,450
イーブイ 【●】{054/080}[その他],-,054/080,●,¥450,¥200,¥90,¥40,¥10,,¥500,https://files.cardrush.media/pokemon/ocha_products/84708.webp,450
キモリ 【-】{001/015}[その他],-,001/015,-,¥450,¥200,¥90,¥40,¥10,,¥500,https://files.cardrush.media/pokemon/ocha_products/84716.webp,450
ゴースト 【U】{046/087}[CP6],XY,046/087,U,¥450,¥200,¥90,¥40,¥10,,¥500,https://files.cardrush.media/pokemon/ocha_products/19743.webp,450
カメックスソウルリンク 【U】{080/087}[CP6],XY,080/087,U,¥450,¥200,¥90,¥40,¥10,,¥500,https://files.cardrush.media/pokemon/ocha_products/19768.webp,450
レジェンドボックス 【U】{073/080}[その他],HOF,073/080,U,¥450,¥200,¥90,¥40,¥10,,¥500,https://files.cardrush.media/pokemon/ocha_products/3729.webp,450
ピカチュウV 25th【RR】{020/028}[その他],PIKA,020/028,RR,¥450,¥200,¥90,¥40,¥10,,¥500,https://files.cardrush.media/pokemon/ocha_products/22365.webp,450
ピカチュウ 25th【-】{001/028}[その他],PIKA,001/028,-,¥450,¥200,¥90,¥40,¥10,,¥500,https://files.cardrush.media/pokemon/ocha_products/22346.webp,450
ピカチュウ 【C】{014/055}[SM9a],PIKA,014/055,C,¥450,¥200,¥90,¥40,¥10,,¥500,https://files.cardrush.media/pokemon/ocha_products/2881.webp,450
ピカチュウ 【P】{120/SV-P}[その他],,120/SV-P,P,¥450,¥200,¥90,¥40,¥10,,¥500,https://files.cardrush.media/pokemon/ocha_products/47100.webp,450
イーブイ 【P】{163/S-P}[その他],状態減額大,163/S-P,P,¥450,¥200,¥90,¥40,¥10,,¥500,https://files.cardrush.media/pokemon/ocha_products/19698.webp,450
リーフィア 【P】{382/SM-P}[その他],状態減額大,382/SM-P,P,¥450,¥200,¥90,¥40,¥10,,¥500,https://files.cardrush.media/pokemon/ocha_products/5532.webp,450
グレイシア 【P】{385/SM-P}[その他],状態減額大,385/SM-P,P,¥450,¥200,¥90,¥40,¥10,,¥500,https://files.cardrush.media/pokemon/ocha_products/5535.webp,450
イーブイ 【P】{310/SM-P}[その他],状態減額大,310/SM-P,P,¥450,¥200,¥90,¥40,¥10,,¥500,https://files.cardrush.media/pokemon/ocha_products/3631.webp,450
アーボδ-デルタ種 【-】{007/068}[その他],EX,007/068,-,¥450,¥200,¥90,¥40,¥10,,¥500,https://files.cardrush.media/pokemon/ocha_products/56530.webp,450
ニドラン♂δ-デルタ種 【-】{053/068}[その他],EX,053/068,-,¥450,¥200,¥90,¥40,¥10,,¥500,https://files.cardrush.media/pokemon/ocha_products/56537.webp,450
ナゾノクサδ-デルタ種 【-】{012/052}[その他],EX,012/052,-,¥450,¥200,¥90,¥40,¥10,,¥500,https://files.cardrush.media/pokemon/ocha_products/56544.webp,450
クサイハナδ-デルタ種 【-】{025/052}[その他],EX,025/052,-,¥450,¥200,¥90,¥40,¥10,,¥500,https://files.cardrush.media/pokemon/ocha_products/56545.webp,450
マンキーδ-デルタ種 【-】{004/052}[その他],EX,004/052,-,¥450,¥200,¥90,¥40,¥10,,¥500,https://files.cardrush.media/pokemon/ocha_products/56552.webp,450
パウワウδ-デルタ種 【-】{047/068}[その他],EX,047/068,-,¥450,¥200,¥90,¥40,¥10,,¥500,https://files.cardrush.media/pokemon/ocha_products/56554.webp,450
ナッシーδ-デルタ種 【-】{030/052}[その他],EX,030/052,-,¥450,¥200,¥90,¥40,¥10,,¥500,https://files.cardrush.media/pokemon/ocha_products/56560.webp,450
エレブーδ-デルタ種 【-】{007/024}[その他],EX,007/024,-,¥450,¥200,¥90,¥40,¥10,,¥500,https://files.cardrush.media/pokemon/ocha_products/56572.webp,450
ベイリーフδ-デルタ種 【-】{044/068}[その他],EX,044/068,-,¥450,¥200,¥90,¥40,¥10,,¥500,https://files.cardrush.media/pokemon/ocha_products/56598.webp,450
ワニノコδ-デルタ種 【-】{024/068}[その他],EX,024/068,-,¥450,¥200,¥90,¥40,¥10,,¥500,https://files.cardrush.media/pokemon/ocha_products/56603.webp,450
レディバδ-デルタ種 【-】{061/068}[その他],EX,061/068,-,¥450,¥200,¥90,¥40,¥10,,¥500,https://files.cardrush.media/pokemon/ocha_products/56606.webp,450
キレイハナδ-デルタ種 【-】{013/052}[その他],EX,013/052,-,¥450,¥200,¥90,¥40,¥10,,¥500,https://files.cardrush.media/pokemon/ocha_products/56617.webp,450
グライガーδ-デルタ種 【-】{001/024}[その他],EX,001/024,-,¥450,¥200,¥90,¥40,¥10,,¥500,https://files.cardrush.media/pokemon/ocha_products/56623.webp,450
マンタインδ-デルタ種 【★】{027/068}[その他],EX,027/068,★,¥450,¥200,¥90,¥40,¥10,,¥500,https://files.cardrush.media/pokemon/ocha_products/56625.webp,450
ムチュールδ-デルタ種 【-】{002/024}[その他],EX,002/024,-,¥450,¥200,¥90,¥40,¥10,,¥500,https://files.cardrush.media/pokemon/ocha_products/56629.webp,450
エレキッドδ-デルタ種 【-】{008/024}[その他],EX,008/024,-,¥450,¥200,¥90,¥40,¥10,,¥500,https://files.cardrush.media/pokemon/ocha_products/56630.webp,450
サナギラスδ-デルタ種 【-】{014/086}[その他],EX,014/086,-,¥450,¥200,¥90,¥40,¥10,,¥500,https://files.cardrush.media/pokemon/ocha_products/56633.webp,450
オオスバメδ-デルタ種 【-】{011/068}[その他],EX,011/068,-,¥450,¥200,¥90,¥40,¥10,,¥500,https://files.cardrush.media/pokemon/ocha_products/56644.webp,450
ペリッパーδ-デルタ種 【★】{029/075}[その他],EX,029/075,★,¥450,¥200,¥90,¥40,¥10,,¥500,https://files.cardrush.media/pokemon/ocha_products/56645.webp,450
キバニアδ-デルタ種 【-】{031/052}[その他],EX,031/052,-,¥450,¥200,¥90,¥40,¥10,,¥500,https://files.cardrush.media/pokemon/ocha_products/56652.webp,450
サメハダーδ-デルタ種 【-】{032/052}[その他],EX,032/052,-,¥450,¥200,¥90,¥40,¥10,,¥500,https://files.cardrush.media/pokemon/ocha_products/56653.webp,450
ナックラーδ-デルタ種 【-】{035/068}[その他],EX,035/068,-,¥450,¥200,¥90,¥40,¥10,,¥500,https://files.cardrush.media/pokemon/ocha_products/56655.webp,450
ナックラーδ-デルタ種 【-】{009/024}[その他],EX,009/024,-,¥450,¥200,¥90,¥40,¥10,,¥500,https://files.cardrush.media/pokemon/ocha_products/56656.webp,450
ビブラーバδ-デルタ種 【★】{036/068}[その他],EX,036/068,★,¥450,¥200,¥90,¥40,¥10,,¥500,https://files.cardrush.media/pokemon/ocha_products/56658.webp,450
ビブラーバδ-デルタ種 【-】{010/024}[その他],EX,010/024,-,¥450,¥200,¥90,¥40,¥10,,¥500,https://files.cardrush.media/pokemon/ocha_products/56659.webp,450
ヒンバスδ-デルタ種 【-】{012/068}[その他],EX,012/068,-,¥450,¥200,¥90,¥40,¥10,,¥500,https://files.cardrush.media/pokemon/ocha_products/56671.webp,450
コモルーδ-デルタ種 【-】{017/086}[その他],EX,017/086,-,¥450,¥200,¥90,¥40,¥10,,¥500,https://files.cardrush.media/pokemon/ocha_products/56680.webp,450
コモルーδ-デルタ種 【-】{021/068}[その他],EX,021/068,-,¥450,¥200,¥90,¥40,¥10,,¥500,https://files.cardrush.media/pokemon/ocha_products/56681.webp,450
ブリガロンBREAK 【RR】{006/059}[その他],,006/059,RR,¥450,¥200,¥90,¥40,¥10,,¥500,https://files.cardrush.media/pokemon/ocha_products/63261.webp,450
ブリガロンBREAK 【-】{015/131}[CP4],,015/131,-,¥450,¥200,¥90,¥40,¥10,,¥500,https://files.cardrush.media/pokemon/ocha_products/63111.webp,450
フシギソウ Classicキラ【-】{002/032}[CLF],-,002/032,-,¥450,¥200,¥90,¥40,¥10,,¥500,https://files.cardrush.media/pokemon/ocha_products/48980.webp,450
ストライク Classicキラ【-】{006/032}[CLF],-,006/032,-,¥450,¥200,¥90,¥40,¥10,,¥500,https://files.cardrush.media/pokemon/ocha_products/48984.webp,450
ラッキー Classicキラ【-】{015/032}[CLF],-,015/032,-,¥450,¥200,¥90,¥40,¥10,,¥500,https://files.cardrush.media/pokemon/ocha_products/48993.webp,450
ヘラクロスEX 【RR】{004/096}[XY3],,004/096,RR,¥450,¥200,¥90,¥40,¥10,,¥500,https://files.cardrush.media/pokemon/ocha_products/80608.webp,450
ジバコイルEX 【RR】{030/080}[XY2],,030/080,RR,¥450,¥200,¥90,¥40,¥10,,¥500,https://files.cardrush.media/pokemon/ocha_products/80624.webp,450
ボルトロスEX 【RR】{022/078}[XY6],,022/078,RR,¥450,¥200,¥90,¥40,¥10,,¥500,https://files.cardrush.media/pokemon/ocha_products/80627.webp,450
ドクロックEX 【RR】{036/080}[XY2],,036/080,RR,¥450,¥200,¥90,¥40,¥10,,¥500,https://files.cardrush.media/pokemon/ocha_products/80631.webp,450
カイリキーEX 【RR】{037/081}[XY7],,037/081,RR,¥450,¥200,¥90,¥40,¥10,,¥500,https://files.cardrush.media/pokemon/ocha_products/80632.webp,450
テラキオンEX 【R】{032/050}[BW5],,032/050,R,¥450,¥200,¥90,¥40,¥10,,¥500,https://files.cardrush.media/pokemon/ocha_products/80633.webp,450
ドリュウズEX 【RR】{066/093}[EBB],,066/093,RR,¥450,¥200,¥90,¥40,¥10,,¥500,https://files.cardrush.media/pokemon/ocha_products/80634.webp,450
コバルオンEX 【R】{049/070}[BW7],,049/070,R,¥450,¥200,¥90,¥40,¥10,,¥500,https://files.cardrush.media/pokemon/ocha_products/80639.webp,450
レジスチルEX 【R】{034/050}[BW5],,034/050,R,¥450,¥200,¥90,¥40,¥10,,¥500,https://files.cardrush.media/pokemon/ocha_products/80645.webp,450
トルネロスEX 【R】{062/069}[BW4],,062/069,R,¥450,¥200,¥90,¥40,¥10,,¥500,https://files.cardrush.media/pokemon/ocha_products/80661.webp,450
トルネロスEX 【R】{046/051}[BW8],,046/051,R,¥450,¥200,¥90,¥40,¥10,,¥500,https://files.cardrush.media/pokemon/ocha_products/80662.webp,450
レジギガスEX 【R】{045/052}[BW3],,045/052,R,¥450,¥200,¥90,¥40,¥10,,¥500,https://files.cardrush.media/pokemon/ocha_products/80666.webp,450
ビクティニEX R仕様【-】{016/093}[EBB],EX,016/093,-,¥450,¥200,¥90,¥40,¥10,,¥500,https://files.cardrush.media/pokemon/ocha_products/20817.webp,450
ヘルガーEX 【RR】{009/059}[その他],EX,009/059,RR,¥450,¥200,¥90,¥40,¥10,,¥500,https://files.cardrush.media/pokemon/ocha_products/4060.webp,450
ミュウツーEX 【-】{014/046}[その他],状態減額大,014/046,-,¥450,¥200,¥90,¥40,¥10,,¥500,https://files.cardrush.media/pokemon/ocha_products/3854.webp,450
ハッサムEX 【RR】{057/080}[XY9],EX,057/080,RR,¥450,¥200,¥90,¥40,¥10,,¥500,https://files.cardrush.media/pokemon/ocha_products/1071.webp,450
フラージェスEX 【RR】{060/088}[その他],EX,060/088,RR,¥450,¥200,¥90,¥40,¥10,,¥500,https://files.cardrush.media/pokemon/ocha_products/3931.webp,450
サザンドラEX 【RR】{050/078}[その他],EX,050/078,RR,¥450,¥200,¥90,¥40,¥10,,¥500,https://files.cardrush.media/pokemon/ocha_products/3903.webp,450
カキツバタ 【SR】{083/064}[SV7a],H,083/064,SR,¥450,¥250,¥200,¥90,¥20,,¥450,https://files.cardrush.media/pokemon/ocha_products/59571.webp,450
パルデアウパー 【S】{287/190}[SV4a],G,287/190,S,¥450,¥250,¥200,¥90,¥20,,¥450,https://files.cardrush.media/pokemon/ocha_products/51016.webp,450
ナリヤ・オーキド 【P】{244/SM-P}[その他],B,244/SM-P,P,¥450,¥250,¥200,¥90,¥20,,¥450,https://files.cardrush.media/pokemon/ocha_products/973.webp,450
デンリュウGX 【RR】{006/052}[sm8a],B,006/052,RR,¥450,¥250,¥200,¥90,¥20,,¥450,https://files.cardrush.media/pokemon/ocha_products/1960.webp,450
ミュウツー 【R】{036/095}[sm10],C,036/095,R,¥450,¥250,¥200,¥90,¥20,,¥450,https://files.cardrush.media/pokemon/ocha_products/3331.webp,450
やまおとこ 【SR】{156/150}[sm8b],A,156/150,SR,¥400,¥250,¥200,¥100,¥20,,¥400,https://files.cardrush.media/pokemon/ocha_products/2436.webp,400
ネズ 【SR】{109/100}[s3],D,109/100,SR,¥400,¥250,¥200,¥100,¥20,,¥400,https://files.cardrush.media/pokemon/ocha_products/13923.webp,400
ピオニー 【SR】{082/070}[S6H],E,082/070,SR,¥400,¥250,¥200,¥100,¥20,,¥400,https://files.cardrush.media/pokemon/ocha_products/20202.webp,400
キクコ 【SR】{081/070}[S6K],E,081/070,SR,¥400,¥250,¥200,¥100,¥20,,¥400,https://files.cardrush.media/pokemon/ocha_products/20178.webp,400
キバナ 【SR】{259/184}[S8b],E,259/184,SR,¥400,¥250,¥200,¥100,¥20,,¥400,https://files.cardrush.media/pokemon/ocha_products/23035.webp,400
メロン 【SR】{274/184}[S8b],E,274/184,SR,¥400,¥250,¥200,¥100,¥20,,¥400,https://files.cardrush.media/pokemon/ocha_products/23050.webp,400
チェレンの気くばり 【SR】{115/100}[S9],F,115/100,SR,¥400,¥250,¥200,¥100,¥20,,¥400,https://files.cardrush.media/pokemon/ocha_products/24427.webp,400
ハマナのバックアップ 【SR】{116/100}[S9],F,116/100,SR,¥400,¥250,¥200,¥100,¥20,,¥400,https://files.cardrush.media/pokemon/ocha_products/24428.webp,400
ウォロ 【SR】{245/172}[S12a],F,245/172,SR,¥400,¥250,¥200,¥100,¥20,,¥400,https://files.cardrush.media/pokemon/ocha_products/38425.webp,400
博士の研究/ナナカマド博士 【SR】{248/172}[S12a],G,248/172,SR,¥400,¥250,¥200,¥100,¥20,,¥400,https://files.cardrush.media/pokemon/ocha_products/38428.webp,400
キハダ 【SR】{092/073}[SV1a],G,092/073,SR,¥400,¥250,¥200,¥100,¥20,,¥400,https://files.cardrush.media/pokemon/ocha_products/40594.webp,400
ハヤト 【SR】{094/073}[SV1a],G,094/073,SR,¥400,¥250,¥200,¥100,¥20,,¥400,https://files.cardrush.media/pokemon/ocha_products/40596.webp,400
博士の研究/フトゥー博士 【SR】{098/078}[SV1V],G,098/078,SR,¥400,¥250,¥200,¥100,¥20,,¥400,https://files.cardrush.media/pokemon/ocha_products/39549.webp,400
ナナミの手助け 【SR】{198/165}[SV2a],G,198/165,SR,¥400,¥250,¥200,¥100,¥20,,¥400,https://files.cardrush.media/pokemon/ocha_products/43857.webp,400
マサキの転送 【SR】{199/165}[SV2a],G,199/165,SR,¥400,¥250,¥200,¥100,¥20,,¥400,https://files.cardrush.media/pokemon/ocha_products/43858.webp,400
シキミ 【SR】{082/062}[SV3a],G,082/062,SR,¥400,¥250,¥200,¥100,¥20,,¥400,https://files.cardrush.media/pokemon/ocha_products/47871.webp,400
ネルケ 【SR】{344/190}[SV4a],G,344/190,SR,¥400,¥250,¥200,¥100,¥20,,¥400,https://files.cardrush.media/pokemon/ocha_products/51073.webp,400
メロコ 【SR】{087/066}[SV4K],G,087/066,SR,¥400,¥250,¥200,¥100,¥20,,¥400,https://files.cardrush.media/pokemon/ocha_products/49650.webp,400
ヒョウタ 【SR】{085/066}[SV4M],G,085/066,SR,¥400,¥250,¥200,¥100,¥20,,¥400,https://files.cardrush.media/pokemon/ocha_products/49677.webp,400
リップ 【SR】{087/066}[SV4M],G,087/066,SR,¥400,¥250,¥200,¥100,¥20,,¥400,https://files.cardrush.media/pokemon/ocha_products/49679.webp,400
ドラセナ 【SR】{085/064}[SV7a],H,085/064,SR,¥400,¥250,¥200,¥100,¥20,,¥400,https://files.cardrush.media/pokemon/ocha_products/59573.webp,400
シトロンの機転 【SR】{128/106}[SV8],H,128/106,SR,¥400,¥250,¥200,¥100,¥20,,¥400,https://files.cardrush.media/pokemon/ocha_products/60253.webp,400
オルティガ 【SR】{189/187}[SV8a],G,189/187,SR,¥400,¥250,¥200,¥100,¥20,,¥400,https://files.cardrush.media/pokemon/ocha_products/61990.webp,400
ロケット団のアポロ 【SR】{120/098}[SV10],I,120/098,SR,¥400,¥250,¥200,¥100,¥20,,¥400,https://files.cardrush.media/pokemon/ocha_products/65280.webp,400
ツンデツンデGX 【SR】{099/096}[sm7],B,099/096,SR,¥400,¥250,¥200,¥100,¥20,,¥400,https://files.cardrush.media/pokemon/ocha_products/915.webp,400
モルフォンGX 【SR】{056/055}[SM9a],C,056/055,SR,¥400,¥250,¥200,¥100,¥20,,¥400,https://files.cardrush.media/pokemon/ocha_products/2923.webp,400
ドンカラスGX 【SR】{102/095}[sm10],C,102/095,SR,¥400,¥250,¥200,¥100,¥20,,¥400,https://files.cardrush.media/pokemon/ocha_products/3397.webp,400
ウッウV 【SR】{066/060}[s1W],D,066/060,SR,¥400,¥250,¥200,¥100,¥20,,¥400,https://files.cardrush.media/pokemon/ocha_products/7022.webp,400
クロバットV 【SR】{105/100}[s3],D,105/100,SR,¥400,¥250,¥200,¥100,¥20,,¥400,https://files.cardrush.media/pokemon/ocha_products/13919.webp,400
ドサイドンV 【SR】{104/100}[s3],D,104/100,SR,¥400,¥250,¥200,¥100,¥20,,¥400,https://files.cardrush.media/pokemon/ocha_products/13918.webp,400
ギルガルドV 【SR】{108/100}[s4],D,108/100,SR,¥400,¥250,¥200,¥100,¥20,,¥400,https://files.cardrush.media/pokemon/ocha_products/14596.webp,400
アーマーガアV 【SR】{078/070}[S5R],E,078/070,SR,¥400,¥250,¥200,¥100,¥20,,¥400,https://files.cardrush.media/pokemon/ocha_products/18262.webp,400
レパルダスV 【SR】{077/070}[S6H],E,077/070,SR,¥400,¥250,¥200,¥100,¥20,,¥400,https://files.cardrush.media/pokemon/ocha_products/20197.webp,400
ウルガモスV 【SR】{069/067}[S7R],E,069/067,SR,¥400,¥250,¥200,¥100,¥20,,¥400,https://files.cardrush.media/pokemon/ocha_products/21469.webp,400
ドンカラスV 【SR】{108/100}[S9],F,108/100,SR,¥400,¥250,¥200,¥100,¥20,,¥400,https://files.cardrush.media/pokemon/ocha_products/24420.webp,400
ビリジオンV 【SR】{074/067}[S9a],F,074/067,SR,¥400,¥250,¥200,¥100,¥20,,¥400,https://files.cardrush.media/pokemon/ocha_products/33698.webp,400
サーナイトex 【SR】{092/078}[SV1S],G,092/078,SR,¥400,¥250,¥200,¥100,¥20,,¥400,https://files.cardrush.media/pokemon/ocha_products/39513.webp,400
ドクロッグex 【SR】{095/078}[SV1S],G,095/078,SR,¥400,¥250,¥200,¥100,¥20,,¥400,https://files.cardrush.media/pokemon/ocha_products/39516.webp,400
アーボックex 【SR】{187/165}[SV2a],G,187/165,SR,¥400,¥250,¥200,¥100,¥20,,¥400,https://files.cardrush.media/pokemon/ocha_products/43846.webp,400
フーディンex 【SR】{190/165}[SV2a],G,190/165,SR,¥400,¥250,¥200,¥100,¥20,,¥400,https://files.cardrush.media/pokemon/ocha_products/43849.webp,400
プクリンex 【SR】{189/165}[SV2a],G,189/165,SR,¥400,¥250,¥200,¥100,¥20,,¥400,https://files.cardrush.media/pokemon/ocha_products/43848.webp,400
アマージョex 【SR】{080/066}[SV4K],G,080/066,SR,¥400,¥250,¥200,¥100,¥20,,¥400,https://files.cardrush.media/pokemon/ocha_products/49643.webp,400
テラパゴスex 【SR】{122/102}[SV7],H,122/102,SR,¥400,¥250,¥200,¥100,¥20,,¥400,https://files.cardrush.media/pokemon/ocha_products/58232.webp,400
スコヴィランex 【SR】{120/106}[SV8],H,120/106,SR,¥400,¥250,¥200,¥100,¥20,,¥400,https://files.cardrush.media/pokemon/ocha_products/60245.webp,400
ロケット団のペルシアンex 【SR】{118/098}[SV10],I,118/098,SR,¥400,¥250,¥200,¥100,¥20,,¥400,https://files.cardrush.media/pokemon/ocha_products/65278.webp,400
ゲノセクトex 【SR】{164/086}[SV11B],I,164/086,SR,¥400,¥250,¥200,¥100,¥20,,¥400,https://files.cardrush.media/pokemon/ocha_products/67333.webp,400
ドリュウズex 【SR】{163/086}[SV11B],I,163/086,SR,¥400,¥250,¥200,¥100,¥20,,¥400,https://files.cardrush.media/pokemon/ocha_products/67332.webp,400
メガライボルトex 【SR】{077/063}[M1S],I,077/063,SR,¥400,¥250,¥200,¥100,¥20,,¥400,https://files.cardrush.media/pokemon/ocha_products/70065.webp,400
エネルギーつけかえ 【SR】{103/081}[M5],J,103/081,SR,¥400,¥250,¥200,¥100,¥20,,¥400,https://files.cardrush.media/pokemon/ocha_products/81484.webp,400
モルペコex 【SR】{100/081}[M5],J,100/081,SR,¥400,¥250,¥200,¥100,¥20,,¥400,https://files.cardrush.media/pokemon/ocha_products/81481.webp,400
ケルディオ 【AR】{179/172}[S12a],F,179/172,AR,¥400,¥250,¥200,¥100,¥20,,¥400,https://files.cardrush.media/pokemon/ocha_products/38359.webp,400
バリヤード 【AR】{179/165}[SV2a],G,179/165,AR,¥400,¥250,¥200,¥100,¥20,,¥400,https://files.cardrush.media/pokemon/ocha_products/43838.webp,400
セゴール 【AR】{076/071}[SV2P],G,076/071,AR,¥400,¥250,¥200,¥100,¥20,,¥400,https://files.cardrush.media/pokemon/ocha_products/41810.webp,400
ポッポ 【AR】{118/108}[SV3],G,118/108,AR,¥400,¥250,¥200,¥100,¥20,,¥400,https://files.cardrush.media/pokemon/ocha_products/45909.webp,400
パモ 【AR】{340/190}[SV4a],G,340/190,AR,¥400,¥250,¥200,¥100,¥20,,¥400,https://files.cardrush.media/pokemon/ocha_products/51069.webp,400
ハヤシガメ 【AR】{072/071}[SV5K],H,072/071,AR,¥400,¥250,¥200,¥100,¥20,,¥400,https://files.cardrush.media/pokemon/ocha_products/53273.webp,400
Nのゾロア 【AR】{108/100}[SV9],I,108/100,AR,¥400,¥250,¥200,¥100,¥20,,¥400,https://files.cardrush.media/pokemon/ocha_products/63617.webp,400
オーベム 【AR】{127/086}[SV11B],I,127/086,AR,¥400,¥250,¥200,¥100,¥20,,¥400,https://files.cardrush.media/pokemon/ocha_products/67296.webp,400
コマタナ 【AR】{147/086}[SV11B],I,147/086,AR,¥400,¥250,¥200,¥100,¥20,,¥400,https://files.cardrush.media/pokemon/ocha_products/67316.webp,400
ゴルーグ 【AR】{129/086}[SV11B],I,129/086,AR,¥400,¥250,¥200,¥100,¥20,,¥400,https://files.cardrush.media/pokemon/ocha_products/67298.webp,400
ドテッコツ 【AR】{132/086}[SV11B],I,132/086,AR,¥400,¥250,¥200,¥100,¥20,,¥400,https://files.cardrush.media/pokemon/ocha_products/67301.webp,400
バルジーナ 【AR】{145/086}[SV11B],I,145/086,AR,¥400,¥250,¥200,¥100,¥20,,¥400,https://files.cardrush.media/pokemon/ocha_products/67314.webp,400
バルチャイ 【AR】{144/086}[SV11B],I,144/086,AR,¥400,¥250,¥200,¥100,¥20,,¥400,https://files.cardrush.media/pokemon/ocha_products/67313.webp,400
ヒヤッキー 【AR】{106/086}[SV11B],I,106/086,AR,¥400,¥250,¥200,¥100,¥20,,¥400,https://files.cardrush.media/pokemon/ocha_products/67275.webp,400
ママンボウ 【AR】{112/086}[SV11B],I,112/086,AR,¥400,¥250,¥200,¥100,¥20,,¥400,https://files.cardrush.media/pokemon/ocha_products/67281.webp,400
マラカッチ 【AR】{093/086}[SV11B],I,093/086,AR,¥400,¥250,¥200,¥100,¥20,,¥400,https://files.cardrush.media/pokemon/ocha_products/67262.webp,400
ランクルス 【AR】{125/086}[SV11B],I,125/086,AR,¥400,¥250,¥200,¥100,¥20,,¥400,https://files.cardrush.media/pokemon/ocha_products/67294.webp,400
ランドロス 【AR】{137/086}[SV11B],I,137/086,AR,¥400,¥250,¥200,¥100,¥20,,¥400,https://files.cardrush.media/pokemon/ocha_products/67306.webp,400
アイアント 【AR】{149/086}[SV11W],I,149/086,AR,¥400,¥250,¥200,¥100,¥20,,¥400,https://files.cardrush.media/pokemon/ocha_products/67558.webp,400
ウォーグル 【AR】{157/086}[SV11W],I,157/086,AR,¥400,¥250,¥200,¥100,¥20,,¥400,https://files.cardrush.media/pokemon/ocha_products/67566.webp,400
ギアル 【AR】{146/086}[SV11W],I,146/086,AR,¥400,¥250,¥200,¥100,¥20,,¥400,https://files.cardrush.media/pokemon/ocha_products/67555.webp,400
クイタラン 【AR】{101/086}[SV11W],I,101/086,AR,¥400,¥250,¥200,¥100,¥20,,¥400,https://files.cardrush.media/pokemon/ocha_products/67510.webp,400
コジョンド 【AR】{132/086}[SV11W],I,132/086,AR,¥400,¥250,¥200,¥100,¥20,,¥400,https://files.cardrush.media/pokemon/ocha_products/67541.webp,400
コロモリ 【AR】{116/086}[SV11W],I,116/086,AR,¥400,¥250,¥200,¥100,¥20,,¥400,https://files.cardrush.media/pokemon/ocha_products/67525.webp,400
ダストダス 【AR】{139/086}[SV11W],I,139/086,AR,¥400,¥250,¥200,¥100,¥20,,¥400,https://files.cardrush.media/pokemon/ocha_products/67548.webp,400
デスカーン 【AR】{120/086}[SV11W],I,120/086,AR,¥400,¥250,¥200,¥100,¥20,,¥400,https://files.cardrush.media/pokemon/ocha_products/67529.webp,400
テッシード 【AR】{144/086}[SV11W],I,144/086,AR,¥400,¥250,¥200,¥100,¥20,,¥400,https://files.cardrush.media/pokemon/ocha_products/67553.webp,400
テラキオン 【AR】{133/086}[SV11W],I,133/086,AR,¥400,¥250,¥200,¥100,¥20,,¥400,https://files.cardrush.media/pokemon/ocha_products/67542.webp,400
バスラオ 【AR】{105/086}[SV11W],I,105/086,AR,¥400,¥250,¥200,¥100,¥20,,¥400,https://files.cardrush.media/pokemon/ocha_products/67514.webp,400
マッギョ 【AR】{115/086}[SV11W],I,115/086,AR,¥400,¥250,¥200,¥100,¥20,,¥400,https://files.cardrush.media/pokemon/ocha_products/67524.webp,400
ミルホッグ 【AR】{152/086}[SV11W],I,152/086,AR,¥400,¥250,¥200,¥100,¥20,,¥400,https://files.cardrush.media/pokemon/ocha_products/67561.webp,400
イッカネズミ 30th【AR】{123/103}[M6a],J,123/103,AR,¥400,¥250,¥200,¥100,¥20,,¥400,https://files.cardrush.media/pokemon/ocha_products/85228.webp,400
ドリュウズ 【CHR】{059/049}[sm11b],C,059/049,CHR,¥400,¥250,¥200,¥100,¥20,,¥400,https://files.cardrush.media/pokemon/ocha_products/5193.webp,400
ヘルガー 【CHR】{206/184}[S8b],E,206/184,CHR,¥400,¥250,¥200,¥100,¥20,,¥400,https://files.cardrush.media/pokemon/ocha_products/22985.webp,400
ミロカロス 【CHR】{070/068}[S11a],F,070/068,CHR,¥400,¥250,¥200,¥100,¥20,,¥400,https://files.cardrush.media/pokemon/ocha_products/37009.webp,400
メガユキメノコex 【MA】{224/193}[M2a],I,224/193,MA,¥400,¥250,¥150,¥80,¥20,,¥400,https://files.cardrush.media/pokemon/ocha_products/73721.webp,400
メガサーナイトex 【MA】{226/193}[M2a],I,226/193,MA,¥400,¥250,¥150,¥80,¥20,,¥400,https://files.cardrush.media/pokemon/ocha_products/73723.webp,400
アオキの手際 【SR】{188/187}[SV8a],H,188/187,SR,¥400,¥250,¥150,¥80,¥20,,¥400,https://files.cardrush.media/pokemon/ocha_products/61989.webp,400
ディンルーex 【UR】{097/071}[SV2D],G,097/071,UR,¥400,¥250,¥150,¥80,¥20,,¥400,https://files.cardrush.media/pokemon/ocha_products/41859.webp,400
サーナイトex 【SSR】{328/190}[SV4a],G,328/190,SSR,¥400,¥250,¥150,¥80,¥20,,¥400,https://files.cardrush.media/pokemon/ocha_products/51057.webp,400
ラプラスV 【SSR】{311/190}[s4a],D,311/190,SSR,¥400,¥250,¥150,¥80,¥20,,¥400,https://files.cardrush.media/pokemon/ocha_products/17460.webp,400
クロバットVMAX 【SSR】{320/190}[s4a],D,320/190,SSR,¥400,¥250,¥150,¥80,¥20,,¥400,https://files.cardrush.media/pokemon/ocha_products/17469.webp,400
ウッウV 【SSR】{326/190}[s4a],D,326/190,SSR,¥400,¥250,¥150,¥80,¥20,,¥400,https://files.cardrush.media/pokemon/ocha_products/17475.webp,400
グソクムシャGX 【SSR】{208/150}[sm8b],A,208/150,SSR,¥400,¥250,¥150,¥80,¥20,,¥400,https://files.cardrush.media/pokemon/ocha_products/2236.webp,400
ツンデツンデGX 【SSR】{236/150}[sm8b],B,236/150,SSR,¥400,¥250,¥150,¥80,¥20,,¥400,https://files.cardrush.media/pokemon/ocha_products/2315.webp,400
カミツルギGX 【SSR】{235/150}[sm8b],A,235/150,SSR,¥400,¥250,¥150,¥80,¥20,,¥400,https://files.cardrush.media/pokemon/ocha_products/2219.webp,400
マルヤクデV 【CSR】{218/184}[S8b],D,218/184,CSR,¥400,¥250,¥150,¥80,¥20,,¥400,https://files.cardrush.media/pokemon/ocha_products/22997.webp,400
ムゲンダイナV 【CSR】{246/184}[S8b],D,246/184,CSR,¥400,¥250,¥150,¥80,¥20,,¥400,https://files.cardrush.media/pokemon/ocha_products/23022.webp,400
メロエッタ AR仕様【-】{022/021}[MBD],I,022/021,-,¥400,¥250,¥150,¥80,¥20,,¥400,https://files.cardrush.media/pokemon/ocha_products/71091.webp,400
カスミ 30th/復刻版【-】{138/103}[M6a],J,138/103,-,¥400,¥250,¥150,¥80,¥20,,¥400,https://files.cardrush.media/pokemon/ocha_products/85113.webp,400
メタグロスδ-デルタ種 30th/復刻版【-】{146/103}[M6a],J,146/103,-,¥400,¥250,¥150,¥80,¥20,,¥400,https://files.cardrush.media/pokemon/ocha_products/85121.webp,400
オーガポンみどりのめんex 【SR】{114/101}[SV6],H,114/101,SR,¥400,¥250,¥150,¥80,¥20,,¥400,https://files.cardrush.media/pokemon/ocha_products/55711.webp,400
メガメガニウムex ノーマル仕様【-】{018/742}[MC],J,018/742,-,¥400,¥250,¥150,¥80,¥20,,¥400,https://files.cardrush.media/pokemon/ocha_products/74953.webp,400
ドダイトスex 【SR】{084/071}[SV5K],H,084/071,SR,¥400,¥250,¥150,¥80,¥20,,¥400,https://files.cardrush.media/pokemon/ocha_products/53285.webp,400
テツノイサハex 【SR】{084/071}[SV5M],H,084/071,SR,¥400,¥250,¥150,¥80,¥20,,¥400,https://files.cardrush.media/pokemon/ocha_products/53314.webp,400
メガスターミーex 【SR】{095/080}[M3],J,095/080,SR,¥400,¥250,¥150,¥80,¥20,,¥400,https://files.cardrush.media/pokemon/ocha_products/78722.webp,400
キングドラex 【SR】{077/064}[SV6a],H,077/064,SR,¥400,¥250,¥150,¥80,¥20,,¥400,https://files.cardrush.media/pokemon/ocha_products/57366.webp,400
メガゼラオラex 【SR】{096/081}[M5],J,096/081,SR,¥400,¥250,¥150,¥80,¥20,,¥400,https://files.cardrush.media/pokemon/ocha_products/81477.webp,400
メガシャンデラex 【SR】{097/081}[M5],J,097/081,SR,¥400,¥250,¥150,¥80,¥20,,¥400,https://files.cardrush.media/pokemon/ocha_products/81478.webp,400
ロケット団のニドキングex 【SR】{116/098}[SV10],I,116/098,SR,¥400,¥250,¥150,¥80,¥20,,¥400,https://files.cardrush.media/pokemon/ocha_products/65276.webp,400
メガゲンガーex RR仕様【-】{003/021}[MBG],I,003/021,-,¥400,¥250,¥150,¥80,¥20,,¥400,https://files.cardrush.media/pokemon/ocha_products/71094.webp,400
ゲンガーex 【RR】{047/071}[SV5K],H,047/071,RR,¥400,¥250,¥150,¥80,¥20,,¥400,https://files.cardrush.media/pokemon/ocha_products/52962.webp,400
ゲンガーex ノーマル仕様【-】{445/742}[MC],H,445/742,-,¥400,¥250,¥150,¥80,¥20,,¥400,https://files.cardrush.media/pokemon/ocha_products/75449.webp,400
サザンドラex 【SR】{124/106}[SV8],H,124/106,SR,¥400,¥250,¥150,¥80,¥20,,¥400,https://files.cardrush.media/pokemon/ocha_products/60249.webp,400
ホップのザシアンex 【SR】{118/100}[SV9],I,118/100,SR,¥400,¥250,¥150,¥80,¥20,,¥400,https://files.cardrush.media/pokemon/ocha_products/63627.webp,400
メガエアームドex 【SR】{099/080}[M3],J,099/080,SR,¥400,¥250,¥150,¥80,¥20,,¥400,https://files.cardrush.media/pokemon/ocha_products/78726.webp,400
ジラーチ 【-】{039/066}[SVI],H,039/066,-,¥400,¥250,¥150,¥80,¥20,,¥400,https://files.cardrush.media/pokemon/ocha_products/54284.webp,400
メガラティアスex 【SR】{079/063}[M1S],I,079/063,SR,¥400,¥250,¥150,¥80,¥20,,¥400,https://files.cardrush.media/pokemon/ocha_products/70067.webp,400
タケルライコex 【SR】{089/071}[SV5K],H,089/071,SR,¥400,¥250,¥150,¥80,¥20,,¥400,https://files.cardrush.media/pokemon/ocha_products/53290.webp,400
ガチグマアカツキex 【SR】{084/066}[SV5a],H,084/066,SR,¥400,¥250,¥150,¥80,¥20,,¥400,https://files.cardrush.media/pokemon/ocha_products/54804.webp,400
カビゴン 【-】{046/066}[SVI],H,046/066,-,¥400,¥250,¥150,¥80,¥20,,¥400,https://files.cardrush.media/pokemon/ocha_products/54289.webp,400
メガミミロップex 【SR】{100/080}[M2],I,100/080,SR,¥400,¥250,¥150,¥80,¥20,,¥400,https://files.cardrush.media/pokemon/ocha_products/71703.webp,400
MサーナイトEX 30th/復刻版【-】{156/103}[M6a],J,156/103,-,¥400,¥250,¥150,¥80,¥20,,¥400,https://files.cardrush.media/pokemon/ocha_products/85130.webp,400
ライコウ 30th/復刻版【-】{162/103}[M6a],J,162/103,-,¥400,¥250,¥150,¥80,¥20,,¥400,https://files.cardrush.media/pokemon/ocha_products/85136.webp,400
アルセウスVSTAR 30th/復刻版【-】{164/103}[M6a],J,164/103,-,¥400,¥250,¥150,¥80,¥20,,¥400,https://files.cardrush.media/pokemon/ocha_products/85138.webp,400
ビクティニ AR仕様/30th【-】{041/040}[MF],J,041/040,-,¥400,¥250,¥150,¥80,¥20,,¥400,https://files.cardrush.media/pokemon/ocha_products/85200.webp,400
ゼラオラ AR仕様/30th【-】{042/040}[MF],J,042/040,-,¥400,¥250,¥150,¥80,¥20,,¥400,https://files.cardrush.media/pokemon/ocha_products/85201.webp,400
ブラッキーex RR仕様/30th【-】{017/040}[MF],J,017/040,-,¥400,¥250,¥150,¥80,¥20,,¥400,https://files.cardrush.media/pokemon/ocha_products/85176.webp,400
ハイパーボール 【P】{277/S-P}[その他],I,277/S-P,P,¥400,¥250,¥150,¥80,¥20,,¥400,https://files.cardrush.media/pokemon/ocha_products/24597.webp,400
ポケモンいれかえ 【U】{077/087}[CP6],I,077/087,U,¥400,¥250,¥150,¥80,¥20,,¥400,https://files.cardrush.media/pokemon/ocha_products/1334.webp,400
カウンターゲイン 【UR】{093/064}[SV7a],H,093/064,UR,¥400,¥250,¥150,¥80,¥20,,¥400,https://files.cardrush.media/pokemon/ocha_products/59581.webp,400
アンズの秘技 【SR】{084/064}[SV6a],H,084/064,SR,¥400,¥250,¥150,¥80,¥20,,¥400,https://files.cardrush.media/pokemon/ocha_products/57373.webp,400
サーファー 【SR】{084/064}[SV7a],H,084/064,SR,¥400,¥250,¥150,¥80,¥20,,¥400,https://files.cardrush.media/pokemon/ocha_products/59572.webp,400
スグリ 【SR】{122/101}[SV6],H,122/101,SR,¥400,¥250,¥150,¥80,¥20,,¥400,https://files.cardrush.media/pokemon/ocha_products/55719.webp,400
タケシのスカウト 【SR】{123/100}[SV9],I,123/100,SR,¥400,¥250,¥150,¥80,¥20,,¥400,https://files.cardrush.media/pokemon/ocha_products/63632.webp,400
ブライア 【SR】{126/102}[SV7],H,126/102,SR,¥400,¥250,¥150,¥80,¥20,,¥400,https://files.cardrush.media/pokemon/ocha_products/58236.webp,400
ボスの指令/カラスバ 【P】{084/M-P}[PROMO],I,084/M-P,P,¥400,¥250,¥150,¥80,¥20,,¥400,https://files.cardrush.media/pokemon/ocha_products/79128.webp,400
ミカンのまなざし 【SR】{129/106}[SV8],H,129/106,SR,¥400,¥250,¥150,¥80,¥20,,¥400,https://files.cardrush.media/pokemon/ocha_products/60254.webp,400
ユカリ 【SR】{108/080}[M3],J,108/080,SR,¥400,¥250,¥150,¥80,¥20,,¥400,https://files.cardrush.media/pokemon/ocha_products/78735.webp,400
探検家の先導 【SR】{090/071}[SV5K],H,090/071,SR,¥400,¥250,¥150,¥80,¥20,,¥400,https://files.cardrush.media/pokemon/ocha_products/53291.webp,400
スパイクタウンジム 【-】{019/019}[SVOM],I,019/019,-,¥400,¥250,¥150,¥80,¥20,,¥400,https://files.cardrush.media/pokemon/ocha_products/64072.webp,400
ニャオハ 【S】{201/190}[SV4a],G,201/190,S,¥400,¥250,¥150,¥80,¥20,,¥400,https://files.cardrush.media/pokemon/ocha_products/50930.webp,400
リザード 【S】{211/190}[SV4a],G,211/190,S,¥400,¥250,¥150,¥80,¥20,,¥400,https://files.cardrush.media/pokemon/ocha_products/50940.webp,400
ホゲータ 【S】{215/190}[SV4a],G,215/190,S,¥400,¥250,¥150,¥80,¥20,,¥400,https://files.cardrush.media/pokemon/ocha_products/50944.webp,400
スターミー 【S】{222/190}[SV4a],G,222/190,S,¥400,¥250,¥150,¥80,¥20,,¥400,https://files.cardrush.media/pokemon/ocha_products/50951.webp,400
パチリス 【S】{243/190}[SV4a],G,243/190,S,¥400,¥250,¥150,¥80,¥20,,¥400,https://files.cardrush.media/pokemon/ocha_products/50972.webp,400
パピモッチ 【S】{266/190}[SV4a],G,266/190,S,¥400,¥250,¥150,¥80,¥20,,¥400,https://files.cardrush.media/pokemon/ocha_products/50995.webp,400
ハッサム 【S】{299/190}[SV4a],G,299/190,S,¥400,¥250,¥150,¥80,¥20,,¥400,https://files.cardrush.media/pokemon/ocha_products/51028.webp,400
ケロマツ 【S】{171/150}[sm8b],B,171/150,S,¥400,¥250,¥150,¥80,¥20,,¥400,https://files.cardrush.media/pokemon/ocha_products/2250.webp,400
マーイーカ 【S】{177/150}[sm8b],B,177/150,S,¥400,¥250,¥150,¥80,¥20,,¥400,https://files.cardrush.media/pokemon/ocha_products/2401.webp,400
メタング 【S】{191/150}[sm8b],A,191/150,S,¥400,¥250,¥150,¥80,¥20,,¥400,https://files.cardrush.media/pokemon/ocha_products/2430.webp,400
メガヤドランex 【P】{071/M-P}[PROMO],J,071/M-P,P,¥400,¥250,¥150,¥80,¥20,,¥400,https://files.cardrush.media/pokemon/ocha_products/79059.webp,400
フシギダネ 【P】{059/SV-P}[その他],G,059/SV-P,P,¥400,¥250,¥150,¥80,¥20,,¥400,https://files.cardrush.media/pokemon/ocha_products/43157.webp,400
ゼニガメ 【P】{061/SV-P}[その他],G,061/SV-P,P,¥400,¥250,¥150,¥80,¥20,,¥400,https://files.cardrush.media/pokemon/ocha_products/43159.webp,400
メルタン 【P】{078/SV-P}[PROMO],G,078/SV-P,P,¥400,¥250,¥150,¥80,¥20,,¥400,https://files.cardrush.media/pokemon/ocha_products/46123.webp,400
コレクレー 【P】{099/SV-P}[PROMO],G,099/SV-P,P,¥400,¥250,¥150,¥80,¥20,,¥400,https://files.cardrush.media/pokemon/ocha_products/47267.webp,400
コダック 【P】{262/SV-P}[その他],I,262/SV-P,P,¥400,¥250,¥150,¥80,¥20,,¥400,https://files.cardrush.media/pokemon/ocha_products/65417.webp,400
ヒスイビリリダマ R仕様【P】{307/S-P}[PROMO],F,307/S-P,P,¥400,¥250,¥150,¥80,¥20,,¥400,https://files.cardrush.media/pokemon/ocha_products/37304.webp,400
ヒバニー 【P】{130/S-P}[その他],D,130/S-P,P,¥400,¥250,¥150,¥80,¥20,,¥400,https://files.cardrush.media/pokemon/ocha_products/14575.webp,400
ガラルジグザグマ 【P】{135/S-P}[その他],D,135/S-P,P,¥400,¥250,¥150,¥80,¥20,,¥400,https://files.cardrush.media/pokemon/ocha_products/14656.webp,400
ダンデ R仕様【P】{230/S-P}[その他],D,230/S-P,P,¥400,¥250,¥150,¥80,¥20,,¥400,https://files.cardrush.media/pokemon/ocha_products/21874.webp,400
げんきのハチマキ 【P】{055/S-P}[その他],D,055/S-P,P,¥400,¥250,¥150,¥80,¥20,,¥400,https://files.cardrush.media/pokemon/ocha_products/19886.webp,400
アローラナッシー 【P】{201/SM-P}[その他],B,201/SM-P,P,¥400,¥250,¥150,¥80,¥20,,¥400,https://files.cardrush.media/pokemon/ocha_products/1932.webp,400
ビクティニ 【P】{340/SM-P}[sm10b],C,340/SM-P,P,¥400,¥250,¥150,¥80,¥20,,¥400,https://files.cardrush.media/pokemon/ocha_products/4426.webp,400
バクガメス 【P】{022/SM-P}[その他],A,022/SM-P,P,¥400,¥250,¥150,¥80,¥20,,¥400,https://files.cardrush.media/pokemon/ocha_products/19900.webp,400
アシマリ 【P】{175/SM-P}[その他],A,175/SM-P,P,¥400,¥250,¥150,¥80,¥20,,¥400,https://files.cardrush.media/pokemon/ocha_products/19937.webp,400
クワガノン 【P】{007/SM-P}[その他],A,007/SM-P,P,¥400,¥250,¥150,¥80,¥20,,¥400,https://files.cardrush.media/pokemon/ocha_products/549.webp,400
イワンコ 【P】{021/SM-P}[その他],A,021/SM-P,P,¥400,¥250,¥150,¥80,¥20,,¥400,https://files.cardrush.media/pokemon/ocha_products/2087.webp,400
ナゲツケサル 【P】{057/SM-P}[その他],A,057/SM-P,P,¥400,¥250,¥150,¥80,¥20,,¥400,https://files.cardrush.media/pokemon/ocha_products/2828.webp,400
ウソッキー 【P】{319/SM-P}[その他],C,319/SM-P,P,¥400,¥250,¥150,¥80,¥20,,¥400,https://files.cardrush.media/pokemon/ocha_products/19957.webp,400
ゾロア 【P】{105/SM-P}[その他],A,105/SM-P,P,¥400,¥250,¥150,¥80,¥20,,¥400,https://files.cardrush.media/pokemon/ocha_products/803.webp,400
アローラニャース 【P】{255/SM-P}[その他],B,255/SM-P,P,¥400,¥250,¥150,¥80,¥20,,¥400,https://files.cardrush.media/pokemon/ocha_products/4949.webp,400
アローラキュウコン 【P】{389/SM-P}[その他],C,389/SM-P,P,¥400,¥250,¥150,¥80,¥20,,¥400,https://files.cardrush.media/pokemon/ocha_products/5536.webp,400
ププリン 【P】{358/SM-P}[その他],C,358/SM-P,P,¥400,¥250,¥150,¥80,¥20,,¥400,https://files.cardrush.media/pokemon/ocha_products/4821.webp,400
ポリゴンZ 【P】{070/SM-P}[その他],A,070/SM-P,P,¥400,¥250,¥150,¥80,¥20,,¥400,https://files.cardrush.media/pokemon/ocha_products/2839.webp,400
ネッコアラ 【P】{043/SM-P}[その他],A,043/SM-P,P,¥400,¥250,¥150,¥80,¥20,,¥400,https://files.cardrush.media/pokemon/ocha_products/19907.webp,400
ハウ 【P】{394/SM-P}[その他],A,394/SM-P,P,¥400,¥250,¥150,¥80,¥20,,¥400,https://files.cardrush.media/pokemon/ocha_products/6189.webp,400
ハウ 【P】{097/SM-P}[その他],A,097/SM-P,P,¥400,¥250,¥150,¥80,¥20,,¥400,https://files.cardrush.media/pokemon/ocha_products/1044.webp,400
ウルトラボール 【P】{164/SM-P}[その他],B,164/SM-P,P,¥400,¥250,¥150,¥80,¥20,,¥400,https://files.cardrush.media/pokemon/ocha_products/230.webp,400
アップリューVMAX 【HR】{082/070}[S5I],E,082/070,HR,¥400,¥250,¥150,¥80,¥20,,¥400,https://files.cardrush.media/pokemon/ocha_products/18231.webp,400
シャンデラVMAX エラ―版【HR】{116/100}[S8],E,116/100,HR,¥400,¥250,¥150,¥80,¥20,,¥400,https://files.cardrush.media/pokemon/ocha_products/22201.webp,400
キュレムV 【SR】{102/100}[S11],F,102/100,SR,¥400,¥250,¥150,¥80,¥20,,¥400,https://files.cardrush.media/pokemon/ocha_products/36369.webp,400
ジバコイルVSTAR 【HR】{090/071}[S10a],F,090/071,HR,¥400,¥250,¥150,¥80,¥20,,¥400,https://files.cardrush.media/pokemon/ocha_products/35369.webp,400
エルフーンVSTAR 【HR】{119/100}[S9],F,119/100,HR,¥400,¥250,¥150,¥80,¥20,,¥400,https://files.cardrush.media/pokemon/ocha_products/24431.webp,400
ヒスイウインディV 【SR】{104/098}[S12],F,104/098,SR,¥400,¥250,¥150,¥80,¥20,,¥400,https://files.cardrush.media/pokemon/ocha_products/37606.webp,400
ヒスイジュナイパーVSTAR 【HR】{086/067}[S9a],F,086/067,HR,¥400,¥250,¥150,¥80,¥20,,¥400,https://files.cardrush.media/pokemon/ocha_products/33710.webp,400
セキタンザンVMAX 【HR】{087/076}[s3a],D,087/076,HR,¥400,¥250,¥150,¥80,¥20,,¥400,https://files.cardrush.media/pokemon/ocha_products/14149.webp,400
れんげきウーラオスV 【SR】{076/070}[S5R],E,076/070,SR,¥400,¥250,¥150,¥80,¥20,,¥400,https://files.cardrush.media/pokemon/ocha_products/18258.webp,400
バサギリVSTAR 【HR】{082/067}[S10P],F,082/067,HR,¥400,¥250,¥150,¥80,¥20,,¥400,https://files.cardrush.media/pokemon/ocha_products/34771.webp,400
ザマゼンタV SR仕様【-】{417/414}[SI],F,417/414,-,¥400,¥250,¥150,¥80,¥20,,¥400,https://files.cardrush.media/pokemon/ocha_products/23758.webp,400
フライゴンV 【SR】{110/100}[S9],F,110/100,SR,¥400,¥250,¥150,¥80,¥20,,¥400,https://files.cardrush.media/pokemon/ocha_products/24422.webp,400
ピジョットV 【SR】{112/100}[S11],F,112/100,SR,¥400,¥250,¥150,¥80,¥20,,¥400,https://files.cardrush.media/pokemon/ocha_products/36379.webp,400
ヒスイゾロアークV 【SR】{083/071}[S10a],F,083/071,SR,¥400,¥250,¥150,¥80,¥20,,¥400,https://files.cardrush.media/pokemon/ocha_products/35362.webp,400
マスカーニャex 【SR】{086/073}[SV1a],G,086/073,SR,¥400,¥250,¥150,¥80,¥20,,¥400,https://files.cardrush.media/pokemon/ocha_products/40588.webp,400
バクガメスGX 【SR】{051/050}[sm2K],A,051/050,SR,¥400,¥250,¥150,¥80,¥20,,¥400,https://files.cardrush.media/pokemon/ocha_products/1060.webp,400
バンギラスex 【SR】{122/108}[SV3],G,122/108,SR,¥400,¥250,¥150,¥80,¥20,,¥400,https://files.cardrush.media/pokemon/ocha_products/45913.webp,400
ヤドキングex 【SR】{086/071}[SV2P],G,086/071,SR,¥400,¥250,¥150,¥80,¥20,,¥400,https://files.cardrush.media/pokemon/ocha_products/41820.webp,400
シンボラーGX 【SR】{052/050}[sm7b],B,052/050,SR,¥400,¥250,¥150,¥80,¥20,,¥400,https://files.cardrush.media/pokemon/ocha_products/1736.webp,400
フーパex 【SR】{078/062}[SV3a],G,078/062,SR,¥400,¥250,¥150,¥80,¥20,,¥400,https://files.cardrush.media/pokemon/ocha_products/47867.webp,400
コライドンex 【SR】{094/078}[SV1S],G,094/078,SR,¥400,¥250,¥150,¥80,¥20,,¥400,https://files.cardrush.media/pokemon/ocha_products/39515.webp,400
テッカグヤGX 【SR】{117/114}[sm4+],A,117/114,SR,¥400,¥250,¥150,¥80,¥20,,¥400,https://files.cardrush.media/pokemon/ocha_products/932.webp,400
テッカグヤGX 【SR】{060/054}[SM9b],C,060/054,SR,¥400,¥250,¥150,¥80,¥20,,¥400,https://files.cardrush.media/pokemon/ocha_products/3122.webp,400
アクロマの実験 【HR】{121/100}[S11],F,121/100,HR,¥400,¥250,¥150,¥80,¥20,,¥400,https://files.cardrush.media/pokemon/ocha_products/36388.webp,400
おとなのおねえさん 【HR】{089/076}[s3a],D,089/076,HR,¥400,¥250,¥150,¥80,¥20,,¥400,https://files.cardrush.media/pokemon/ocha_products/14150.webp,400
オリーヴ 【HR】{111/096}[S2],D,111/096,HR,¥400,¥250,¥150,¥80,¥20,,¥400,https://files.cardrush.media/pokemon/ocha_products/7557.webp,400
カブ 【HR】{082/070}[S2a],D,082/070,HR,¥400,¥250,¥150,¥80,¥20,,¥400,https://files.cardrush.media/pokemon/ocha_products/13183.webp,400
グルーシャ 【SR】{090/071}[SV2P],G,090/071,SR,¥400,¥250,¥150,¥80,¥20,,¥400,https://files.cardrush.media/pokemon/ocha_products/41824.webp,400
ススキ 【HR】{094/071}[S10a],F,094/071,HR,¥400,¥250,¥150,¥80,¥20,,¥400,https://files.cardrush.media/pokemon/ocha_products/35373.webp,400
ススキ 【SR】{085/071}[S10a],F,085/071,SR,¥400,¥250,¥150,¥80,¥20,,¥400,https://files.cardrush.media/pokemon/ocha_products/35364.webp,400
セイボリー 【HR】{091/070}[S5a],E,091/070,HR,¥400,¥250,¥150,¥80,¥20,,¥400,https://files.cardrush.media/pokemon/ocha_products/19008.webp,400
センリ 【SR】{086/066}[SV4K],G,086/066,SR,¥400,¥250,¥150,¥80,¥20,,¥400,https://files.cardrush.media/pokemon/ocha_products/49649.webp,400
ソッドとシルディ 【SR】{263/184}[S8b],D,263/184,SR,¥400,¥250,¥150,¥80,¥20,,¥400,https://files.cardrush.media/pokemon/ocha_products/23039.webp,400
ハマナのバックアップ 【HR】{124/100}[S9],F,124/100,HR,¥400,¥250,¥150,¥80,¥20,,¥400,https://files.cardrush.media/pokemon/ocha_products/24436.webp,400
フヨウ 【HR】{087/070}[S5I],E,087/070,HR,¥400,¥250,¥150,¥80,¥20,,¥400,https://files.cardrush.media/pokemon/ocha_products/18247.webp,400
ポケモンブリーダーの育成 【HR】{083/070}[S2a],D,083/070,HR,¥400,¥250,¥150,¥80,¥20,,¥400,https://files.cardrush.media/pokemon/ocha_products/13184.webp,400
ボタン 【SR】{100/078}[SV1S],G,100/078,SR,¥400,¥250,¥150,¥80,¥20,,¥400,https://files.cardrush.media/pokemon/ocha_products/39521.webp,400
マスタードいちげきのかた 【HR】{088/070}[S5I],E,088/070,HR,¥400,¥250,¥150,¥80,¥20,,¥400,https://files.cardrush.media/pokemon/ocha_products/18249.webp,400
メロコ 【SR】{198/187}[SV8a],G,198/187,SR,¥400,¥250,¥150,¥80,¥20,,¥400,https://files.cardrush.media/pokemon/ocha_products/61999.webp,400
ヤロー 【HR】{083/070}[s1a],D,083/070,HR,¥400,¥250,¥150,¥80,¥20,,¥400,https://files.cardrush.media/pokemon/ocha_products/7367.webp,400
レホール 【SR】{199/187}[SV8a],G,199/187,SR,¥400,¥250,¥150,¥80,¥20,,¥400,https://files.cardrush.media/pokemon/ocha_products/62000.webp,400
ワタル 【HR】{122/098}[S12],F,122/098,HR,¥400,¥250,¥150,¥80,¥20,,¥400,https://files.cardrush.media/pokemon/ocha_products/37624.webp,400
うねりの扇 【UR】{094/070}[S5a],E,094/070,UR,¥400,¥250,¥150,¥80,¥20,,¥400,https://files.cardrush.media/pokemon/ocha_products/19011.webp,400
カスタムキャッチャー 【UR】{072/060}[sm7a],B,072/060,UR,¥400,¥250,¥150,¥80,¥20,,¥400,https://files.cardrush.media/pokemon/ocha_products/350.webp,400
グレートキャッチャー 【UR】{078/064}[sm11a],C,078/064,UR,¥400,¥250,¥150,¥80,¥20,,¥400,https://files.cardrush.media/pokemon/ocha_products/5042.webp,400
ぐんぐんシェイク 【UR】{099/069}[S6a],E,099/069,UR,¥400,¥250,¥150,¥80,¥20,,¥400,https://files.cardrush.media/pokemon/ocha_products/20765.webp,400
ジャッジマンホイッスル 【UR】{117/095}[sm9],C,117/095,UR,¥400,¥250,¥150,¥80,¥20,,¥400,https://files.cardrush.media/pokemon/ocha_products/2714.webp,400
ターボパッチ 【UR】{118/100}[s3],D,118/100,UR,¥400,¥250,¥150,¥80,¥20,,¥400,https://files.cardrush.media/pokemon/ocha_products/13928.webp,400
トイキャッチャー 【UR】{088/067}[S7R],E,088/067,UR,¥400,¥250,¥150,¥80,¥20,,¥400,https://files.cardrush.media/pokemon/ocha_products/21488.webp,400
のぞきみレッドカード 【UR】{076/066}[sm5s],A,076/066,UR,¥400,¥250,¥150,¥80,¥20,,¥400,https://files.cardrush.media/pokemon/ocha_products/1014.webp,400
ふかそうち 【UR】{092/071}[S10b],F,092/071,UR,¥400,¥250,¥150,¥80,¥20,,¥400,https://files.cardrush.media/pokemon/ocha_products/35829.webp,400
ルアーモジュール 【UR】{093/071}[S10b],F,093/071,UR,¥400,¥250,¥150,¥80,¥20,,¥400,https://files.cardrush.media/pokemon/ocha_products/35830.webp,400
ロストスイーパー 【UR】{126/100}[S11],F,126/100,UR,¥400,¥250,¥150,¥80,¥20,,¥400,https://files.cardrush.media/pokemon/ocha_products/36393.webp,400
ロストミキサー 【UR】{110/095}[sm8],B,110/095,UR,¥400,¥250,¥150,¥80,¥20,,¥400,https://files.cardrush.media/pokemon/ocha_products/1888.webp,400
活力の壺 【UR】{095/070}[S5a],E,095/070,UR,¥400,¥250,¥150,¥80,¥20,,¥400,https://files.cardrush.media/pokemon/ocha_products/19012.webp,400
電磁レーダー 【UR】{068/055}[SM9a],C,068/055,UR,¥400,¥250,¥150,¥80,¥20,,¥400,https://files.cardrush.media/pokemon/ocha_products/2935.webp,400
妖しいカンヅメ 【UR】{085/070}[S2a],D,085/070,UR,¥400,¥250,¥150,¥80,¥20,,¥400,https://files.cardrush.media/pokemon/ocha_products/13186.webp,400
いかついメット 【UR】{094/070}[S6H],E,094/070,UR,¥400,¥250,¥150,¥80,¥20,,¥400,https://files.cardrush.media/pokemon/ocha_products/20214.webp,400
こだわりメット 【UR】{111/095}[sm8],B,111/095,UR,¥400,¥250,¥150,¥80,¥20,,¥400,https://files.cardrush.media/pokemon/ocha_products/1891.webp,400
ジャイアントボム 【UR】{114/094}[sm11],C,114/094,UR,¥400,¥250,¥150,¥80,¥20,,¥400,https://files.cardrush.media/pokemon/ocha_products/4686.webp,400
のろいのおふだ 【UR】{063/050}[sm7b],B,063/050,UR,¥400,¥250,¥150,¥80,¥20,,¥400,https://files.cardrush.media/pokemon/ocha_products/1757.webp,400
ビーストブリンガー 【UR】{067/054}[SM9b],C,067/054,UR,¥400,¥250,¥150,¥80,¥20,,¥400,https://files.cardrush.media/pokemon/ocha_products/3129.webp,400
フルフェイスガード 【UR】{088/067}[S7D],E,088/067,UR,¥400,¥250,¥150,¥80,¥20,,¥400,https://files.cardrush.media/pokemon/ocha_products/21465.webp,400
災いの箱 【UR】{099/071}[S10a],F,099/071,UR,¥400,¥250,¥150,¥80,¥20,,¥400,https://files.cardrush.media/pokemon/ocha_products/35378.webp,400
望遠スコープ 【UR】{120/100}[s4],D,120/100,UR,¥400,¥250,¥150,¥80,¥20,,¥400,https://files.cardrush.media/pokemon/ocha_products/14608.webp,400
葉隠れポンチョ 【UR】{124/098}[S12],F,124/098,UR,¥400,¥250,¥150,¥80,¥20,,¥400,https://files.cardrush.media/pokemon/ocha_products/37626.webp,400
ターフスタジアム 【UR】{100/069}[S6a],D,100/069,UR,¥400,¥250,¥150,¥80,¥20,,¥400,https://files.cardrush.media/pokemon/ocha_products/20766.webp,400
ビーチコート 【UR】{091/062}[SV3a],G,091/062,UR,¥400,¥250,¥150,¥80,¥20,,¥400,https://files.cardrush.media/pokemon/ocha_products/47880.webp,400
マグマの滝壺 【UR】{127/100}[S9],F,127/100,UR,¥400,¥250,¥150,¥80,¥20,,¥400,https://files.cardrush.media/pokemon/ocha_products/24439.webp,400
大口の沼 【UR】{125/098}[S12],F,125/098,UR,¥400,¥250,¥150,¥80,¥20,,¥400,https://files.cardrush.media/pokemon/ocha_products/37627.webp,400
フェローチェ＆マッシブーンGX 【RR】{001/173}[sm12a],C,001/173,RR,¥400,¥250,¥150,¥80,¥20,,¥400,https://files.cardrush.media/pokemon/ocha_products/5707.webp,400
フェローチェ＆マッシブーンGX 【RR】{001/054}[SM9b],C,001/054,RR,¥400,¥250,¥150,¥80,¥20,,¥400,https://files.cardrush.media/pokemon/ocha_products/3063.webp,400
シェイミ◇ 【PR】{006/150}[sm8b],B,006/150,PR,¥400,¥250,¥150,¥80,¥20,,¥400,https://files.cardrush.media/pokemon/ocha_products/2265.webp,400
フシギバナV 【-】{001/127}[sD],D,001/127,-,¥400,¥250,¥150,¥80,¥20,,¥400,https://files.cardrush.media/pokemon/ocha_products/14156.webp,400
フシギバナV RR仕様【-】{001/021}[SEF],E,001/021,-,¥400,¥250,¥150,¥80,¥20,,¥400,https://files.cardrush.media/pokemon/ocha_products/17788.webp,400
ラフレシアGX 【RR】{003/049}[sm11b],C,003/049,RR,¥400,¥250,¥150,¥80,¥20,,¥400,https://files.cardrush.media/pokemon/ocha_products/5137.webp,400
セレビィVMAX 【RRR】{004/070}[S6K],E,004/070,RRR,¥400,¥250,¥150,¥80,¥20,,¥400,https://files.cardrush.media/pokemon/ocha_products/20083.webp,400
リーフィアVSTAR RRR仕様【P】{269/S-P}[その他],F,269/S-P,P,¥400,¥250,¥150,¥80,¥20,,¥400,https://files.cardrush.media/pokemon/ocha_products/24678.webp,400
ジュナイパーGX 【RR】{003/051}[sm1+],A,003/051,RR,¥400,¥250,¥150,¥80,¥20,,¥400,https://files.cardrush.media/pokemon/ocha_products/715.webp,400
ジュナイパーGX RR仕様【-】{004/059}[smA],A,004/059,-,¥400,¥250,¥150,¥80,¥20,,¥400,https://files.cardrush.media/pokemon/ocha_products/713.webp,400
リザードンV 【RR】{014/100}[S9],F,014/100,RR,¥400,¥250,¥150,¥80,¥20,,¥400,https://files.cardrush.media/pokemon/ocha_products/24286.webp,400
ゴウカザルV RR仕様【P】{257/S-P}[その他],F,257/S-P,P,¥400,¥250,¥150,¥80,¥20,,¥400,https://files.cardrush.media/pokemon/ocha_products/24576.webp,400
リザードン R仕様【-】{017/184}[S8b],D,017/184,-,¥400,¥250,¥150,¥80,¥20,,¥400,https://files.cardrush.media/pokemon/ocha_products/22658.webp,400
リザードンex 【RR】{006/165}[SV2a],G,006/165,RR,¥400,¥250,¥150,¥80,¥20,,¥400,https://files.cardrush.media/pokemon/ocha_products/43347.webp,400
バシャーモVMAX 【RRR】{020/184}[S8b],E,020/184,RRR,¥400,¥250,¥150,¥80,¥20,,¥400,https://files.cardrush.media/pokemon/ocha_products/22661.webp,400
カメックスex RR仕様【-】{016/049}[SVG],G,016/049,-,¥400,¥250,¥150,¥80,¥20,,¥400,https://files.cardrush.media/pokemon/ocha_products/50174.webp,400
グレイシアVSTAR RRR仕様【P】{271/S-P}[その他],F,271/S-P,P,¥400,¥250,¥150,¥80,¥20,,¥400,https://files.cardrush.media/pokemon/ocha_products/24680.webp,400
カプ・コケコ◇ 【PR】{014/052}[sm8a],B,014/052,PR,¥400,¥250,¥150,¥80,¥20,,¥400,https://files.cardrush.media/pokemon/ocha_products/1970.webp,400
カプ・コケコ◇ 【PR】{049/173}[sm12a],B,049/173,PR,¥400,¥250,¥150,¥80,¥20,,¥400,https://files.cardrush.media/pokemon/ocha_products/5792.webp,400
ピカチュウV ノーマル仕様/ピカチュウマーク【-】{019/053}[SH],E,019/053,-,¥400,¥250,¥150,¥80,¥20,,¥400,https://files.cardrush.media/pokemon/ocha_products/21380.webp,400
ピカチュウV 【RR】{045/184}[S8b],D,045/184,RR,¥400,¥250,¥150,¥80,¥20,,¥400,https://files.cardrush.media/pokemon/ocha_products/22686.webp,400
ピカチュウV s4【RR】{030/100}[s4],D,030/100,RR,¥400,¥250,¥150,¥80,¥20,,¥400,https://files.cardrush.media/pokemon/ocha_products/14484.webp,400
デンリュウV 【RR】{014/076}[s3a],D,014/076,RR,¥400,¥250,¥150,¥80,¥20,,¥400,https://files.cardrush.media/pokemon/ocha_products/14049.webp,400
ピカチュウV 【-】{028/127}[sD],D,028/127,-,¥400,¥250,¥150,¥80,¥20,,¥400,https://files.cardrush.media/pokemon/ocha_products/14183.webp,400
ライチュウGX ノーマル仕様【-】{033/131}[smH],A,033/131,-,¥400,¥250,¥150,¥80,¥20,,¥400,https://files.cardrush.media/pokemon/ocha_products/1555.webp,400
デデンネGX 【RR】{048/173}[sm12a],C,048/173,RR,¥400,¥250,¥150,¥80,¥20,,¥400,https://files.cardrush.media/pokemon/ocha_products/5791.webp,400
デデンネGX 【RR】{016/055}[SM9a],C,016/055,RR,¥400,¥250,¥150,¥80,¥20,,¥400,https://files.cardrush.media/pokemon/ocha_products/2883.webp,400
デデンネGX 【P】{342/S-P}[PROMO],C,342/S-P,P,¥400,¥250,¥150,¥80,¥20,,¥400,https://files.cardrush.media/pokemon/ocha_products/39043.webp,400
デデンネGX 【P】{054/M-P}[PROMO],C,054/M-P,P,¥400,¥250,¥150,¥80,¥20,,¥400,https://files.cardrush.media/pokemon/ocha_products/78371.webp,400
デデンネGX ノーマル仕様【-】{005/033}[SF],C,005/033,-,¥400,¥250,¥150,¥80,¥20,,¥400,https://files.cardrush.media/pokemon/ocha_products/18201.webp,400
ミュウV 【RR】{039/100}[S8],E,039/100,RR,¥400,¥250,¥150,¥80,¥20,,¥400,https://files.cardrush.media/pokemon/ocha_products/22114.webp,400
ミュウV 【RR】{053/172}[S12a],E,053/172,RR,¥400,¥250,¥150,¥80,¥20,,¥400,https://files.cardrush.media/pokemon/ocha_products/38137.webp,400
ジラーチGX RR仕様【-】{002/031}[smM],C,002/031,-,¥400,¥250,¥150,¥80,¥20,,¥400,https://files.cardrush.media/pokemon/ocha_products/4607.webp,400
ミミッキュex RR仕様【-】{006/023}[SVAW],G,006/023,-,¥400,¥250,¥150,¥80,¥20,,¥400,https://files.cardrush.media/pokemon/ocha_products/39401.webp,400
ミミッキュVMAX 【RRR】{077/184}[S8b],E,077/184,RRR,¥400,¥250,¥150,¥80,¥20,,¥400,https://files.cardrush.media/pokemon/ocha_products/22715.webp,400
ルカリオV RR仕様/バンギラスマーク【-】{027/053}[SH],E,027/053,-,¥400,¥250,¥150,¥80,¥20,,¥400,https://files.cardrush.media/pokemon/ocha_products/21402.webp,400
イワークGX RR仕様【-】{011/031}[SMK],C,011/031,-,¥400,¥250,¥150,¥80,¥20,,¥400,https://files.cardrush.media/pokemon/ocha_products/3029.webp,400
プテラGX 【RR】{045/094}[sm11],C,045/094,RR,¥400,¥250,¥150,¥80,¥20,,¥400,https://files.cardrush.media/pokemon/ocha_products/4556.webp,400
ソルガレオ◇ 【PR】{043/066}[sm5s],B,043/066,PR,¥400,¥250,¥150,¥80,¥20,,¥400,https://files.cardrush.media/pokemon/ocha_products/795.webp,400
プクリンGX RR仕様【-】{032/051}[SML],C,032/051,-,¥400,¥250,¥150,¥80,¥20,,¥400,https://files.cardrush.media/pokemon/ocha_products/3553.webp,400
ゼルネアス◇ 【PR】{033/050}[sm7b],B,033/050,PR,¥400,¥250,¥150,¥80,¥20,,¥400,https://files.cardrush.media/pokemon/ocha_products/1750.webp,400
レックウザV RR仕様【-】{015/030}[SO],E,015/030,-,¥400,¥250,¥150,¥80,¥20,,¥400,https://files.cardrush.media/pokemon/ocha_products/37838.webp,400
カビゴンV 【RR】{045/060}[s1H],D,045/060,RR,¥400,¥250,¥150,¥80,¥20,,¥400,https://files.cardrush.media/pokemon/ocha_products/6965.webp,400
メタモン シール付/R仕様【-】{053/071}[S10b],F,053/071,-,¥400,¥250,¥150,¥80,¥20,,¥400,https://files.cardrush.media/pokemon/ocha_products/35779.webp,400
ヒトカゲ 【C】{005/024}[smP2],C,005/024,C,¥400,¥250,¥150,¥80,¥20,,¥400,https://files.cardrush.media/pokemon/ocha_products/4381.webp,400
にせオーキドはかせ 25th【P】{004/025}[S8a-P],その他,004/025,P,¥350,¥150,¥70,¥30,¥10,,¥400,https://files.cardrush.media/pokemon/ocha_products/22382.webp,350
ドンファン 25th【P】{019/025}[S8a-P],その他,019/025,P,¥350,¥150,¥70,¥30,¥10,,¥400,https://files.cardrush.media/pokemon/ocha_products/22397.webp,350
ブリガロンEX 【P】{029/XY-P}[XY],PROMO,029/XY-P,P,¥350,¥150,¥70,¥30,¥10,,¥400,https://files.cardrush.media/pokemon/ocha_products/72311.webp,350
レジギガス 【P】{160/XY-P}[XY],PROMO,160/XY-P,P,¥350,¥150,¥70,¥30,¥10,,¥400,https://files.cardrush.media/pokemon/ocha_products/72379.webp,350
活力剤 【P】{198/XY-P}[その他],EX,198/XY-P,P,¥350,¥150,¥70,¥30,¥10,,¥400,https://files.cardrush.media/pokemon/ocha_products/359.webp,350
シルバーバングル 【P】{214/BW-P}[BW-P],PROMO,214/BW-P,P,¥350,¥150,¥70,¥30,¥10,,¥400,https://files.cardrush.media/pokemon/ocha_products/71327.webp,350
バシャーモVMAX 【RRR】{008/070}[S5a],E,008/070,RRR,¥350,¥200,¥150,¥70,¥10,,¥400,https://files.cardrush.media/pokemon/ocha_products/18684.webp,350
ソルガレオ◇ 【PR】{082/150}[sm8b],B,082/150,PR,¥350,¥200,¥150,¥70,¥10,,¥400,https://files.cardrush.media/pokemon/ocha_products/2291.webp,350
ラッタ 【U】{047/059}[その他],EX,047/059,U,¥350,¥150,¥70,¥30,¥10,,¥400,https://files.cardrush.media/pokemon/ocha_products/5595.webp,350
ダウジングマシン 【P】{349/S-P}[その他],,349/S-P,P,¥350,¥150,¥70,¥30,¥10,,¥400,https://files.cardrush.media/pokemon/ocha_products/39050.webp,350
どくさいみん光線 【U】{063/070}[BW7青],EX,063/070,U,¥350,¥150,¥70,¥30,¥10,,¥400,https://files.cardrush.media/pokemon/ocha_products/954.webp,350
どくさいみん光線 【-】{010/016}[PBG],EX,010/016,-,¥350,¥150,¥70,¥30,¥10,,¥400,https://files.cardrush.media/pokemon/ocha_products/951.webp,350
どくさいみん光線 【-】{013/017}[PPD],EX,013/017,-,¥350,¥150,¥70,¥30,¥10,,¥400,https://files.cardrush.media/pokemon/ocha_products/952.webp,350
はかせのてがみ 【U】{055/060}[XY1赤],EX,055/060,U,¥350,¥150,¥70,¥30,¥10,,¥400,https://files.cardrush.media/pokemon/ocha_products/1056.webp,350
はかせのてがみ 【-】{007/018}[smB],EX,007/018,-,¥350,¥150,¥70,¥30,¥10,,¥400,https://files.cardrush.media/pokemon/ocha_products/1051.webp,350
はかせのてがみ 【-】{029/049}[MMB赤],EX,029/049,-,¥350,¥150,¥70,¥30,¥10,,¥400,https://files.cardrush.media/pokemon/ocha_products/1050.webp,350
はかせのてがみ 【-】{031/049}[MMB青],EX,031/049,-,¥350,¥150,¥70,¥30,¥10,,¥400,https://files.cardrush.media/pokemon/ocha_products/1049.webp,350
はかせのてがみ 【-】{056/072}[その他],EX,056/072,-,¥350,¥150,¥70,¥30,¥10,,¥400,https://files.cardrush.media/pokemon/ocha_products/1053.webp,350
はかせのてがみ 【-】{018/041}[smG],EX,018/041,-,¥350,¥150,¥70,¥30,¥10,,¥400,https://files.cardrush.media/pokemon/ocha_products/1052.webp,350
アイリス 【U】{071/076}[その他],EX,071/076,U,¥350,¥150,¥70,¥30,¥10,,¥400,https://files.cardrush.media/pokemon/ocha_products/4296.webp,350
スカイフィールド 【-】{158/171}[XY],EX,158/171,-,¥350,¥150,¥70,¥30,¥10,,¥400,https://files.cardrush.media/pokemon/ocha_products/747.webp,350
スカイフィールド 【U】{077/078}[XY6],EX,077/078,U,¥350,¥150,¥70,¥30,¥10,,¥400,https://files.cardrush.media/pokemon/ocha_products/748.webp,350
スカイフィールド 【-】{040/041}[smG],EX,040/041,-,¥350,¥150,¥70,¥30,¥10,,¥400,https://files.cardrush.media/pokemon/ocha_products/746.webp,350
スカイフィールド 【-】{042/048}[EXB01],EX,042/048,-,¥350,¥150,¥70,¥30,¥10,,¥400,https://files.cardrush.media/pokemon/ocha_products/6132.webp,350
ハリマロン 【C】{001/027}[CP2],EX,001/027,C,¥350,¥150,¥70,¥30,¥10,,¥400,https://files.cardrush.media/pokemon/ocha_products/18507.webp,350
ジャンクアーム 【U】{076/080}[その他],HOF,076/080,U,¥350,¥150,¥70,¥30,¥10,,¥400,https://files.cardrush.media/pokemon/ocha_products/3735.webp,350
ポケモンコレクター 【U】{068/070}[その他],HOF,068/070,U,¥350,¥150,¥70,¥30,¥10,,¥400,https://files.cardrush.media/pokemon/ocha_products/3725.webp,350
時空のゆがみ 【-】{012/012}[PtM],PROMO,012/012,-,¥350,¥150,¥70,¥30,¥10,,¥400,https://files.cardrush.media/pokemon/ocha_products/18891.webp,350
ミズゴロウ 【-】{003/016}[PS-5G],-,003/016,-,¥350,¥150,¥70,¥30,¥10,,¥400,https://files.cardrush.media/pokemon/ocha_products/66260.webp,350
コイル 【-】{001/015}[PH-I],-,001/015,-,¥350,¥150,¥70,¥30,¥10,,¥400,https://files.cardrush.media/pokemon/ocha_products/66239.webp,350
ラグラージ 【-】{007/016}[PS-5G],-,007/016,-,¥350,¥150,¥70,¥30,¥10,,¥400,https://files.cardrush.media/pokemon/ocha_products/66264.webp,350
ラッタ 【-】{034/052}[PS-1],-,034/052,-,¥350,¥150,¥70,¥30,¥10,,¥400,https://files.cardrush.media/pokemon/ocha_products/66236.webp,350
ミニリュウ 【-】{009/020}[PD-sl],-,009/020,-,¥350,¥150,¥70,¥30,¥10,,¥400,https://files.cardrush.media/pokemon/ocha_products/66238.webp,350
ノコッチ 【●】{056/080}[ADEX],-,056/080,●,¥350,¥150,¥70,¥30,¥10,,¥400,https://files.cardrush.media/pokemon/ocha_products/66276.webp,350
エニシダ 【◆】{090/108}[PWCP],-,090/108,◆,¥350,¥150,¥70,¥30,¥10,,¥400,https://files.cardrush.media/pokemon/ocha_products/66228.webp,350
ホロンの研究員 【◆】{078/086}[P6],-,078/086,◆,¥350,¥150,¥70,¥30,¥10,,¥400,https://files.cardrush.media/pokemon/ocha_products/66231.webp,350
ホロンの科学者 【◆】{077/086}[P6],-,077/086,◆,¥350,¥150,¥70,¥30,¥10,,¥400,https://files.cardrush.media/pokemon/ocha_products/66232.webp,350
巨大な切りかぶ 【◆】{083/086}[P5],-,083/086,◆,¥350,¥150,¥70,¥30,¥10,,¥400,https://files.cardrush.media/pokemon/ocha_products/66207.webp,350
呪われたほこら 【◆】{084/086}[P5],-,084/086,◆,¥350,¥150,¥70,¥30,¥10,,¥400,https://files.cardrush.media/pokemon/ocha_products/66208.webp,350
バトルフロンティア 【◆】{093/108}[PWCP],-,093/108,◆,¥350,¥150,¥70,¥30,¥10,,¥400,https://files.cardrush.media/pokemon/ocha_products/66212.webp,350
カゲツのスタジアム 【◆】{094/108}[PWCP],-,094/108,◆,¥350,¥150,¥70,¥30,¥10,,¥400,https://files.cardrush.media/pokemon/ocha_products/66213.webp,350
ホロンの科学者 【-】{010/015}[その他],-,010/015,-,¥350,¥150,¥70,¥30,¥10,,¥400,https://files.cardrush.media/pokemon/ocha_products/84664.webp,350
エニシダ 【-】{014/016}[その他],-,014/016,-,¥350,¥150,¥70,¥30,¥10,,¥400,https://files.cardrush.media/pokemon/ocha_products/84745.webp,350
エニシダ 【-】{015/024}[その他],-,015/024,-,¥350,¥150,¥70,¥30,¥10,,¥400,https://files.cardrush.media/pokemon/ocha_products/84746.webp,350
オボンのみ 【◆】{100/106}[その他],-,100/106,◆,¥350,¥150,¥70,¥30,¥10,,¥400,https://files.cardrush.media/pokemon/ocha_products/84753.webp,350
ビリリダマ 【-】{001/016}[その他],-,001/016,-,¥350,¥150,¥70,¥30,¥10,,¥400,https://files.cardrush.media/pokemon/ocha_products/84681.webp,350
オムスター 【★】{024/086}[その他],-,024/086,★,¥350,¥150,¥70,¥30,¥10,,¥400,https://files.cardrush.media/pokemon/ocha_products/84710.webp,350
ダンバル 【-】{045/ADV-P}[その他],-,045/ADV-P,-,¥350,¥150,¥70,¥30,¥10,,¥400,https://files.cardrush.media/pokemon/ocha_products/84724.webp,350
リザード 【U】{010/087}[CP6],XY,010/087,U,¥350,¥150,¥70,¥30,¥10,,¥400,https://files.cardrush.media/pokemon/ocha_products/19712.webp,350
ゴース 【C】{045/087}[CP6],XY,045/087,C,¥350,¥150,¥70,¥30,¥10,,¥400,https://files.cardrush.media/pokemon/ocha_products/19742.webp,350
ピカチュウ 【C】{016/049}[sm11b],PIKA,016/049,C,¥350,¥150,¥70,¥30,¥10,,¥400,https://files.cardrush.media/pokemon/ocha_products/5150.webp,350
イーブイ 【P】{044/S-P}[その他],状態減額大,044/S-P,P,¥350,¥150,¥70,¥30,¥10,,¥400,https://files.cardrush.media/pokemon/ocha_products/7612.webp,350
レシラム 【R】{051/078}[XY6],EX,051/078,R,¥350,¥150,¥70,¥30,¥10,,¥400,https://files.cardrush.media/pokemon/ocha_products/39065.webp,350
モココδ-デルタ種 【-】{050/068}[その他],EX,050/068,-,¥350,¥150,¥70,¥30,¥10,,¥400,https://files.cardrush.media/pokemon/ocha_products/56615.webp,350
チルットδ-デルタ種 【-】{018/068}[その他],EX,018/068,-,¥350,¥150,¥70,¥30,¥10,,¥400,https://files.cardrush.media/pokemon/ocha_products/56663.webp,350
チリーンδ-デルタ種 【-】{046/052}[その他],EX,046/052,-,¥350,¥150,¥70,¥30,¥10,,¥400,https://files.cardrush.media/pokemon/ocha_products/56675.webp,350
基本草エネルギー 【P】{079/SV-P}[その他],,079/SV-P,P,¥350,¥150,¥70,¥30,¥10,,¥400,https://files.cardrush.media/pokemon/ocha_products/46124.webp,350
基本雷エネルギー 【P】{082/SV-P}[その他],,082/SV-P,P,¥350,¥150,¥70,¥30,¥10,,¥400,https://files.cardrush.media/pokemon/ocha_products/46127.webp,350
基本超エネルギー 【P】{083/SV-P}[その他],,083/SV-P,P,¥350,¥150,¥70,¥30,¥10,,¥400,https://files.cardrush.media/pokemon/ocha_products/46128.webp,350
リザード Classicキラ【-】{002/032}[CLL],-,002/032,-,¥350,¥150,¥70,¥30,¥10,,¥400,https://files.cardrush.media/pokemon/ocha_products/49014.webp,350
カメール Classicキラ【-】{002/032}[CLK],-,002/032,-,¥350,¥150,¥70,¥30,¥10,,¥400,https://files.cardrush.media/pokemon/ocha_products/49048.webp,350
サンダー Classicキラ【-】{012/032}[CLL],-,012/032,-,¥350,¥150,¥70,¥30,¥10,,¥400,https://files.cardrush.media/pokemon/ocha_products/49024.webp,350
ピッピ Classicキラ【-】{013/032}[CLL],-,013/032,-,¥350,¥150,¥70,¥30,¥10,,¥400,https://files.cardrush.media/pokemon/ocha_products/49025.webp,350
ラプラス Classicキラ【-】{008/032}[CLK],-,008/032,-,¥350,¥150,¥70,¥30,¥10,,¥400,https://files.cardrush.media/pokemon/ocha_products/49054.webp,350
バリヤード Classicキラ【-】{013/032}[CLK],-,013/032,-,¥350,¥150,¥70,¥30,¥10,,¥400,https://files.cardrush.media/pokemon/ocha_products/49059.webp,350
ラプラス ジャンボカード【P】{S-P}[その他],,S-P,P,¥350,¥150,¥70,¥30,¥10,,¥400,https://files.cardrush.media/pokemon/ocha_products/39035.webp,350
ゲノセクトEX 【R】{010/076}[その他],EX,010/076,R,¥350,¥150,¥70,¥30,¥10,,¥400,https://files.cardrush.media/pokemon/ocha_products/3889.webp,350
ボルケニオンEX ノーマル仕様【-】{003/048}[EXB01],EX,003/048,-,¥350,¥150,¥70,¥30,¥10,,¥400,https://files.cardrush.media/pokemon/ocha_products/6093.webp,350
ボルケニオンEX 【-】{015/171}[XY],EX,015/171,-,¥350,¥150,¥70,¥30,¥10,,¥400,https://files.cardrush.media/pokemon/ocha_products/1399.webp,350
ライボルトEX 【-】{013/049}[その他],EX,013/049,-,¥350,¥150,¥70,¥30,¥10,,¥400,https://files.cardrush.media/pokemon/ocha_products/3923.webp,350
カラマネロEX 【RR】{057/088}[XY4],EX,057/088,RR,¥350,¥150,¥70,¥30,¥10,,¥400,https://files.cardrush.media/pokemon/ocha_products/399.webp,350
カラマネロEX 【-】{076/171}[XY],EX,076/171,-,¥350,¥150,¥70,¥30,¥10,,¥400,https://files.cardrush.media/pokemon/ocha_products/4119.webp,350
フラージェスEX 【-】{086/131}[その他],EX,086/131,-,¥350,¥150,¥70,¥30,¥10,,¥400,https://files.cardrush.media/pokemon/ocha_products/3932.webp,350
ゲッコウガex 【RR】{045/066}[SV5a],H,045/066,RR,¥350,¥200,¥150,¥70,¥10,,¥350,https://files.cardrush.media/pokemon/ocha_products/54729.webp,350
ピィ 【S】{255/190}[SV4a],G,255/190,S,¥350,¥200,¥150,¥70,¥10,,¥350,https://files.cardrush.media/pokemon/ocha_products/50984.webp,350
ポピー 【SR】{131/108}[SV3],G,131/108,SR,¥350,¥200,¥150,¥70,¥10,,¥350,https://files.cardrush.media/pokemon/ocha_products/45922.webp,350
ミロカロスV 【RR】{022/096}[S2],D,022/096,RR,¥350,¥200,¥150,¥70,¥10,,¥350,https://files.cardrush.media/pokemon/ocha_products/7450.webp,350
ギャラドスV 【RR】{020/067}[S7R],E,020/067,RR,¥350,¥200,¥150,¥70,¥10,,¥350,https://files.cardrush.media/pokemon/ocha_products/21300.webp,350
レックウザV 【RR】{119/184}[S8b],E,119/184,RR,¥350,¥200,¥150,¥70,¥10,,¥350,https://files.cardrush.media/pokemon/ocha_products/22757.webp,350
レックウザV 【RR】{046/067}[S7R],E,046/067,RR,¥350,¥200,¥150,¥70,¥10,,¥350,https://files.cardrush.media/pokemon/ocha_products/21326.webp,350
レックウザV 【RR】{107/172}[S12a],E,107/172,RR,¥350,¥200,¥150,¥70,¥10,,¥350,https://files.cardrush.media/pokemon/ocha_products/38191.webp,350
マルマイン Classicキラ【-】{011/032}[CLL],-,011/032,-,¥300,¥150,¥60,¥30,¥5,,¥350,https://files.cardrush.media/pokemon/ocha_products/49023.webp,300
メガシビルドンex 【MA】{225/193}[M2a],I,225/193,MA,¥300,¥150,¥100,¥60,¥10,,¥300,https://files.cardrush.media/pokemon/ocha_products/73722.webp,300
メガディアンシーex 【MA】{227/193}[M2a],I,227/193,MA,¥300,¥150,¥100,¥60,¥10,,¥300,https://files.cardrush.media/pokemon/ocha_products/73724.webp,300
メガルチャブルex 【MA】{229/193}[M2a],I,229/193,MA,¥300,¥150,¥100,¥60,¥10,,¥300,https://files.cardrush.media/pokemon/ocha_products/73726.webp,300
メガズルズキンex 【MA】{231/193}[M2a],I,231/193,MA,¥300,¥150,¥100,¥60,¥10,,¥300,https://files.cardrush.media/pokemon/ocha_products/73728.webp,300
タイム 【SR】{193/187}[SV8a],H,193/187,SR,¥300,¥150,¥100,¥60,¥10,,¥300,https://files.cardrush.media/pokemon/ocha_products/61994.webp,300
フーディンex 【SSR】{326/190}[SV4a],G,326/190,SSR,¥300,¥150,¥100,¥60,¥10,,¥300,https://files.cardrush.media/pokemon/ocha_products/51055.webp,300
ワタシラガV 【SSR】{306/190}[s4a],D,306/190,SSR,¥300,¥150,¥100,¥60,¥10,,¥300,https://files.cardrush.media/pokemon/ocha_products/17455.webp,300
ストリンダーV 【SSR】{314/190}[s4a],D,314/190,SSR,¥300,¥150,¥100,¥60,¥10,,¥300,https://files.cardrush.media/pokemon/ocha_products/17463.webp,300
イエッサンV 【SSR】{316/190}[s4a],D,316/190,SSR,¥300,¥150,¥100,¥60,¥10,,¥300,https://files.cardrush.media/pokemon/ocha_products/17465.webp,300
タイレーツV 【SSR】{319/190}[s4a],D,319/190,SSR,¥300,¥150,¥100,¥60,¥10,,¥300,https://files.cardrush.media/pokemon/ocha_products/17468.webp,300
クロバットV SSR仕様【P】{152/S-P}[その他],D,152/S-P,P,¥300,¥150,¥100,¥60,¥10,,¥300,https://files.cardrush.media/pokemon/ocha_products/17864.webp,300
オーロンゲVMAX 【SSR】{322/190}[s4a],D,322/190,SSR,¥300,¥150,¥100,¥60,¥10,,¥300,https://files.cardrush.media/pokemon/ocha_products/17471.webp,300
エンニュート AR仕様【-】{744/742}[MC],H,744/742,-,¥300,¥150,¥100,¥60,¥10,,¥300,https://files.cardrush.media/pokemon/ocha_products/75855.webp,300
クワガノン AR仕様【-】{747/742}[MC],H,747/742,-,¥300,¥150,¥100,¥60,¥10,,¥300,https://files.cardrush.media/pokemon/ocha_products/75858.webp,300
エネコロロ 30th/復刻版【-】{143/103}[M6a],J,143/103,-,¥300,¥150,¥100,¥60,¥10,,¥300,https://files.cardrush.media/pokemon/ocha_products/85118.webp,300
ハッサムex 30th/復刻版【-】{145/103}[M6a],J,145/103,-,¥300,¥150,¥100,¥60,¥10,,¥300,https://files.cardrush.media/pokemon/ocha_products/85120.webp,300
パルキアLV.X 30th/復刻版【-】{147/103}[M6a],J,147/103,-,¥300,¥150,¥100,¥60,¥10,,¥300,https://files.cardrush.media/pokemon/ocha_products/85122.webp,300
クロバットG LV.44 30th/復刻版【-】{149/103}[M6a],J,149/103,-,¥300,¥150,¥100,¥60,¥10,,¥300,https://files.cardrush.media/pokemon/ocha_products/85124.webp,300
かがやくハガネール 【K】{050/071}[S10a],F,050/071,K,¥300,¥150,¥100,¥60,¥10,,¥300,https://files.cardrush.media/pokemon/ocha_products/35274.webp,300
シェイミ 【P】{034/M-P}[PROMO],I,034/M-P,P,¥300,¥150,¥100,¥60,¥10,,¥300,https://files.cardrush.media/pokemon/ocha_products/71567.webp,300
エルフーンex 【SR】{159/086}[SV11W],I,159/086,SR,¥300,¥150,¥100,¥60,¥10,,¥300,https://files.cardrush.media/pokemon/ocha_products/67568.webp,300
アイアントex 【SR】{119/106}[SV8],H,119/106,SR,¥300,¥150,¥100,¥60,¥10,,¥300,https://files.cardrush.media/pokemon/ocha_products/60244.webp,300
ジュナイパーex 【SR】{093/080}[M3],J,093/080,SR,¥300,¥150,¥100,¥60,¥10,,¥300,https://files.cardrush.media/pokemon/ocha_products/78720.webp,300
カミツオロチex 【SR】{115/102}[SV7],H,115/102,SR,¥300,¥150,¥100,¥60,¥10,,¥300,https://files.cardrush.media/pokemon/ocha_products/58225.webp,300
エースバーンex 【SR】{116/102}[SV7],H,116/102,SR,¥300,¥150,¥100,¥60,¥10,,¥300,https://files.cardrush.media/pokemon/ocha_products/58226.webp,300
オーガポンいどのめんex ノーマル仕様【-】{224/742}[MC],H,224/742,-,¥300,¥150,¥100,¥60,¥10,,¥300,https://files.cardrush.media/pokemon/ocha_products/75199.webp,300
メガオーダイルex ノーマル仕様【-】{169/742}[MC],J,169/742,-,¥300,¥150,¥100,¥60,¥10,,¥300,https://files.cardrush.media/pokemon/ocha_products/75136.webp,300
ゲッコウガex RR仕様【-】{017/066}[SVI],H,017/066,-,¥300,¥150,¥100,¥60,¥10,,¥300,https://files.cardrush.media/pokemon/ocha_products/54259.webp,300
イルカマンex 【SR】{116/101}[SV6],H,116/101,SR,¥300,¥150,¥100,¥60,¥10,,¥300,https://files.cardrush.media/pokemon/ocha_products/55713.webp,300
ウネルミナモex 【SR】{086/071}[SV5K],H,086/071,SR,¥300,¥150,¥100,¥60,¥10,,¥300,https://files.cardrush.media/pokemon/ocha_products/53287.webp,300
カプ・コケコex RR仕様【-】{046/175}[SVM],H,046/175,-,¥300,¥150,¥100,¥60,¥10,,¥300,https://files.cardrush.media/pokemon/ocha_products/60815.webp,300
ミライドンex ノーマル仕様【-】{284/742}[MC],J,284/742,-,¥300,¥150,¥100,¥60,¥10,,¥300,https://files.cardrush.media/pokemon/ocha_products/75270.webp,300
メガフラエッテex 【SR】{099/083}[M4],J,099/083,SR,¥300,¥150,¥100,¥60,¥10,,¥300,https://files.cardrush.media/pokemon/ocha_products/79884.webp,300
シロデスナex 【SR】{123/106}[SV8],H,123/106,SR,¥300,¥150,¥100,¥60,¥10,,¥300,https://files.cardrush.media/pokemon/ocha_products/60248.webp,300
バウッツェルex 【SR】{119/102}[SV7],H,119/102,SR,¥300,¥150,¥100,¥60,¥10,,¥300,https://files.cardrush.media/pokemon/ocha_products/58229.webp,300
サケブシッポex 【SR】{082/066}[SV5a],H,082/066,SR,¥300,¥150,¥100,¥60,¥10,,¥300,https://files.cardrush.media/pokemon/ocha_products/54802.webp,300
メガジガルデex 【SR】{097/080}[M3],J,097/080,SR,¥300,¥150,¥100,¥60,¥10,,¥300,https://files.cardrush.media/pokemon/ocha_products/78724.webp,300
ロケット団のクロバットex 【SR】{117/098}[SV10],I,117/098,SR,¥300,¥150,¥100,¥60,¥10,,¥300,https://files.cardrush.media/pokemon/ocha_products/65277.webp,300
ブラッキーex ノーマル仕様【-】{446/742}[MC],H,446/742,-,¥300,¥150,¥100,¥60,¥10,,¥300,https://files.cardrush.media/pokemon/ocha_products/75450.webp,300
イベルタルex 【SR】{098/080}[M3],J,098/080,SR,¥300,¥150,¥100,¥60,¥10,,¥300,https://files.cardrush.media/pokemon/ocha_products/78725.webp,300
キチキギスex 【SR】{081/064}[SV6a],H,081/064,SR,¥300,¥150,¥100,¥60,¥10,,¥300,https://files.cardrush.media/pokemon/ocha_products/57370.webp,300
モモワロウex 【SR】{082/064}[SV6a],H,082/064,SR,¥300,¥150,¥100,¥60,¥10,,¥300,https://files.cardrush.media/pokemon/ocha_products/57371.webp,300
ハッサムex 【SR】{089/071}[SV5M],H,089/071,SR,¥300,¥150,¥100,¥60,¥10,,¥300,https://files.cardrush.media/pokemon/ocha_products/53319.webp,300
ブリジュラスex 【SR】{080/064}[SV7a],H,080/064,SR,¥300,¥150,¥100,¥60,¥10,,¥300,https://files.cardrush.media/pokemon/ocha_products/59568.webp,300
アローラナッシーex 【SR】{081/064}[SV7a],H,081/064,SR,¥300,¥150,¥100,¥60,¥10,,¥300,https://files.cardrush.media/pokemon/ocha_products/59569.webp,300
ドラパルトex ノーマル仕様【-】{548/742}[MC],H,548/742,-,¥300,¥150,¥100,¥60,¥10,,¥300,https://files.cardrush.media/pokemon/ocha_products/75565.webp,300
シャリタツex 【SR】{125/106}[SV8],H,125/106,SR,¥300,¥150,¥100,¥60,¥10,,¥300,https://files.cardrush.media/pokemon/ocha_products/60250.webp,300
メガガルーラex 【RR】{051/063}[M1S],I,051/063,RR,¥300,¥150,¥100,¥60,¥10,,¥300,https://files.cardrush.media/pokemon/ocha_products/69898.webp,300
ハピナスex 【SR】{121/101}[SV6],H,121/101,SR,¥300,¥150,¥100,¥60,¥10,,¥300,https://files.cardrush.media/pokemon/ocha_products/55718.webp,300
ゲッコウガBREAK 30th/復刻版【-】{157/103}[M6a],J,157/103,-,¥300,¥150,¥100,¥60,¥10,,¥300,https://files.cardrush.media/pokemon/ocha_products/85131.webp,300
マッシブーンGX 30th/復刻版【-】{159/103}[M6a],J,159/103,-,¥300,¥150,¥100,¥60,¥10,,¥300,https://files.cardrush.media/pokemon/ocha_products/85133.webp,300
アローラナッシー 30th【P】{148/M-P}[PROMO],J,148/M-P,P,¥300,¥150,¥100,¥60,¥10,,¥300,https://files.cardrush.media/pokemon/ocha_products/85721.webp,300
ファイヤー 30th【P】{149/M-P}[PROMO],J,149/M-P,P,¥300,¥150,¥100,¥60,¥10,,¥300,https://files.cardrush.media/pokemon/ocha_products/85722.webp,300
フリーザー 30th【P】{150/M-P}[PROMO],J,150/M-P,P,¥300,¥150,¥100,¥60,¥10,,¥300,https://files.cardrush.media/pokemon/ocha_products/85723.webp,300
サンダー 30th【P】{152/M-P}[PROMO],J,152/M-P,P,¥300,¥150,¥100,¥60,¥10,,¥300,https://files.cardrush.media/pokemon/ocha_products/85725.webp,300
ルカリオ 30th【P】{154/M-P}[PROMO],J,154/M-P,P,¥300,¥150,¥100,¥60,¥10,,¥300,https://files.cardrush.media/pokemon/ocha_products/85727.webp,300
メガタブンネex SR仕様【-】{759/742}[MC],J,759/742,-,¥300,¥150,¥100,¥60,¥10,,¥300,https://files.cardrush.media/pokemon/ocha_products/75870.webp,300
エネルギーリサイクル 【SR】{101/080}[M3],J,101/080,SR,¥300,¥150,¥100,¥60,¥10,,¥300,https://files.cardrush.media/pokemon/ocha_products/78728.webp,300
ハイパーボール 【SR】{216/193}[M2a],I,216/193,SR,¥300,¥150,¥100,¥60,¥10,,¥300,https://files.cardrush.media/pokemon/ocha_products/73713.webp,300
ワンダーパッチ 【SR】{104/080}[M3],J,104/080,SR,¥300,¥150,¥100,¥60,¥10,,¥300,https://files.cardrush.media/pokemon/ocha_products/78731.webp,300
緊急ボード 【UR】{095/066}[SV5a],H,095/066,UR,¥300,¥150,¥100,¥60,¥10,,¥300,https://files.cardrush.media/pokemon/ocha_products/54815.webp,300
アイリスの闘志 【SR】{121/100}[SV9],I,121/100,SR,¥300,¥150,¥100,¥60,¥10,,¥300,https://files.cardrush.media/pokemon/ocha_products/63630.webp,300
カシオペア 【SR】{085/064}[SV6a],H,085/064,SR,¥300,¥150,¥100,¥60,¥10,,¥300,https://files.cardrush.media/pokemon/ocha_products/57374.webp,300
クセロシキのたくらみ 【SR】{086/064}[SV6a],H,086/064,SR,¥300,¥150,¥100,¥60,¥10,,¥300,https://files.cardrush.media/pokemon/ocha_products/57375.webp,300
ハイダイ 【SR】{125/102}[SV7],H,125/102,SR,¥300,¥150,¥100,¥60,¥10,,¥300,https://files.cardrush.media/pokemon/ocha_products/58235.webp,300
ハッサク 【SR】{124/101}[SV6],H,124/101,SR,¥300,¥150,¥100,¥60,¥10,,¥300,https://files.cardrush.media/pokemon/ocha_products/55721.webp,300
ピュール 【SR】{106/080}[M3],J,106/080,SR,¥300,¥150,¥100,¥60,¥10,,¥300,https://files.cardrush.media/pokemon/ocha_products/78733.webp,300
ホミカの演奏 【SR】{110/083}[M4],J,110/083,SR,¥300,¥150,¥100,¥60,¥10,,¥300,https://files.cardrush.media/pokemon/ocha_products/79895.webp,300
マコモ 【SR】{166/086}[SV11B],I,166/086,SR,¥300,¥150,¥100,¥60,¥10,,¥300,https://files.cardrush.media/pokemon/ocha_products/67335.webp,300
マチエール 【SR】{111/083}[M4],J,111/083,SR,¥300,¥150,¥100,¥60,¥10,,¥300,https://files.cardrush.media/pokemon/ocha_products/79896.webp,300
マツバの確信 【SR】{092/071}[SV5K],H,092/071,SR,¥300,¥150,¥100,¥60,¥10,,¥300,https://files.cardrush.media/pokemon/ocha_products/53293.webp,300
管理人 【SR】{085/066}[SV5a],H,085/066,SR,¥300,¥150,¥100,¥60,¥10,,¥300,https://files.cardrush.media/pokemon/ocha_products/54805.webp,300
アチゲータ 【S】{216/190}[SV4a],G,216/190,S,¥300,¥150,¥100,¥60,¥10,,¥300,https://files.cardrush.media/pokemon/ocha_products/50945.webp,300
ウミディグダ 【S】{226/190}[SV4a],G,226/190,S,¥300,¥150,¥100,¥60,¥10,,¥300,https://files.cardrush.media/pokemon/ocha_products/50955.webp,300
コリンク 【S】{240/190}[SV4a],G,240/190,S,¥300,¥150,¥100,¥60,¥10,,¥300,https://files.cardrush.media/pokemon/ocha_products/50969.webp,300
ルクシオ 【S】{241/190}[SV4a],G,241/190,S,¥300,¥150,¥100,¥60,¥10,,¥300,https://files.cardrush.media/pokemon/ocha_products/50970.webp,300
オコリザル 【S】{277/190}[SV4a],G,277/190,S,¥300,¥150,¥100,¥60,¥10,,¥300,https://files.cardrush.media/pokemon/ocha_products/51006.webp,300
ヤミラミ 【S】{291/190}[SV4a],G,291/190,S,¥300,¥150,¥100,¥60,¥10,,¥300,https://files.cardrush.media/pokemon/ocha_products/51020.webp,300
グルトン 【S】{315/190}[SV4a],G,315/190,S,¥300,¥150,¥100,¥60,¥10,,¥300,https://files.cardrush.media/pokemon/ocha_products/51044.webp,300
コイル 【S】{187/150}[sm8b],B,187/150,S,¥300,¥150,¥100,¥60,¥10,,¥300,https://files.cardrush.media/pokemon/ocha_products/2253.webp,300
デンジュモク 【S】{174/150}[sm8b],B,174/150,S,¥300,¥150,¥100,¥60,¥10,,¥300,https://files.cardrush.media/pokemon/ocha_products/2513.webp,300
ハブネーク 【S】{175/150}[sm8b],A,175/150,S,¥300,¥150,¥100,¥60,¥10,,¥300,https://files.cardrush.media/pokemon/ocha_products/2361.webp,300
イワンコ 【S】{183/150}[sm8b],B,183/150,S,¥300,¥150,¥100,¥60,¥10,,¥300,https://files.cardrush.media/pokemon/ocha_products/2171.webp,300
ディアンシー 【S】{196/150}[sm8b],A,196/150,S,¥300,¥150,¥100,¥60,¥10,,¥300,https://files.cardrush.media/pokemon/ocha_products/2318.webp,300
オンバット 【S】{203/150}[sm8b],A,203/150,S,¥300,¥150,¥100,¥60,¥10,,¥300,https://files.cardrush.media/pokemon/ocha_products/2198.webp,300
カイオーガ 【A】{036/190}[s4a],D,036/190,A,¥300,¥150,¥100,¥60,¥10,,¥300,https://files.cardrush.media/pokemon/ocha_products/17019.webp,300
ヤドン 【P】{070/M-P}[PROMO],J,070/M-P,P,¥300,¥150,¥100,¥60,¥10,,¥300,https://files.cardrush.media/pokemon/ocha_products/79058.webp,300
イーブイ 【P】{134/M-P}[PROMO],J,134/M-P,P,¥300,¥150,¥100,¥60,¥10,,¥300,https://files.cardrush.media/pokemon/ocha_products/83712.webp,300
ヒトカゲ 【P】{060/SV-P}[その他],G,060/SV-P,P,¥300,¥150,¥100,¥60,¥10,,¥300,https://files.cardrush.media/pokemon/ocha_products/43158.webp,300
ウパー 【P】{121/SV-P}[PROMO],H,121/SV-P,P,¥300,¥150,¥100,¥60,¥10,,¥300,https://files.cardrush.media/pokemon/ocha_products/53261.webp,300
ヌオー 【P】{122/SV-P}[PROMO],H,122/SV-P,P,¥300,¥150,¥100,¥60,¥10,,¥300,https://files.cardrush.media/pokemon/ocha_products/53262.webp,300
ロトりぼう 【P】{160/SV-P}[PROMO],H,160/SV-P,P,¥300,¥150,¥100,¥60,¥10,,¥300,https://files.cardrush.media/pokemon/ocha_products/55583.webp,300
ガチグマアカツキex 【P】{258/SV-P}[PROMO],H,258/SV-P,P,¥300,¥150,¥100,¥60,¥10,,¥300,https://files.cardrush.media/pokemon/ocha_products/64326.webp,300
ポケモンいれかえ 【P】{276/SV-P}[PROMO],I,276/SV-P,P,¥300,¥150,¥100,¥60,¥10,,¥300,https://files.cardrush.media/pokemon/ocha_products/69247.webp,300
ボスの指令/ゲーチス 【P】{278/SV-P}[PROMO],I,278/SV-P,P,¥300,¥150,¥100,¥60,¥10,,¥300,https://files.cardrush.media/pokemon/ocha_products/69249.webp,300
ミジュマル 【P】{276/S-P}[その他],F,276/S-P,P,¥300,¥150,¥100,¥60,¥10,,¥300,https://files.cardrush.media/pokemon/ocha_products/34328.webp,300
メッソン 【P】{131/S-P}[その他],D,131/S-P,P,¥300,¥150,¥100,¥60,¥10,,¥300,https://files.cardrush.media/pokemon/ocha_products/14576.webp,300
レジギガス 【P】{266/S-P}[その他],F,266/S-P,P,¥300,¥150,¥100,¥60,¥10,,¥300,https://files.cardrush.media/pokemon/ocha_products/33676.webp,300
ポケモンごっこ 【P】{057/S-P}[その他],D,057/S-P,P,¥300,¥150,¥100,¥60,¥10,,¥300,https://files.cardrush.media/pokemon/ocha_products/19888.webp,300
モクロー 【P】{204/SM-P}[その他],A,204/SM-P,P,¥300,¥150,¥100,¥60,¥10,,¥300,https://files.cardrush.media/pokemon/ocha_products/4241.webp,300
ガオガエン 【P】{018/SM-P}[その他],A,018/SM-P,P,¥300,¥150,¥100,¥60,¥10,,¥300,https://files.cardrush.media/pokemon/ocha_products/19898.webp,300
ガオガエン 【P】{113/SM-P}[その他],A,113/SM-P,P,¥300,¥150,¥100,¥60,¥10,,¥300,https://files.cardrush.media/pokemon/ocha_products/19925.webp,300
ツンデツンデ 【P】{311/SM-P}[SM9b],C,311/SM-P,P,¥300,¥150,¥100,¥60,¥10,,¥300,https://files.cardrush.media/pokemon/ocha_products/3134.webp,300
リオル 【P】{159/SM-P}[その他],B,159/SM-P,P,¥300,¥150,¥100,¥60,¥10,,¥300,https://files.cardrush.media/pokemon/ocha_products/1595.webp,300
メレシー 【P】{212/SM-P}[その他],B,212/SM-P,P,¥300,¥150,¥100,¥60,¥10,,¥300,https://files.cardrush.media/pokemon/ocha_products/1526.webp,300
ニューラ 【P】{119/SM-P}[その他],A,119/SM-P,P,¥300,¥150,¥100,¥60,¥10,,¥300,https://files.cardrush.media/pokemon/ocha_products/19927.webp,300
ゾロアーク 【P】{162/SM-P}[その他],B,162/SM-P,P,¥300,¥150,¥100,¥60,¥10,,¥300,https://files.cardrush.media/pokemon/ocha_products/19931.webp,300
ヒードラン 【P】{167/SM-P}[その他],B,167/SM-P,P,¥300,¥150,¥100,¥60,¥10,,¥300,https://files.cardrush.media/pokemon/ocha_products/19934.webp,300
アローラサンドパン 【P】{217/SM-P}[その他],B,217/SM-P,P,¥300,¥150,¥100,¥60,¥10,,¥300,https://files.cardrush.media/pokemon/ocha_products/19942.webp,300
ピッピ 【P】{301/SM-P}[その他],C,301/SM-P,P,¥300,¥150,¥100,¥60,¥10,,¥300,https://files.cardrush.media/pokemon/ocha_products/3640.webp,300
ハクリュー 【P】{302/SM-P}[その他],C,302/SM-P,P,¥300,¥150,¥100,¥60,¥10,,¥300,https://files.cardrush.media/pokemon/ocha_products/4239.webp,300
ラティオス 【P】{257/SM-P}[その他],B,257/SM-P,P,¥300,¥150,¥100,¥60,¥10,,¥300,https://files.cardrush.media/pokemon/ocha_products/19952.webp,300
ガルーラGX 【P】{303/SM-P}[その他],C,303/SM-P,P,¥300,¥150,¥100,¥60,¥10,,¥300,https://files.cardrush.media/pokemon/ocha_products/2771.webp,300
キテルグマGX 【P】{035/SM-P}[その他],A,035/SM-P,P,¥300,¥150,¥100,¥60,¥10,,¥300,https://files.cardrush.media/pokemon/ocha_products/1796.webp,300
レジギガス 【P】{117/SM-P}[その他],A,117/SM-P,P,¥300,¥150,¥100,¥60,¥10,,¥300,https://files.cardrush.media/pokemon/ocha_products/3637.webp,300
キテルグマ 【P】{058/SM-P}[その他],A,058/SM-P,P,¥300,¥150,¥100,¥60,¥10,,¥300,https://files.cardrush.media/pokemon/ocha_products/19913.webp,300
ククイ博士 【P】{096/SM-P}[その他],A,096/SM-P,P,¥300,¥150,¥100,¥60,¥10,,¥300,https://files.cardrush.media/pokemon/ocha_products/514.webp,300
やまおとこ 【P】{107/SM-P}[その他],A,107/SM-P,P,¥300,¥150,¥100,¥60,¥10,,¥300,https://files.cardrush.media/pokemon/ocha_products/1538.webp,300
リターンラベル 【P】{235/SM-P}[その他],B,235/SM-P,P,¥300,¥150,¥100,¥60,¥10,,¥300,https://files.cardrush.media/pokemon/ocha_products/1603.webp,300
ヒスイマルマインV 【SR】{078/071}[S10a],F,078/071,SR,¥300,¥150,¥100,¥60,¥10,,¥300,https://files.cardrush.media/pokemon/ocha_products/35357.webp,300
アローラナッシーV 【SR】{072/071}[S10b],F,072/071,SR,¥300,¥150,¥100,¥60,¥10,,¥300,https://files.cardrush.media/pokemon/ocha_products/35817.webp,300
シェイミV 【SR】{101/100}[S9],F,101/100,SR,¥300,¥150,¥100,¥60,¥10,,¥300,https://files.cardrush.media/pokemon/ocha_products/24413.webp,300
ジャローダV 【SR】{075/068}[S11a],F,075/068,SR,¥300,¥150,¥100,¥60,¥10,,¥300,https://files.cardrush.media/pokemon/ocha_products/37014.webp,300
コータスV 【SR】{061/060}[s1H],D,061/060,SR,¥300,¥150,¥100,¥60,¥10,,¥300,https://files.cardrush.media/pokemon/ocha_products/7033.webp,300
ヒードランV 【SR】{072/067}[S10P],F,072/067,SR,¥300,¥150,¥100,¥60,¥10,,¥300,https://files.cardrush.media/pokemon/ocha_products/34761.webp,300
エースバーンV 【SR】{072/070}[s1a],D,072/070,SR,¥300,¥150,¥100,¥60,¥10,,¥300,https://files.cardrush.media/pokemon/ocha_products/7356.webp,300
オムスターV 【SR】{100/098}[S12],F,100/098,SR,¥300,¥150,¥100,¥60,¥10,,¥300,https://files.cardrush.media/pokemon/ocha_products/37602.webp,300
ネオラントV 【SR】{104/100}[S9],F,104/100,SR,¥300,¥150,¥100,¥60,¥10,,¥300,https://files.cardrush.media/pokemon/ocha_products/24416.webp,300
ロトムV 【SR】{103/100}[S11],F,103/100,SR,¥300,¥150,¥100,¥60,¥10,,¥300,https://files.cardrush.media/pokemon/ocha_products/36370.webp,300
ガラルネギガナイトV 【SR】{106/100}[s4],D,106/100,SR,¥300,¥150,¥100,¥60,¥10,,¥300,https://files.cardrush.media/pokemon/ocha_products/14594.webp,300
イシヘンジンVMAX 【HR】{070/060}[s1W],D,070/060,HR,¥300,¥150,¥100,¥60,¥10,,¥300,https://files.cardrush.media/pokemon/ocha_products/7026.webp,300
いちげきウーラオスV 【SR】{074/070}[S5I],E,074/070,SR,¥300,¥150,¥100,¥60,¥10,,¥300,https://files.cardrush.media/pokemon/ocha_products/18235.webp,300
スカタンクV 【SR】{105/098}[S12],F,105/098,SR,¥300,¥150,¥100,¥60,¥10,,¥300,https://files.cardrush.media/pokemon/ocha_products/37607.webp,300
ドラピオンV S4【SR】{107/100}[s4],D,107/100,SR,¥300,¥150,¥100,¥60,¥10,,¥300,https://files.cardrush.media/pokemon/ocha_products/14595.webp,300
ドラピオンV S11【SR】{107/100}[S11],F,107/100,SR,¥300,¥150,¥100,¥60,¥10,,¥300,https://files.cardrush.media/pokemon/ocha_products/36374.webp,300
ヒスイダイケンキV 【SR】{078/067}[S9a],F,078/067,SR,¥300,¥150,¥100,¥60,¥10,,¥300,https://files.cardrush.media/pokemon/ocha_products/33702.webp,300
ヒスイダイケンキVSTAR 【HR】{087/067}[S9a],F,087/067,HR,¥300,¥150,¥100,¥60,¥10,,¥300,https://files.cardrush.media/pokemon/ocha_products/33711.webp,300
ダストダスV 【SR】{072/067}[S7D],E,072/067,SR,¥300,¥150,¥100,¥60,¥10,,¥300,https://files.cardrush.media/pokemon/ocha_products/21449.webp,300
マギアナV 【SR】{079/068}[S11a],F,079/068,SR,¥300,¥150,¥100,¥60,¥10,,¥300,https://files.cardrush.media/pokemon/ocha_products/37018.webp,300
ジュラルドンV 【SR】{075/067}[S7D],E,075/067,SR,¥300,¥150,¥100,¥60,¥10,,¥300,https://files.cardrush.media/pokemon/ocha_products/21452.webp,300
ワナイダーex 【SR】{091/078}[SV1V],G,091/078,SR,¥300,¥150,¥100,¥60,¥10,,¥300,https://files.cardrush.media/pokemon/ocha_products/39542.webp,300
グレンアルマex 【SR】{079/066}[SV4K],G,079/066,SR,¥300,¥150,¥100,¥60,¥10,,¥300,https://files.cardrush.media/pokemon/ocha_products/49642.webp,300
ルージュラex 【SR】{193/165}[SV2a],G,193/165,SR,¥300,¥150,¥100,¥60,¥10,,¥300,https://files.cardrush.media/pokemon/ocha_products/43852.webp,300
ヨワシGX 【SR】{174/173}[sm12a],C,174/173,SR,¥300,¥150,¥100,¥60,¥10,,¥300,https://files.cardrush.media/pokemon/ocha_products/6014.webp,300
ヨワシGX 【SR】{051/050}[sm2L],A,051/050,SR,¥300,¥150,¥100,¥60,¥10,,¥300,https://files.cardrush.media/pokemon/ocha_products/1552.webp,300
カプ・コケコex 【SR】{077/062}[SV3a],G,077/062,SR,¥300,¥150,¥100,¥60,¥10,,¥300,https://files.cardrush.media/pokemon/ocha_products/47866.webp,300
ミライドンex 【SR】{094/078}[SV1V],G,094/078,SR,¥300,¥150,¥100,¥60,¥10,,¥300,https://files.cardrush.media/pokemon/ocha_products/39545.webp,300
デカヌチャンex 【SR】{087/071}[SV2D],G,087/071,SR,¥300,¥150,¥100,¥60,¥10,,¥300,https://files.cardrush.media/pokemon/ocha_products/41849.webp,300
ゴローニャex 【SR】{191/165}[SV2a],G,191/165,SR,¥300,¥150,¥100,¥60,¥10,,¥300,https://files.cardrush.media/pokemon/ocha_products/43850.webp,300
コノヨザルex 【SR】{087/071}[SV2P],G,087/071,SR,¥300,¥150,¥100,¥60,¥10,,¥300,https://files.cardrush.media/pokemon/ocha_products/41821.webp,300
スナノケガワex 【SR】{083/066}[SV4K],G,083/066,SR,¥300,¥150,¥100,¥60,¥10,,¥300,https://files.cardrush.media/pokemon/ocha_products/49646.webp,300
ギルガルドex 【SR】{082/066}[SV4M],G,082/066,SR,¥300,¥150,¥100,¥60,¥10,,¥300,https://files.cardrush.media/pokemon/ocha_products/49674.webp,300
ガルーラex 【SR】{192/165}[SV2a],G,192/165,SR,¥300,¥150,¥100,¥60,¥10,,¥300,https://files.cardrush.media/pokemon/ocha_products/43851.webp,300
アスナ 【HR】{088/070}[S6H],E,088/070,HR,¥300,¥150,¥100,¥60,¥10,,¥300,https://files.cardrush.media/pokemon/ocha_products/20208.webp,300
アロマなおねえさん 【HR】{096/069}[S6a],E,096/069,HR,¥300,¥150,¥100,¥60,¥10,,¥300,https://files.cardrush.media/pokemon/ocha_products/20762.webp,300
エール団のしたっぱ 【HR】{071/060}[s1H],D,071/060,HR,¥300,¥150,¥100,¥60,¥10,,¥300,https://files.cardrush.media/pokemon/ocha_products/7043.webp,300
オニオン 【SR】{256/184}[S8b],D,256/184,SR,¥300,¥150,¥100,¥60,¥10,,¥300,https://files.cardrush.media/pokemon/ocha_products/23032.webp,300
カエデ 【SR】{097/078}[SV1V],G,097/078,SR,¥300,¥150,¥100,¥60,¥10,,¥300,https://files.cardrush.media/pokemon/ocha_products/39548.webp,300
カゲツ 【HR】{121/100}[S8],E,121/100,HR,¥300,¥150,¥100,¥60,¥10,,¥300,https://files.cardrush.media/pokemon/ocha_products/22206.webp,300
カブ 【SR】{077/070}[S2a],D,077/070,SR,¥300,¥150,¥100,¥60,¥10,,¥300,https://files.cardrush.media/pokemon/ocha_products/13178.webp,300
キクコ 【HR】{089/070}[S6K],E,089/070,HR,¥300,¥150,¥100,¥60,¥10,,¥300,https://files.cardrush.media/pokemon/ocha_products/20186.webp,300
さぎょういん 【HR】{119/098}[S12],F,119/098,HR,¥300,¥150,¥100,¥60,¥10,,¥300,https://files.cardrush.media/pokemon/ocha_products/37621.webp,300
シバ 【SR】{079/070}[S5I],E,079/070,SR,¥300,¥150,¥100,¥60,¥10,,¥300,https://files.cardrush.media/pokemon/ocha_products/18244.webp,300
タイサイ 【SR】{079/067}[S10P],F,079/067,SR,¥300,¥150,¥100,¥60,¥10,,¥300,https://files.cardrush.media/pokemon/ocha_products/34768.webp,300
ダンデ 【HR】{117/100}[s4],D,117/100,HR,¥300,¥150,¥100,¥60,¥10,,¥300,https://files.cardrush.media/pokemon/ocha_products/14605.webp,300
ドクター 【HR】{089/070}[S6H],E,089/070,HR,¥300,¥150,¥100,¥60,¥10,,¥300,https://files.cardrush.media/pokemon/ocha_products/20209.webp,300
ネズ 【HR】{115/100}[s3],D,115/100,HR,¥300,¥150,¥100,¥60,¥10,,¥300,https://files.cardrush.media/pokemon/ocha_products/13909.webp,300
バーネット博士 【SR】{265/184}[S8b],E,265/184,SR,¥300,¥150,¥100,¥60,¥10,,¥300,https://files.cardrush.media/pokemon/ocha_products/23041.webp,300
パルデアの学生 【SR】{346/190}[SV4a],G,346/190,SR,¥300,¥150,¥100,¥60,¥10,,¥300,https://files.cardrush.media/pokemon/ocha_products/51075.webp,300
ビート 【HR】{072/060}[s1W],D,072/060,HR,¥300,¥150,¥100,¥60,¥10,,¥300,https://files.cardrush.media/pokemon/ocha_products/7028.webp,300
ピオニー 【HR】{090/070}[S6H],E,090/070,HR,¥300,¥150,¥100,¥60,¥10,,¥300,https://files.cardrush.media/pokemon/ocha_products/20210.webp,300
ペパー 【SR】{099/078}[SV1V],G,099/078,SR,¥300,¥150,¥100,¥60,¥10,,¥300,https://files.cardrush.media/pokemon/ocha_products/39550.webp,300
ポッドとデントとコーン 【SR】{115/100}[S8],E,115/100,SR,¥300,¥150,¥100,¥60,¥10,,¥300,https://files.cardrush.media/pokemon/ocha_products/22200.webp,300
ポプラ 【HR】{091/076}[s3a],D,091/076,HR,¥300,¥150,¥100,¥60,¥10,,¥300,https://files.cardrush.media/pokemon/ocha_products/14152.webp,300
メロン 【HR】{091/070}[S6H],E,091/070,HR,¥300,¥150,¥100,¥60,¥10,,¥300,https://files.cardrush.media/pokemon/ocha_products/20211.webp,300
モノマネむすめ 【HR】{086/067}[S7D],E,086/067,HR,¥300,¥150,¥100,¥60,¥10,,¥300,https://files.cardrush.media/pokemon/ocha_products/21463.webp,300
ワタル 【SR】{114/098}[S12],F,114/098,SR,¥300,¥150,¥100,¥60,¥10,,¥300,https://files.cardrush.media/pokemon/ocha_products/37616.webp,300
エレキチャージャー 【UR】{063/052}[sm8a],B,063/052,UR,¥300,¥150,¥100,¥60,¥10,,¥300,https://files.cardrush.media/pokemon/ocha_products/2015.webp,300
おむかえちょうちん 【UR】{093/070}[S6H],E,093/070,UR,¥300,¥150,¥100,¥60,¥10,,¥300,https://files.cardrush.media/pokemon/ocha_products/20213.webp,300
スイレンのつりざお 【UR】{073/049}[sm11b],C,073/049,UR,¥300,¥150,¥100,¥60,¥10,,¥300,https://files.cardrush.media/pokemon/ocha_products/5207.webp,300
スーパーエネルギー回収 【UR】{098/071}[SV2D],G,098/071,UR,¥300,¥150,¥100,¥60,¥10,,¥300,https://files.cardrush.media/pokemon/ocha_products/41860.webp,300
パワータブレット 【UR】{126/100}[S8],E,126/100,UR,¥300,¥150,¥100,¥60,¥10,,¥300,https://files.cardrush.media/pokemon/ocha_products/22211.webp,300
やまびこホーン 【UR】{094/070}[S6K],E,094/070,UR,¥300,¥150,¥100,¥60,¥10,,¥300,https://files.cardrush.media/pokemon/ocha_products/20167.webp,300
Uターンボード 【UR】{067/054}[sm10b],C,067/054,UR,¥300,¥150,¥100,¥60,¥10,,¥300,https://files.cardrush.media/pokemon/ocha_products/4418.webp,300
くろおび 【UR】{069/054}[sm10a],C,069/054,UR,¥300,¥150,¥100,¥60,¥10,,¥300,https://files.cardrush.media/pokemon/ocha_products/4011.webp,300
ゴージャスマント 【UR】{094/066}[SV4K],G,094/066,UR,¥300,¥150,¥100,¥60,¥10,,¥300,https://files.cardrush.media/pokemon/ocha_products/49657.webp,300
しまめぐりのあかし 【UR】{116/095}[sm12],C,116/095,UR,¥300,¥150,¥100,¥60,¥10,,¥300,https://files.cardrush.media/pokemon/ocha_products/5497.webp,300
タフネスマント 【UR】{094/076}[s3a],D,094/076,UR,¥300,¥150,¥100,¥60,¥10,,¥300,https://files.cardrush.media/pokemon/ocha_products/14154.webp,300
ハッスルベルト 【UR】{112/096}[sm7],B,112/096,UR,¥300,¥150,¥100,¥60,¥10,,¥300,https://files.cardrush.media/pokemon/ocha_products/1076.webp,300
メモリーカプセル 【UR】{121/100}[s4],D,121/100,UR,¥300,¥150,¥100,¥60,¥10,,¥300,https://files.cardrush.media/pokemon/ocha_products/14609.webp,300
英雄のメダル 【UR】{093/076}[s3a],D,093/076,UR,¥300,¥150,¥100,¥60,¥10,,¥300,https://files.cardrush.media/pokemon/ocha_products/14153.webp,300
セレビィ◇ 【PR】{015/095}[sm8],B,015/095,PR,¥300,¥150,¥100,¥60,¥10,,¥300,https://files.cardrush.media/pokemon/ocha_products/1851.webp,300
シェイミ◇ 【PR】{011/173}[sm12a],B,011/173,PR,¥300,¥150,¥100,¥60,¥10,,¥300,https://files.cardrush.media/pokemon/ocha_products/5725.webp,300
リーフィアV RR仕様【P】{268/S-P}[その他],F,268/S-P,P,¥300,¥150,¥100,¥60,¥10,,¥300,https://files.cardrush.media/pokemon/ocha_products/24677.webp,300
フシギバナex RR仕様【-】{003/049}[SVG],G,003/049,-,¥300,¥150,¥100,¥60,¥10,,¥300,https://files.cardrush.media/pokemon/ocha_products/50161.webp,300
バタフリーVMAX 【RRR】{002/070}[S2a],D,002/070,RRR,¥300,¥150,¥100,¥60,¥10,,¥300,https://files.cardrush.media/pokemon/ocha_products/13103.webp,300
ラフレシア 【R】{003/051}[sm3H],A,003/051,R,¥300,¥150,¥100,¥60,¥10,,¥300,https://files.cardrush.media/pokemon/ocha_products/3145.webp,300
カイロスGX RR仕様【-】{005/051}[SML],C,005/051,-,¥300,¥150,¥100,¥60,¥10,,¥300,https://files.cardrush.media/pokemon/ocha_products/3572.webp,300
リーフィアVMAX 【RRR】{003/069}[S6a],E,003/069,RRR,¥300,¥150,¥100,¥60,¥10,,¥300,https://files.cardrush.media/pokemon/ocha_products/20653.webp,300
ビリジオンGX 【RR】{006/060}[sm7a],B,006/060,RR,¥300,¥150,¥100,¥60,¥10,,¥300,https://files.cardrush.media/pokemon/ocha_products/1190.webp,300
ビクティニ◇ 【PR】{004/053}[sm6a],B,004/053,PR,¥300,¥150,¥100,¥60,¥10,,¥300,https://files.cardrush.media/pokemon/ocha_products/1181.webp,300
ビクティニ◇ 【PR】{021/173}[sm12a],B,021/173,PR,¥300,¥150,¥100,¥60,¥10,,¥300,https://files.cardrush.media/pokemon/ocha_products/5743.webp,300
エンニュートGX 【RR】{010/049}[sm2+],A,010/049,RR,¥300,¥150,¥100,¥60,¥10,,¥300,https://files.cardrush.media/pokemon/ocha_products/278.webp,300
スターミーGX RR仕様【-】{004/031}[SMK],C,004/031,-,¥300,¥150,¥100,¥60,¥10,,¥300,https://files.cardrush.media/pokemon/ocha_products/3050.webp,300
キングドラGX 【RR】{014/053}[sm6a],B,014/053,RR,¥300,¥150,¥100,¥60,¥10,,¥300,https://files.cardrush.media/pokemon/ocha_products/508.webp,300
グレイシアVMAX 【RRR】{025/069}[S6a],E,025/069,RRR,¥300,¥150,¥100,¥60,¥10,,¥300,https://files.cardrush.media/pokemon/ocha_products/20675.webp,300
パルキアGX 【RR】{010/050}[sm5+],B,010/050,RR,¥300,¥150,¥100,¥60,¥10,,¥300,https://files.cardrush.media/pokemon/ocha_products/1104.webp,300
アシレーヌGX RR仕様【-】{014/059}[smA],A,014/059,-,¥300,¥150,¥100,¥60,¥10,,¥300,https://files.cardrush.media/pokemon/ocha_products/146.webp,300
クワガノンV 【RR】{025/070}[S2a],D,025/070,RR,¥300,¥150,¥100,¥60,¥10,,¥300,https://files.cardrush.media/pokemon/ocha_products/13126.webp,300
ライチュウ 【R】{014/051}[sm3N],A,014/051,R,¥300,¥150,¥100,¥60,¥10,,¥300,https://files.cardrush.media/pokemon/ocha_products/2134.webp,300
アローラライチュウ 【R】{010/054}[sm10a],C,010/054,R,¥300,¥150,¥100,¥60,¥10,,¥300,https://files.cardrush.media/pokemon/ocha_products/3952.webp,300
ミュウツーex RR仕様【-】{001/020}[SVEM],G,001/020,-,¥300,¥150,¥100,¥60,¥10,,¥300,https://files.cardrush.media/pokemon/ocha_products/47882.webp,300
モルペコV-UNION 【RRR】{056/184~059/184}[S8b],E,056/184~059/184,RRR,¥300,¥150,¥100,¥60,¥10,,¥300,https://files.cardrush.media/pokemon/ocha_products/22697.webp,300
ミュウツーV 【RR】{030/071}[S10b],F,030/071,RR,¥300,¥150,¥100,¥60,¥10,,¥300,https://files.cardrush.media/pokemon/ocha_products/35756.webp,300
ミュウツーV 【RR】{050/172}[S12a],F,050/172,RR,¥300,¥150,¥100,¥60,¥10,,¥300,https://files.cardrush.media/pokemon/ocha_products/38134.webp,300
ゲンガー 【R】{094/165}[SV2a],G,094/165,R,¥300,¥150,¥100,¥60,¥10,,¥300,https://files.cardrush.media/pokemon/ocha_products/43435.webp,300
バリヤードGX 【RR】{025/066}[sm6b],B,025/066,RR,¥300,¥150,¥100,¥60,¥10,,¥300,https://files.cardrush.media/pokemon/ocha_products/1098.webp,300
ジュペッタGX 【RR】{031/066}[sm6b],B,031/066,RR,¥300,¥150,¥100,¥60,¥10,,¥300,https://files.cardrush.media/pokemon/ocha_products/718.webp,300
オドリドリGX 【RR】{035/095}[sm12],C,035/095,RR,¥300,¥150,¥100,¥60,¥10,,¥300,https://files.cardrush.media/pokemon/ocha_products/5416.webp,300
ドヒドイデGX 【RR】{026/051}[sm1+],A,026/051,RR,¥300,¥150,¥100,¥60,¥10,,¥300,https://files.cardrush.media/pokemon/ocha_products/958.webp,300
カプ・テテフGX RR仕様【-】{010/035}[smJ],A,010/035,-,¥300,¥150,¥100,¥60,¥10,,¥300,https://files.cardrush.media/pokemon/ocha_products/2726.webp,300
カプ・テテフGX 【RR】{022/050}[sm2L],A,022/050,RR,¥300,¥150,¥100,¥60,¥10,,¥300,https://files.cardrush.media/pokemon/ocha_products/379.webp,300
カプ・テテフGX 【RR】{045/114}[sm4+],A,045/114,RR,¥300,¥150,¥100,¥60,¥10,,¥300,https://files.cardrush.media/pokemon/ocha_products/380.webp,300
カプ・テテフGX 【RR】{044/150}[sm8b],A,044/150,RR,¥300,¥150,¥100,¥60,¥10,,¥300,https://files.cardrush.media/pokemon/ocha_products/2209.webp,300
カプ・テテフGX 【P】{133/SV-P}[PROMO],A,133/SV-P,P,¥300,¥150,¥100,¥60,¥10,,¥300,https://files.cardrush.media/pokemon/ocha_products/52525.webp,300
ルナアーラGX 【RR】{049/114}[sm4+],A,049/114,RR,¥300,¥150,¥100,¥60,¥10,,¥300,https://files.cardrush.media/pokemon/ocha_products/1638.webp,300
ウツロイドGX 【RR】{022/050}[sm4A],A,022/050,RR,¥300,¥150,¥100,¥60,¥10,,¥300,https://files.cardrush.media/pokemon/ocha_products/216.webp,300
ジガルデGX 【RR】{050/094}[sm6],B,050/094,RR,¥300,¥150,¥100,¥60,¥10,,¥300,https://files.cardrush.media/pokemon/ocha_products/657.webp,300
ブラッキーV 【RR】{047/069}[S6a],E,047/069,RR,¥300,¥150,¥100,¥60,¥10,,¥300,https://files.cardrush.media/pokemon/ocha_products/20697.webp,300
アクジキングGX 【RR】{065/114}[sm4+],A,065/114,RR,¥300,¥150,¥100,¥60,¥10,,¥300,https://files.cardrush.media/pokemon/ocha_products/139.webp,300
ソルガレオGX 【RR】{040/060}[sm1S],A,040/060,RR,¥300,¥150,¥100,¥60,¥10,,¥300,https://files.cardrush.media/pokemon/ocha_products/798.webp,300
ソルガレオGX 【RR】{070/114}[sm4+],A,070/114,RR,¥300,¥150,¥100,¥60,¥10,,¥300,https://files.cardrush.media/pokemon/ocha_products/799.webp,300
ソルガレオGX RR仕様【-】{007/021}[smE],B,007/021,-,¥300,¥150,¥100,¥60,¥10,,¥300,https://files.cardrush.media/pokemon/ocha_products/796.webp,300
ザマゼンタVSTAR RRR仕様【-】{006/006}[SP6],F,006/006,-,¥300,¥150,¥100,¥60,¥10,,¥300,https://files.cardrush.media/pokemon/ocha_products/36754.webp,300
カイリューV 【RR】{042/067}[S7R],E,042/067,RR,¥300,¥150,¥100,¥60,¥10,,¥300,https://files.cardrush.media/pokemon/ocha_products/21322.webp,300
カイリュー 【R】{065/095}[sm9],C,065/095,R,¥300,¥150,¥100,¥60,¥10,,¥300,https://files.cardrush.media/pokemon/ocha_products/2662.webp,300
チルタリスGX 【RR】{061/096}[sm7],B,061/096,RR,¥300,¥150,¥100,¥60,¥10,,¥300,https://files.cardrush.media/pokemon/ocha_products/904.webp,300
ホウオウV 【RR】{055/068}[S11a],F,055/068,RR,¥300,¥150,¥100,¥60,¥10,,¥300,https://files.cardrush.media/pokemon/ocha_products/36944.webp,300
ニャース 【-】{013/026}[smD],A,013/026,-,¥300,¥150,¥100,¥60,¥10,,¥300,https://files.cardrush.media/pokemon/ocha_products/4162.webp,300
ネットボール 【TR】{051/054}[sm10b],B,051/054,TR,¥300,¥150,¥100,¥60,¥10,,¥300,https://files.cardrush.media/pokemon/ocha_products/4371.webp,300
ポケモン通信 【U】{050/053}[BW1],C,050/053,U,¥300,¥150,¥100,¥60,¥10,,¥300,https://files.cardrush.media/pokemon/ocha_products/3650.webp,300
ウツギ博士のレクチャー 【TR】{095/095}[sm12],B,095/095,TR,¥300,¥150,¥100,¥60,¥10,,¥300,https://files.cardrush.media/pokemon/ocha_products/5476.webp,300
グラジオ 【TR】{052/054}[sm10b],A,052/054,TR,¥300,¥150,¥100,¥60,¥10,,¥300,https://files.cardrush.media/pokemon/ocha_products/4372.webp,300
シロナ 【TR】{095/095}[sm10],B,095/095,TR,¥300,¥150,¥100,¥60,¥10,,¥300,https://files.cardrush.media/pokemon/ocha_products/3390.webp,300
シルヴァディGX 【RR】{041/049}[sm11b],C,041/049,RR,¥300,¥150,¥100,¥60,¥10,,¥300,https://files.cardrush.media/pokemon/ocha_products/5175.webp,300
マリィ 【P】{340/S-P}[その他],D,340/S-P,P,¥300,¥150,¥100,¥60,¥10,,¥300,https://files.cardrush.media/pokemon/ocha_products/39041.webp,300
モノマネむすめ LEGEND【U】{069/070}[その他],E,069/070,U,¥300,¥150,¥100,¥60,¥10,,¥300,https://files.cardrush.media/pokemon/ocha_products/4086.webp,300
モノマネむすめ 【◆】{078/084}[その他],E,078/084,◆,¥300,¥150,¥100,¥60,¥10,,¥300,https://files.cardrush.media/pokemon/ocha_products/4090.webp,300
イーブイ 【P】{181/S-P}[その他],E,181/S-P,P,¥300,¥150,¥100,¥60,¥10,,¥300,https://files.cardrush.media/pokemon/ocha_products/21179.webp,300
ロケット団の幹部 25th【P】{013/025}[S8a-P],その他,013/025,P,¥250,¥100,¥50,¥20,¥5,,¥300,https://files.cardrush.media/pokemon/ocha_products/22391.webp,250
ネンドール 25th【P】{016/025}[S8a-P],その他,016/025,P,¥250,¥100,¥50,¥20,¥5,,¥300,https://files.cardrush.media/pokemon/ocha_products/22394.webp,250
ハリマロン 【P】{148/XY-P}[XY],PROMO,148/XY-P,P,¥250,¥100,¥50,¥20,¥5,,¥300,https://files.cardrush.media/pokemon/ocha_products/72374.webp,250
カイリキー 【P】{067/XY-P}[XY],PROMO,067/XY-P,P,¥250,¥100,¥50,¥20,¥5,,¥300,https://files.cardrush.media/pokemon/ocha_products/72331.webp,250
ジガルデ 【P】{252/XY-P}[XY],PROMO,252/XY-P,P,¥250,¥100,¥50,¥20,¥5,,¥300,https://files.cardrush.media/pokemon/ocha_products/72416.webp,250
ジガルデ 【P】{251/XY-P}[XY],PROMO,251/XY-P,P,¥250,¥100,¥50,¥20,¥5,,¥300,https://files.cardrush.media/pokemon/ocha_products/72415.webp,250
ルチャブル 【P】{065/XY-P}[XY],PROMO,065/XY-P,P,¥250,¥100,¥50,¥20,¥5,,¥300,https://files.cardrush.media/pokemon/ocha_products/72330.webp,250
ヒポポタス 【P】{159/XY-P}[XY],PROMO,159/XY-P,P,¥250,¥100,¥50,¥20,¥5,,¥300,https://files.cardrush.media/pokemon/ocha_products/72378.webp,250
ランドロス 【P】{060/XY-P}[XY],PROMO,060/XY-P,P,¥250,¥100,¥50,¥20,¥5,,¥300,https://files.cardrush.media/pokemon/ocha_products/72326.webp,250
ルチャブルEX 【P】{038/XY-P}[XY],PROMO,038/XY-P,P,¥250,¥100,¥50,¥20,¥5,,¥300,https://files.cardrush.media/pokemon/ocha_products/72313.webp,250
ラルトス 【P】{131/XY-P}[XY],PROMO,131/XY-P,P,¥250,¥100,¥50,¥20,¥5,,¥300,https://files.cardrush.media/pokemon/ocha_products/72365.webp,250
ピッピ 【P】{014/XY-P}[XY],PROMO,014/XY-P,P,¥250,¥100,¥50,¥20,¥5,,¥300,https://files.cardrush.media/pokemon/ocha_products/72298.webp,250
チルット 【P】{116/XY-P}[XY],PROMO,116/XY-P,P,¥250,¥100,¥50,¥20,¥5,,¥300,https://files.cardrush.media/pokemon/ocha_products/72359.webp,250
マメパト 【P】{005/BW-P}[BW-P],PROMO,005/BW-P,P,¥250,¥100,¥50,¥20,¥5,,¥300,https://files.cardrush.media/pokemon/ocha_products/71162.webp,250
キバゴ 【P】{006/BW-P}[BW-P],PROMO,006/BW-P,P,¥250,¥100,¥50,¥20,¥5,,¥300,https://files.cardrush.media/pokemon/ocha_products/71163.webp,250
ヒトモシ 【P】{009/BW-P}[BW-P],PROMO,009/BW-P,P,¥250,¥100,¥50,¥20,¥5,,¥300,https://files.cardrush.media/pokemon/ocha_products/71165.webp,250
ポケモン図鑑 【P】{023/BW-P}[BW-P],PROMO,023/BW-P,P,¥250,¥100,¥50,¥20,¥5,,¥300,https://files.cardrush.media/pokemon/ocha_products/71173.webp,250
ナゲキ 【P】{040/BW-P}[BW-P],PROMO,040/BW-P,P,¥250,¥100,¥50,¥20,¥5,,¥300,https://files.cardrush.media/pokemon/ocha_products/71184.webp,250
ダゲキ 【P】{041/BW-P}[BW-P],PROMO,041/BW-P,P,¥250,¥100,¥50,¥20,¥5,,¥300,https://files.cardrush.media/pokemon/ocha_products/71185.webp,250
ゼブライカ 【P】{054/BW-P}[BW-P],PROMO,054/BW-P,P,¥250,¥100,¥50,¥20,¥5,,¥300,https://files.cardrush.media/pokemon/ocha_products/71201.webp,250
ゴチルゼル 【P】{055/BW-P}[BW-P],PROMO,055/BW-P,P,¥250,¥100,¥50,¥20,¥5,,¥300,https://files.cardrush.media/pokemon/ocha_products/71203.webp,250
ランクルス 【P】{056/BW-P}[BW-P],PROMO,056/BW-P,P,¥250,¥100,¥50,¥20,¥5,,¥300,https://files.cardrush.media/pokemon/ocha_products/71205.webp,250
レパルダス 【P】{066/BW-P}[BW-P],PROMO,066/BW-P,P,¥250,¥100,¥50,¥20,¥5,,¥300,https://files.cardrush.media/pokemon/ocha_products/71222.webp,250
キリキザン 【P】{067/BW-P}[BW-P],PROMO,067/BW-P,P,¥250,¥100,¥50,¥20,¥5,,¥300,https://files.cardrush.media/pokemon/ocha_products/71224.webp,250
オノノクス 【P】{070/BW-P}[BW-P],PROMO,070/BW-P,P,¥250,¥100,¥50,¥20,¥5,,¥300,https://files.cardrush.media/pokemon/ocha_products/71230.webp,250
ワルビアル 【P】{094/BW-P}[BW-P],PROMO,094/BW-P,P,¥250,¥100,¥50,¥20,¥5,,¥300,https://files.cardrush.media/pokemon/ocha_products/71244.webp,250
チョロネコ 【P】{095/BW-P}[BW-P],PROMO,095/BW-P,P,¥250,¥100,¥50,¥20,¥5,,¥300,https://files.cardrush.media/pokemon/ocha_products/71245.webp,250
ドリュウズ 【P】{118/BW-P}[BW-P],PROMO,118/BW-P,P,¥250,¥100,¥50,¥20,¥5,,¥300,https://files.cardrush.media/pokemon/ocha_products/71259.webp,250
リグレー 【P】{126/BW-P}[BW-P],PROMO,126/BW-P,P,¥250,¥100,¥50,¥20,¥5,,¥300,https://files.cardrush.media/pokemon/ocha_products/71267.webp,250
ズルッグ 【P】{174/BW-P}[BW-P],PROMO,174/BW-P,P,¥250,¥100,¥50,¥20,¥5,,¥300,https://files.cardrush.media/pokemon/ocha_products/71296.webp,250
バッフロン 【P】{178/BW-P}[BW-P],PROMO,178/BW-P,P,¥250,¥100,¥50,¥20,¥5,,¥300,https://files.cardrush.media/pokemon/ocha_products/71299.webp,250
ゼブライカ 【P】{199/BW-P}[BW-P],PROMO,199/BW-P,P,¥250,¥100,¥50,¥20,¥5,,¥300,https://files.cardrush.media/pokemon/ocha_products/71310.webp,250
レパルダス 【P】{200/BW-P}[BW-P],PROMO,200/BW-P,P,¥250,¥100,¥50,¥20,¥5,,¥300,https://files.cardrush.media/pokemon/ocha_products/71312.webp,250
ヤナップ 【P】{202/BW-P}[BW-P],PROMO,202/BW-P,P,¥250,¥100,¥50,¥20,¥5,,¥300,https://files.cardrush.media/pokemon/ocha_products/71316.webp,250
タマタマ 【P】{341/S-P}[その他],EX,341/S-P,P,¥250,¥100,¥50,¥20,¥5,,¥300,https://files.cardrush.media/pokemon/ocha_products/39042.webp,250
ビリリダマ 【C】{021/060}[XY1],EX,021/060,C,¥250,¥100,¥50,¥20,¥5,,¥300,https://files.cardrush.media/pokemon/ocha_products/55396.webp,250
ブラッキーV 【RR】{100/184}[S8b],E,100/184,RR,¥250,¥150,¥100,¥50,¥10,,¥300,https://files.cardrush.media/pokemon/ocha_products/22738.webp,250
ホルビー 【P】{056/M-P}[その他],EX,056/M-P,P,¥250,¥100,¥50,¥20,¥5,,¥300,https://files.cardrush.media/pokemon/ocha_products/79040.webp,250
かるいし 【P】{062/M-P}[その他],EX,062/M-P,P,¥250,¥100,¥50,¥20,¥5,,¥300,https://files.cardrush.media/pokemon/ocha_products/78379.webp,250
きあいのタスキ 【-】{123/171}[XY],EX,123/171,-,¥250,¥100,¥50,¥20,¥5,,¥300,https://files.cardrush.media/pokemon/ocha_products/414.webp,250
きあいのタスキ 【U】{088/096}[XY3],EX,088/096,U,¥250,¥100,¥50,¥20,¥5,,¥300,https://files.cardrush.media/pokemon/ocha_products/415.webp,250
パソコン通信 【-】{046/048}[EXB01],EX,046/048,-,¥250,¥100,¥50,¥20,¥5,,¥300,https://files.cardrush.media/pokemon/ocha_products/6136.webp,250
ミュウツーソウルリンク 【-】{133/171}[XY],EX,133/171,-,¥250,¥100,¥50,¥20,¥5,,¥300,https://files.cardrush.media/pokemon/ocha_products/61193.webp,250
N 【-】{011/018}[smB],EX,011/018,-,¥250,¥100,¥50,¥20,¥5,,¥300,https://files.cardrush.media/pokemon/ocha_products/114.webp,250
N 【-】{014/019}[XYg],EX,014/019,-,¥250,¥100,¥50,¥20,¥5,,¥300,https://files.cardrush.media/pokemon/ocha_products/119.webp,250
N 【-】{016/020}[smF],EX,016/020,-,¥250,¥100,¥50,¥20,¥5,,¥300,https://files.cardrush.media/pokemon/ocha_products/115.webp,250
N 【-】{026/041}[smG],EX,026/041,-,¥250,¥100,¥50,¥20,¥5,,¥300,https://files.cardrush.media/pokemon/ocha_products/116.webp,250
N 【-】{036/048}[EXB01],EX,036/048,-,¥250,¥100,¥50,¥20,¥5,,¥300,https://files.cardrush.media/pokemon/ocha_products/6126.webp,250
N 【U】{076/078}[XY10],EX,076/078,U,¥250,¥100,¥50,¥20,¥5,,¥300,https://files.cardrush.media/pokemon/ocha_products/121.webp,250
N 【-】{016/018}[BKR],EX,016/018,-,¥250,¥100,¥50,¥20,¥5,,¥300,https://files.cardrush.media/pokemon/ocha_products/40175.webp,250
N 【-】{139/171}[XY],EX,139/171,-,¥250,¥100,¥50,¥20,¥5,,¥300,https://files.cardrush.media/pokemon/ocha_products/118.webp,250
センパイとコウハイ 【-】{031/041}[smG],EX,031/041,-,¥250,¥100,¥50,¥20,¥5,,¥300,https://files.cardrush.media/pokemon/ocha_products/785.webp,250
センパイとコウハイ 【U】{066/070}[XY5黄],EX,066/070,U,¥250,¥100,¥50,¥20,¥5,,¥300,https://files.cardrush.media/pokemon/ocha_products/789.webp,250
センパイとコウハイ 【-】{147/171}[XY],EX,147/171,-,¥250,¥100,¥50,¥20,¥5,,¥300,https://files.cardrush.media/pokemon/ocha_products/786.webp,250
ミツル 【-】{036/041}[smG],EX,036/041,-,¥250,¥100,¥50,¥20,¥5,,¥300,https://files.cardrush.media/pokemon/ocha_products/1494.webp,250
ミツル 【U】{076/078}[XY6],EX,076/078,U,¥250,¥100,¥50,¥20,¥5,,¥300,https://files.cardrush.media/pokemon/ocha_products/1497.webp,250
スカイフィールド 【P】{141/SV-P}[PROMO],XY,141/SV-P,P,¥250,¥100,¥50,¥20,¥5,,¥300,https://files.cardrush.media/pokemon/ocha_products/52533.webp,250
テールナー 【U】{004/027}[CP2],EX,004/027,U,¥250,¥100,¥50,¥20,¥5,,¥300,https://files.cardrush.media/pokemon/ocha_products/18510.webp,250
アルフの遺跡 【-】{077/080}[その他],HOF,077/080,-,¥250,¥100,¥50,¥20,¥5,,¥300,https://files.cardrush.media/pokemon/ocha_products/4320.webp,250
ベトベター 【●】{004/086}[P5],-,004/086,●,¥250,¥100,¥50,¥20,¥5,,¥300,https://files.cardrush.media/pokemon/ocha_products/66261.webp,250
ガーディ 【●】{015/086}[P5],-,015/086,●,¥250,¥100,¥50,¥20,¥5,,¥300,https://files.cardrush.media/pokemon/ocha_products/66265.webp,250
カメール 【-】{019/052}[PS-1],-,019/052,-,¥250,¥100,¥50,¥20,¥5,,¥300,https://files.cardrush.media/pokemon/ocha_products/66255.webp,250
トドグラー 【★】{028/086}[P5],-,028/086,★,¥250,¥100,¥50,¥20,¥5,,¥300,https://files.cardrush.media/pokemon/ocha_products/66268.webp,250
ソーナンス 【★】{031/108}[PWCP],-,031/108,★,¥250,¥100,¥50,¥20,¥5,,¥300,https://files.cardrush.media/pokemon/ocha_products/66273.webp,250
キリンリキ 【★】{044/086}[P5],-,044/086,★,¥250,¥100,¥50,¥20,¥5,,¥300,https://files.cardrush.media/pokemon/ocha_products/66274.webp,250
カゲボウズ 【◆】{037/075}[P8],-,037/075,◆,¥250,¥100,¥50,¥20,¥5,,¥300,https://files.cardrush.media/pokemon/ocha_products/66251.webp,250
ソーナノ 【◆】{032/053}[AD2],-,032/053,◆,¥250,¥100,¥50,¥20,¥5,,¥300,https://files.cardrush.media/pokemon/ocha_products/66269.webp,250
ソーナノ 【★】{046/086}[P5],-,046/086,★,¥250,¥100,¥50,¥20,¥5,,¥300,https://files.cardrush.media/pokemon/ocha_products/66270.webp,250
ソーナノ 【●】{042/108}[PWCP],-,042/108,●,¥250,¥100,¥50,¥20,¥5,,¥300,https://files.cardrush.media/pokemon/ocha_products/66271.webp,250
ディグダ 【●】{057/082}[P1],-,057/082,●,¥250,¥100,¥50,¥20,¥5,,¥300,https://files.cardrush.media/pokemon/ocha_products/66277.webp,250
ヌマクロー 【-】{006/016}[PS-5G],-,006/016,-,¥250,¥100,¥50,¥20,¥5,,¥300,https://files.cardrush.media/pokemon/ocha_products/66262.webp,250
オニスズメ 【●】{050/075}[P8],-,050/075,●,¥250,¥100,¥50,¥20,¥5,,¥300,https://files.cardrush.media/pokemon/ocha_products/66266.webp,250
マグマ団のモンスターボール 【-】{026/033}[AD-dm],-,026/033,-,¥250,¥100,¥50,¥20,¥5,,¥300,https://files.cardrush.media/pokemon/ocha_products/66185.webp,250
どっきり！タイムマシーン 【◆】{075/084}[P3],-,075/084,◆,¥250,¥100,¥50,¥20,¥5,,¥300,https://files.cardrush.media/pokemon/ocha_products/66189.webp,250
超古代のワザマシン岩 【◆】{076/083}[AD4],-,076/083,◆,¥250,¥100,¥50,¥20,¥5,,¥300,https://files.cardrush.media/pokemon/ocha_products/66199.webp,250
クルミのリクエスト 【◆】{098/106}[P4],-,098/106,◆,¥250,¥100,¥50,¥20,¥5,,¥300,https://files.cardrush.media/pokemon/ocha_products/66226.webp,250
ホロンの娘 【◆】{081/086}[P6],-,081/086,◆,¥250,¥100,¥50,¥20,¥5,,¥300,https://files.cardrush.media/pokemon/ocha_products/66234.webp,250
ウツギはかせの育てかた 【◆】{097/106}[P4],-,097/106,◆,¥250,¥100,¥50,¥20,¥5,,¥300,https://files.cardrush.media/pokemon/ocha_products/66235.webp,250
TVレポーター 【-】{020/024}[PS-6B],-,020/024,-,¥250,¥100,¥50,¥20,¥5,,¥300,https://files.cardrush.media/pokemon/ocha_products/66216.webp,250
不思議な大樹 【◆】{085/086}[P5],-,085/086,◆,¥250,¥100,¥50,¥20,¥5,,¥300,https://files.cardrush.media/pokemon/ocha_products/66209.webp,250
クルミのリクエスト 【-】{014/016}[その他],-,014/016,-,¥250,¥100,¥50,¥20,¥5,,¥300,https://files.cardrush.media/pokemon/ocha_products/84670.webp,250
TVレポーター 【◆】{051/054}[その他],-,051/054,◆,¥250,¥100,¥50,¥20,¥5,,¥300,https://files.cardrush.media/pokemon/ocha_products/84747.webp,250
TVレポーター 【-】{017/019}[その他],-,017/019,-,¥250,¥100,¥50,¥20,¥5,,¥300,https://files.cardrush.media/pokemon/ocha_products/84748.webp,250
TVレポーター 【-】{015/019}[その他],-,015/019,-,¥250,¥100,¥50,¥20,¥5,,¥300,https://files.cardrush.media/pokemon/ocha_products/84749.webp,250
TVレポーター 【-】{010/015}[その他],-,010/015,-,¥250,¥100,¥50,¥20,¥5,,¥300,https://files.cardrush.media/pokemon/ocha_products/84750.webp,250
TVレポーター 【-】{009/015}[その他],-,009/015,-,¥250,¥100,¥50,¥20,¥5,,¥300,https://files.cardrush.media/pokemon/ocha_products/84751.webp,250
ルナトーン 【★】{051/082}[その他],-,051/082,★,¥250,¥100,¥50,¥20,¥5,,¥300,https://files.cardrush.media/pokemon/ocha_products/84684.webp,250
マタドガス 【★】{004/082}[その他],-,004/082,★,¥250,¥100,¥50,¥20,¥5,,¥300,https://files.cardrush.media/pokemon/ocha_products/84735.webp,250
ピカチュウ 【-】{001/024}[sA],状態減額大,001/024,-,¥250,¥100,¥50,¥20,¥5,,¥300,https://files.cardrush.media/pokemon/ocha_products/6758.webp,250
ブースター 【P】{274/SM-P}[その他],状態減額大,274/SM-P,P,¥250,¥100,¥50,¥20,¥5,,¥300,https://files.cardrush.media/pokemon/ocha_products/2580.webp,250
エーフィ 【U】{040/095}[sm8],状態減額大,040/095,U,¥250,¥100,¥50,¥20,¥5,,¥300,https://files.cardrush.media/pokemon/ocha_products/1863.webp,250
イーブイ 【-】{037/051}[SML],状態減額大,037/051,-,¥250,¥100,¥50,¥20,¥5,,¥300,https://files.cardrush.media/pokemon/ocha_products/3556.webp,250
シェルダーδ-デルタ種 【-】{038/068}[その他],EX,038/068,-,¥250,¥100,¥50,¥20,¥5,,¥300,https://files.cardrush.media/pokemon/ocha_products/56556.webp,250
スターミーδ-デルタ種 【-】{005/015}[その他],EX,005/015,-,¥250,¥100,¥50,¥20,¥5,,¥300,https://files.cardrush.media/pokemon/ocha_products/56569.webp,250
ネイティδ-デルタ種 【-】{056/068}[その他],EX,056/068,-,¥250,¥100,¥50,¥20,¥5,,¥300,https://files.cardrush.media/pokemon/ocha_products/56612.webp,250
タツベイδ-デルタ種 【-】{020/068}[その他],EX,020/068,-,¥250,¥100,¥50,¥20,¥5,,¥300,https://files.cardrush.media/pokemon/ocha_products/56678.webp,250
基本炎エネルギー 【P】{080/SV-P}[その他],,080/SV-P,P,¥250,¥100,¥50,¥20,¥5,,¥300,https://files.cardrush.media/pokemon/ocha_products/46125.webp,250
ホウオウex RR仕様【-】{007/032}[CLL],-,007/032,-,¥250,¥100,¥50,¥20,¥5,,¥300,https://files.cardrush.media/pokemon/ocha_products/49019.webp,250
イワーク Classicキラ【-】{010/032}[CLF],-,010/032,-,¥250,¥100,¥50,¥20,¥5,,¥300,https://files.cardrush.media/pokemon/ocha_products/48988.webp,250
サワムラー Classicキラ【-】{011/032}[CLF],-,011/032,-,¥250,¥100,¥50,¥20,¥5,,¥300,https://files.cardrush.media/pokemon/ocha_products/48989.webp,250
エビワラー Classicキラ【-】{012/032}[CLF],-,012/032,-,¥250,¥100,¥50,¥20,¥5,,¥300,https://files.cardrush.media/pokemon/ocha_products/48990.webp,250
ポニータ Classicキラ【-】{004/032}[CLL],-,004/032,-,¥250,¥100,¥50,¥20,¥5,,¥300,https://files.cardrush.media/pokemon/ocha_products/49016.webp,250
ブーバー Classicキラ【-】{006/032}[CLL],-,006/032,-,¥250,¥100,¥50,¥20,¥5,,¥300,https://files.cardrush.media/pokemon/ocha_products/49018.webp,250
マチスのコラッタ Classicキラ【-】{015/032}[CLK],-,015/032,-,¥250,¥100,¥50,¥20,¥5,,¥300,https://files.cardrush.media/pokemon/ocha_products/49061.webp,250
マチスのラッタ Classicキラ【-】{016/032}[CLK],-,016/032,-,¥250,¥100,¥50,¥20,¥5,,¥300,https://files.cardrush.media/pokemon/ocha_products/49062.webp,250
ポケモンナース Classicキラ/CLF【-】{028/032}[CLF],-,028/032,-,¥250,¥100,¥50,¥20,¥5,,¥300,https://files.cardrush.media/pokemon/ocha_products/49006.webp,250
ミュウツーEX 【-】{042/171}[XY],状態減額大,042/171,-,¥250,¥100,¥50,¥20,¥5,,¥300,https://files.cardrush.media/pokemon/ocha_products/3863.webp,250
ミュウツーEX 【-】{045/093}[その他],状態減額大,045/093,-,¥250,¥100,¥50,¥20,¥5,,¥300,https://files.cardrush.media/pokemon/ocha_products/3860.webp,250
ニャオニクスEX 【P】{196/XY-P}[その他],EX,196/XY-P,P,¥250,¥100,¥50,¥20,¥5,,¥300,https://files.cardrush.media/pokemon/ocha_products/58405.webp,250
ヤジロン 【C】{032/081}[XY],EX,032/081,C,¥250,¥100,¥50,¥20,¥5,,¥300,https://files.cardrush.media/pokemon/ocha_products/69734.webp,250
オンバーンex 【SSR】{334/190}[SV4a],G,334/190,SSR,¥250,¥150,¥100,¥50,¥10,,¥250,https://files.cardrush.media/pokemon/ocha_products/51063.webp,250
ゴリランダーV 【SSR】{304/190}[s4a],D,304/190,SSR,¥250,¥150,¥100,¥50,¥10,,¥250,https://files.cardrush.media/pokemon/ocha_products/17453.webp,250
ドラパルトVMAX 【SSR】{318/190}[s4a],D,318/190,SSR,¥250,¥150,¥100,¥50,¥10,,¥250,https://files.cardrush.media/pokemon/ocha_products/17467.webp,250
ジャローダex 【SR】{159/086}[SV11B],I,159/086,SR,¥250,¥150,¥100,¥50,¥10,,¥250,https://files.cardrush.media/pokemon/ocha_products/67328.webp,250
オーガポンかまどのめんex 【SR】{115/101}[SV6],H,115/101,SR,¥250,¥150,¥100,¥50,¥10,,¥250,https://files.cardrush.media/pokemon/ocha_products/55712.webp,250
エンニュートex 【SR】{094/080}[M3],J,094/080,SR,¥250,¥150,¥100,¥50,¥10,,¥250,https://files.cardrush.media/pokemon/ocha_products/78721.webp,250
オーガポンいどのめんex 【SR】{117/101}[SV6],H,117/101,SR,¥250,¥150,¥100,¥50,¥10,,¥250,https://files.cardrush.media/pokemon/ocha_products/55714.webp,250
ミロカロスex 【SR】{121/106}[SV8],H,121/106,SR,¥250,¥150,¥100,¥50,¥10,,¥250,https://files.cardrush.media/pokemon/ocha_products/60246.webp,250
キュレムex 【SR】{160/086}[SV11B],I,160/086,SR,¥250,¥150,¥100,¥50,¥10,,¥250,https://files.cardrush.media/pokemon/ocha_products/67329.webp,250
ナンジャモのハラバリーex 【SR】{114/100}[SV9],I,114/100,SR,¥250,¥150,¥100,¥50,¥10,,¥250,https://files.cardrush.media/pokemon/ocha_products/63623.webp,250
エレキブルex 【SR】{079/063}[SV9a],I,079/063,SR,¥250,¥150,¥100,¥50,¥10,,¥250,https://files.cardrush.media/pokemon/ocha_products/64578.webp,250
ロケット団のミュウツーex 【RR】{039/098}[SV10],I,039/098,RR,¥250,¥150,¥100,¥50,¥10,,¥250,https://files.cardrush.media/pokemon/ocha_products/65171.webp,250
メガピクシーex 【SR】{096/080}[M3],J,096/080,SR,¥250,¥150,¥100,¥50,¥10,,¥250,https://files.cardrush.media/pokemon/ocha_products/78723.webp,250
マリィのオーロンゲex RR仕様【-】{007/019}[SVOM],I,007/019,-,¥250,¥150,¥100,¥50,¥10,,¥250,https://files.cardrush.media/pokemon/ocha_products/64060.webp,250
ボーマンダex 【SR】{119/100}[SV9],I,119/100,SR,¥250,¥150,¥100,¥50,¥10,,¥250,https://files.cardrush.media/pokemon/ocha_products/63628.webp,250
カビゴン 【-】{010/022}[SVLN],H,010/022,-,¥250,¥150,¥100,¥50,¥10,,¥250,https://files.cardrush.media/pokemon/ocha_products/59312.webp,250
バッフロンex 【SR】{164/086}[SV11W],I,164/086,SR,¥250,¥150,¥100,¥50,¥10,,¥250,https://files.cardrush.media/pokemon/ocha_products/67573.webp,250
ノココッチex 【SR】{120/100}[SV9],I,120/100,SR,¥250,¥150,¥100,¥50,¥10,,¥250,https://files.cardrush.media/pokemon/ocha_products/63629.webp,250
ヒーローマント ACE仕様【-】{029/043}[MA],H,029/043,-,¥250,¥150,¥100,¥50,¥10,,¥250,https://files.cardrush.media/pokemon/ocha_products/69939.webp,250
ヒーローマント ACE仕様【-】{016/021}[MBD],H,016/021,-,¥250,¥150,¥100,¥50,¥10,,¥250,https://files.cardrush.media/pokemon/ocha_products/71085.webp,250
エネルギーつけかえ 【U】{053/066}[sm6b],I,053/066,U,¥250,¥150,¥100,¥50,¥10,,¥250,https://files.cardrush.media/pokemon/ocha_products/263.webp,250
エネルギーつけかえ 【U】{045/060}[sm7a],I,045/060,U,¥250,¥150,¥100,¥50,¥10,,¥250,https://files.cardrush.media/pokemon/ocha_products/264.webp,250
エネルギーつけかえ 【U】{051/064}[sm11a],I,051/064,U,¥250,¥150,¥100,¥50,¥10,,¥250,https://files.cardrush.media/pokemon/ocha_products/5015.webp,250
エネルギーつけかえ 【U】{059/068}[S11a],I,059/068,U,¥250,¥150,¥100,¥50,¥10,,¥250,https://files.cardrush.media/pokemon/ocha_products/36948.webp,250
エネルギーつけかえ 【-】{638/742}[MC],I,638/742,-,¥250,¥150,¥100,¥50,¥10,,¥250,https://files.cardrush.media/pokemon/ocha_products/75671.webp,250
エネルギーつけかえ 【-】{012/023}[SVAM],I,012/023,-,¥250,¥150,¥100,¥50,¥10,,¥250,https://files.cardrush.media/pokemon/ocha_products/39357.webp,250
エネルギーつけかえ 【-】{019/053}[SVHK/SVHM],I,019/053,-,¥250,¥150,¥100,¥50,¥10,,¥250,https://files.cardrush.media/pokemon/ocha_products/53076.webp,250
エネルギーつけかえ 【-】{011/021}[SVC],I,011/021,-,¥250,¥150,¥100,¥50,¥10,,¥250,https://files.cardrush.media/pokemon/ocha_products/40891.webp,250
エネルギーつけかえ 【-】{037/059}[smA],I,037/059,-,¥250,¥150,¥100,¥50,¥10,,¥250,https://files.cardrush.media/pokemon/ocha_products/260.webp,250
エネルギーつけかえ 【-】{015/035}[smJ],I,015/035,-,¥250,¥150,¥100,¥50,¥10,,¥250,https://files.cardrush.media/pokemon/ocha_products/2731.webp,250
エネルギーつけかえ 【-】{029/034}[その他],I,029/034,-,¥250,¥150,¥100,¥50,¥10,,¥250,https://files.cardrush.media/pokemon/ocha_products/4247.webp,250
エネルギーつけかえ 【-】{106/131}[smH],I,106/131,-,¥250,¥150,¥100,¥50,¥10,,¥250,https://files.cardrush.media/pokemon/ocha_products/2533.webp,250
エネルギーつけかえ 【-】{111/139}[SVD],I,111/139,-,¥250,¥150,¥100,¥50,¥10,,¥250,https://files.cardrush.media/pokemon/ocha_products/45006.webp,250
エネルギーつけかえ 【-】{127/175}[SVM],I,127/175,-,¥250,¥150,¥100,¥50,¥10,,¥250,https://files.cardrush.media/pokemon/ocha_products/60896.webp,250
エネルギーつけかえ 【-】{366/414}[SI],I,366/414,-,¥250,¥150,¥100,¥50,¥10,,¥250,https://files.cardrush.media/pokemon/ocha_products/23657.webp,250
エネルギーつけかえ 【-】{085/127}[sD],I,085/127,-,¥250,¥150,¥100,¥50,¥10,,¥250,https://files.cardrush.media/pokemon/ocha_products/14240.webp,250
エネルギーつけかえ 【-】{011/023}[sA],I,011/023,-,¥250,¥150,¥100,¥50,¥10,,¥250,https://files.cardrush.media/pokemon/ocha_products/6752.webp,250
エネルギーつけかえ 【-】{012/043}[MA],I,012/043,-,¥250,¥150,¥100,¥50,¥10,,¥250,https://files.cardrush.media/pokemon/ocha_products/69922.webp,250
スペシャルレッドカード 【SR】{106/083}[M4],J,106/083,SR,¥250,¥150,¥100,¥50,¥10,,¥250,https://files.cardrush.media/pokemon/ocha_products/79891.webp,250
クラウン 【SR】{165/086}[SV11W],I,165/086,SR,¥250,¥150,¥100,¥50,¥10,,¥250,https://files.cardrush.media/pokemon/ocha_products/67574.webp,250
ジャッジマン 【SR】{083/063}[SV9a],J,083/063,SR,¥250,¥150,¥100,¥50,¥10,,¥250,https://files.cardrush.media/pokemon/ocha_products/64582.webp,250
ジャッジマン 【SR】{342/190}[SV4a],J,342/190,SR,¥250,¥150,¥100,¥50,¥10,,¥250,https://files.cardrush.media/pokemon/ocha_products/51071.webp,250
セイジ 【SR】{091/071}[SV5M],H,091/071,SR,¥250,¥150,¥100,¥50,¥10,,¥250,https://files.cardrush.media/pokemon/ocha_products/53321.webp,250
タラゴン 【SR】{105/080}[M3],J,105/080,SR,¥250,¥150,¥100,¥50,¥10,,¥250,https://files.cardrush.media/pokemon/ocha_products/78732.webp,250
怖いお兄さん 【SR】{122/100}[SV9],I,122/100,SR,¥250,¥150,¥100,¥50,¥10,,¥250,https://files.cardrush.media/pokemon/ocha_products/63631.webp,250
ナゾノクサ 【S】{191/190}[SV4a],G,191/190,S,¥250,¥150,¥100,¥50,¥10,,¥250,https://files.cardrush.media/pokemon/ocha_products/50920.webp,250
ヒトデマン 【S】{221/190}[SV4a],G,221/190,S,¥250,¥150,¥100,¥50,¥10,,¥250,https://files.cardrush.media/pokemon/ocha_products/50950.webp,250
ナミイルカ 【S】{228/190}[SV4a],G,228/190,S,¥250,¥150,¥100,¥50,¥10,,¥250,https://files.cardrush.media/pokemon/ocha_products/50957.webp,250
シャリタツ 【S】{232/190}[SV4a],G,232/190,S,¥250,¥150,¥100,¥50,¥10,,¥250,https://files.cardrush.media/pokemon/ocha_products/50961.webp,250
ナカヌチャン 【S】{272/190}[SV4a],G,272/190,S,¥250,¥150,¥100,¥50,¥10,,¥250,https://files.cardrush.media/pokemon/ocha_products/51001.webp,250
コノヨザル 【S】{278/190}[SV4a],G,278/190,S,¥250,¥150,¥100,¥50,¥10,,¥250,https://files.cardrush.media/pokemon/ocha_products/51007.webp,250
パフュートン 【S】{316/190}[SV4a],G,316/190,S,¥250,¥150,¥100,¥50,¥10,,¥250,https://files.cardrush.media/pokemon/ocha_products/51045.webp,250
マホイップ 【S】{257/190}[s4a],D,257/190,S,¥250,¥150,¥100,¥50,¥10,,¥250,https://files.cardrush.media/pokemon/ocha_products/17406.webp,250
ジバコイル 【S】{189/150}[sm8b],B,189/150,S,¥250,¥150,¥100,¥50,¥10,,¥250,https://files.cardrush.media/pokemon/ocha_products/2274.webp,250
ベベノム 【S】{179/150}[sm8b],B,179/150,S,¥250,¥150,¥100,¥50,¥10,,¥250,https://files.cardrush.media/pokemon/ocha_products/2397.webp,250
ウソッキー 【S】{180/150}[sm8b],A,180/150,S,¥250,¥150,¥100,¥50,¥10,,¥250,https://files.cardrush.media/pokemon/ocha_products/2180.webp,250
ピィ 【P】{092/SV-P}[SV-P],G,092/SV-P,P,¥250,¥150,¥100,¥50,¥10,,¥250,https://files.cardrush.media/pokemon/ocha_products/45843.webp,250
オーガポンみどりのめん 【P】{148/SV-P}[PROMO],H,148/SV-P,P,¥250,¥150,¥100,¥50,¥10,,¥250,https://files.cardrush.media/pokemon/ocha_products/56047.webp,250
ロケット団のガルーラex 【P】{265/SV-P}[その他],I,265/SV-P,P,¥250,¥150,¥100,¥50,¥10,,¥250,https://files.cardrush.media/pokemon/ocha_products/65420.webp,250
クラッシュハンマー 【P】{274/SV-P}[PROMO],I,274/SV-P,P,¥250,¥150,¥100,¥50,¥10,,¥250,https://files.cardrush.media/pokemon/ocha_products/69245.webp,250
ハイパーボール 【P】{275/SV-P}[PROMO],I,275/SV-P,P,¥250,¥150,¥100,¥50,¥10,,¥250,https://files.cardrush.media/pokemon/ocha_products/69246.webp,250
ガラルポニータ 【P】{025/S-P}[その他],D,025/S-P,P,¥250,¥150,¥100,¥50,¥10,,¥250,https://files.cardrush.media/pokemon/ocha_products/19880.webp,250
リオル 【P】{260/S-P}[その他],F,260/S-P,P,¥250,¥150,¥100,¥50,¥10,,¥250,https://files.cardrush.media/pokemon/ocha_products/24579.webp,250
ドードリオV RR仕様【P】{162/S-P}[その他],E,162/S-P,P,¥250,¥150,¥100,¥50,¥10,,¥250,https://files.cardrush.media/pokemon/ocha_products/19697.webp,250
ナツメ＆ハチク 【P】{142/S-P}[その他],C,142/S-P,P,¥250,¥150,¥100,¥50,¥10,,¥250,https://files.cardrush.media/pokemon/ocha_products/14695.webp,250
ジュナイパー 【P】{017/SM-P}[その他],A,017/SM-P,P,¥250,¥150,¥100,¥50,¥10,,¥250,https://files.cardrush.media/pokemon/ocha_products/19897.webp,250
ウォッシュロトム 【P】{213/SM-P}[その他],B,213/SM-P,P,¥250,¥150,¥100,¥50,¥10,,¥250,https://files.cardrush.media/pokemon/ocha_products/19941.webp,250
ダストダス 【P】{145/SM-P}[その他],A,145/SM-P,P,¥250,¥150,¥100,¥50,¥10,,¥250,https://files.cardrush.media/pokemon/ocha_products/857.webp,250
ザルードV 【SR】{077/076}[s3a],D,077/076,SR,¥250,¥150,¥100,¥50,¥10,,¥250,https://files.cardrush.media/pokemon/ocha_products/14138.webp,250
チオンジェンex 【SR】{084/071}[SV2P],G,084/071,SR,¥250,¥150,¥100,¥50,¥10,,¥250,https://files.cardrush.media/pokemon/ocha_products/41818.webp,250
ピジョットex 【SR】{128/108}[SV3],G,128/108,SR,¥250,¥150,¥100,¥50,¥10,,¥250,https://files.cardrush.media/pokemon/ocha_products/45919.webp,250
オモダカ 【SR】{129/108}[SV3],G,129/108,SR,¥250,¥150,¥100,¥50,¥10,,¥250,https://files.cardrush.media/pokemon/ocha_products/45920.webp,250
サワロ 【SR】{090/071}[SV2D],G,090/071,SR,¥250,¥150,¥100,¥50,¥10,,¥250,https://files.cardrush.media/pokemon/ocha_products/41852.webp,250
ジニア 【SR】{097/078}[SV1S],G,097/078,SR,¥250,¥150,¥100,¥50,¥10,,¥250,https://files.cardrush.media/pokemon/ocha_products/39518.webp,250
スター団のしたっぱ 【SR】{098/078}[SV1S],G,098/078,SR,¥250,¥150,¥100,¥50,¥10,,¥250,https://files.cardrush.media/pokemon/ocha_products/39519.webp,250
タイサイ 【HR】{085/067}[S10P],F,085/067,HR,¥250,¥150,¥100,¥50,¥10,,¥250,https://files.cardrush.media/pokemon/ocha_products/34774.webp,250
ネジキ 【SR】{115/100}[S11],F,115/100,SR,¥250,¥150,¥100,¥50,¥10,,¥250,https://files.cardrush.media/pokemon/ocha_products/36382.webp,250
フシギバナex 【RR】{003/165}[SV2a],G,003/165,RR,¥250,¥150,¥100,¥50,¥10,,¥250,https://files.cardrush.media/pokemon/ocha_products/43344.webp,250
モルフォンGX 【RR】{002/055}[SM9a],C,002/055,RR,¥250,¥150,¥100,¥50,¥10,,¥250,https://files.cardrush.media/pokemon/ocha_products/2869.webp,250
ツボツボGX 【RR】{013/095}[sm8],B,013/095,RR,¥250,¥150,¥100,¥50,¥10,,¥250,https://files.cardrush.media/pokemon/ocha_products/1848.webp,250
ファイヤー 【R】{018/095}[sm9],C,018/095,R,¥250,¥150,¥100,¥50,¥10,,¥250,https://files.cardrush.media/pokemon/ocha_products/2615.webp,250
グレイシアV 【RR】{024/069}[S6a],E,024/069,RR,¥250,¥150,¥100,¥50,¥10,,¥250,https://files.cardrush.media/pokemon/ocha_products/20674.webp,250
グレイシアV RR仕様【P】{270/S-P}[その他],F,270/S-P,P,¥250,¥150,¥100,¥50,¥10,,¥250,https://files.cardrush.media/pokemon/ocha_products/24679.webp,250
ゲッコウガV ノーマル仕様【-】{107/414}[SI],E,107/414,-,¥250,¥150,¥100,¥50,¥10,,¥250,https://files.cardrush.media/pokemon/ocha_products/23323.webp,250
カメックスV RR仕様【-】{001/020}[SEK],E,001/020,-,¥250,¥150,¥100,¥50,¥10,,¥250,https://files.cardrush.media/pokemon/ocha_products/17768.webp,250
ライチュウV 【RR】{034/100}[S9],F,034/100,RR,¥250,¥150,¥100,¥50,¥10,,¥250,https://files.cardrush.media/pokemon/ocha_products/24306.webp,250
カプ・コケコGX 【RR】{032/114}[sm4+],A,032/114,RR,¥250,¥150,¥100,¥50,¥10,,¥250,https://files.cardrush.media/pokemon/ocha_products/372.webp,250
ゼラオラVMAX RRR仕様【-】{006/020}[SPZ],F,006/020,-,¥250,¥150,¥100,¥50,¥10,,¥250,https://files.cardrush.media/pokemon/ocha_products/36311.webp,250
ミュウツー 【-】{054/173}[sm12a],C,054/173,-,¥250,¥150,¥100,¥50,¥10,,¥250,https://files.cardrush.media/pokemon/ocha_products/5798.webp,250
ミュウツー 【R】{035/068}[S11a],F,035/068,R,¥250,¥150,¥100,¥50,¥10,,¥250,https://files.cardrush.media/pokemon/ocha_products/36924.webp,250
デオキシスVMAX RRR仕様【-】{006/020}[SPD],F,006/020,-,¥250,¥150,¥100,¥50,¥10,,¥250,https://files.cardrush.media/pokemon/ocha_products/36332.webp,250
デオキシスVSTAR RRR仕様【-】{007/020}[SPD],F,007/020,-,¥250,¥150,¥100,¥50,¥10,,¥250,https://files.cardrush.media/pokemon/ocha_products/36333.webp,250
ルカリオV ノーマル仕様【-】{225/414}[SI],E,225/414,-,¥250,¥150,¥100,¥50,¥10,,¥250,https://files.cardrush.media/pokemon/ocha_products/23473.webp,250
ブラッキーV ノーマル仕様【-】{255/414}[SI],E,255/414,-,¥250,¥150,¥100,¥50,¥10,,¥250,https://files.cardrush.media/pokemon/ocha_products/23513.webp,250
マニューラGX RR仕様【-】{015/031}[smM],C,015/031,-,¥250,¥150,¥100,¥50,¥10,,¥250,https://files.cardrush.media/pokemon/ocha_products/4633.webp,250
メタグロスGX 【RR】{035/050}[sm2L],A,035/050,RR,¥250,¥150,¥100,¥50,¥10,,¥250,https://files.cardrush.media/pokemon/ocha_products/1522.webp,250
トゲキッス 【R】{036/055}[SM9a],C,036/055,R,¥250,¥150,¥100,¥50,¥10,,¥250,https://files.cardrush.media/pokemon/ocha_products/2903.webp,250
ギラティナV 【RR】{080/100}[S11],F,080/100,RR,¥250,¥150,¥100,¥50,¥10,,¥250,https://files.cardrush.media/pokemon/ocha_products/36285.webp,250
ギラティナV 【RR】{110/172}[S12a],F,110/172,RR,¥250,¥150,¥100,¥50,¥10,,¥250,https://files.cardrush.media/pokemon/ocha_products/38194.webp,250
ギラティナVSTAR 【RRR】{081/100}[S11],F,081/100,RRR,¥250,¥150,¥100,¥50,¥10,,¥250,https://files.cardrush.media/pokemon/ocha_products/36286.webp,250
ギラティナVSTAR 【RRR】{111/172}[S12a],F,111/172,RRR,¥250,¥150,¥100,¥50,¥10,,¥250,https://files.cardrush.media/pokemon/ocha_products/38195.webp,250
おじょうさま 【U】{085/094}[sm6],F,085/094,U,¥250,¥150,¥100,¥50,¥10,,¥250,https://files.cardrush.media/pokemon/ocha_products/297.webp,250
溶接工 【TR】{064/064}[sm11a],C,064/064,TR,¥250,¥150,¥100,¥50,¥10,,¥250,https://files.cardrush.media/pokemon/ocha_products/5028.webp,250
フシギダネ 【C】{002/024}[smP2],C,002/024,C,¥250,¥150,¥100,¥50,¥10,,¥250,https://files.cardrush.media/pokemon/ocha_products/4378.webp,250
ウインディ 【C】{008/024}[smP2],C,008/024,C,¥250,¥150,¥100,¥50,¥10,,¥250,https://files.cardrush.media/pokemon/ocha_products/4384.webp,250
カエンジシ 【R】{012/088}[XY4],EX,012/088,R,¥200,¥100,¥40,¥20,¥5,,¥250,https://files.cardrush.media/pokemon/ocha_products/34381.webp,200
ヘビーボール 【U】{054/059}[XY8赤],EX,054/059,U,¥200,¥100,¥40,¥20,¥5,,¥250,https://files.cardrush.media/pokemon/ocha_products/1298.webp,200
ヘビーボール 【-】{033/046}[XY],EX,033/046,-,¥200,¥100,¥40,¥20,¥5,,¥250,https://files.cardrush.media/pokemon/ocha_products/42773.webp,200
ヘビーボール 【U】{049/052}[BW3],EX,049/052,U,¥200,¥100,¥40,¥20,¥5,,¥250,https://files.cardrush.media/pokemon/ocha_products/47264.webp,200
ヘビーボール 【-】{118/171}[XY],EX,118/171,-,¥200,¥100,¥40,¥20,¥5,,¥250,https://files.cardrush.media/pokemon/ocha_products/1297.webp,200
ミツル 【P】{139/SV-P}[PROMO],XY,139/SV-P,P,¥200,¥100,¥40,¥20,¥5,,¥250,https://files.cardrush.media/pokemon/ocha_products/52531.webp,200
ポケモンコレクター 【-】{017/019}[その他],HOF,017/019,-,¥200,¥100,¥40,¥20,¥5,,¥250,https://files.cardrush.media/pokemon/ocha_products/3724.webp,200
ポケモンコレクター 【-】{016/019}[その他],HOF,016/019,-,¥200,¥100,¥40,¥20,¥5,,¥250,https://files.cardrush.media/pokemon/ocha_products/3726.webp,200
ニンフィア 【U】{064/095}[sm12],状態減額大,064/095,U,¥200,¥100,¥40,¥20,¥5,,¥250,https://files.cardrush.media/pokemon/ocha_products/5445.webp,200
ヒトデマン Classicキラ【-】{004/032}[CLK],-,004/032,-,¥200,¥100,¥40,¥20,¥5,,¥250,https://files.cardrush.media/pokemon/ocha_products/49050.webp,200
バーベナとヘレナ 【SR】{221/193}[M2a],I,221/193,SR,¥200,¥100,¥90,¥40,¥10,,¥200,https://files.cardrush.media/pokemon/ocha_products/73718.webp,200
マスカーニャex 【SSR】{321/190}[SV4a],G,321/190,SSR,¥200,¥100,¥90,¥40,¥10,,¥200,https://files.cardrush.media/pokemon/ocha_products/51050.webp,200
クエスパトラex 【SSR】{323/190}[SV4a],G,323/190,SSR,¥200,¥100,¥90,¥40,¥10,,¥200,https://files.cardrush.media/pokemon/ocha_products/51052.webp,200
ラウドボーンex 【SSR】{324/190}[SV4a],G,324/190,SSR,¥200,¥100,¥90,¥40,¥10,,¥200,https://files.cardrush.media/pokemon/ocha_products/51053.webp,200
キラフロルex 【SSR】{329/190}[SV4a],G,329/190,SSR,¥200,¥100,¥90,¥40,¥10,,¥200,https://files.cardrush.media/pokemon/ocha_products/51058.webp,200
イダイナキバex 【SSR】{330/190}[SV4a],G,330/190,SSR,¥200,¥100,¥90,¥40,¥10,,¥200,https://files.cardrush.media/pokemon/ocha_products/51059.webp,200
パルデアドオーex 【SSR】{332/190}[SV4a],G,332/190,SSR,¥200,¥100,¥90,¥40,¥10,,¥200,https://files.cardrush.media/pokemon/ocha_products/51061.webp,200
テツノワダチex 【SSR】{333/190}[SV4a],G,333/190,SSR,¥200,¥100,¥90,¥40,¥10,,¥200,https://files.cardrush.media/pokemon/ocha_products/51062.webp,200
ピジョットex 【SSR】{335/190}[SV4a],G,335/190,SSR,¥200,¥100,¥90,¥40,¥10,,¥200,https://files.cardrush.media/pokemon/ocha_products/51064.webp,200
プクリンex 【SSR】{336/190}[SV4a],G,336/190,SSR,¥200,¥100,¥90,¥40,¥10,,¥200,https://files.cardrush.media/pokemon/ocha_products/51065.webp,200
マルヤクデV 【SSR】{309/190}[s4a],D,309/190,SSR,¥200,¥100,¥90,¥40,¥10,,¥200,https://files.cardrush.media/pokemon/ocha_products/17458.webp,200
マルヤクデVMAX 【SSR】{310/190}[s4a],D,310/190,SSR,¥200,¥100,¥90,¥40,¥10,,¥200,https://files.cardrush.media/pokemon/ocha_products/17459.webp,200
パルスワンV 【SSR】{313/190}[s4a],D,313/190,SSR,¥200,¥100,¥90,¥40,¥10,,¥200,https://files.cardrush.media/pokemon/ocha_products/17462.webp,200
オーロンゲV 【SSR】{321/190}[s4a],D,321/190,SSR,¥200,¥100,¥90,¥40,¥10,,¥200,https://files.cardrush.media/pokemon/ocha_products/17470.webp,200
ニューラ LV.34 30th/復刻版【-】{140/103}[M6a],J,140/103,-,¥200,¥100,¥90,¥40,¥10,,¥200,https://files.cardrush.media/pokemon/ocha_products/85115.webp,200
ユクシー LV.55 30th/復刻版【-】{148/103}[M6a],J,148/103,-,¥200,¥100,¥90,¥40,¥10,,¥200,https://files.cardrush.media/pokemon/ocha_products/85123.webp,200
かがやくアマージョ 【K】{009/068}[S11a],F,009/068,K,¥200,¥100,¥90,¥40,¥10,,¥200,https://files.cardrush.media/pokemon/ocha_products/36898.webp,200
かがやくヒードラン 【K】{011/067}[S9a],F,011/067,K,¥200,¥100,¥90,¥40,¥10,,¥200,https://files.cardrush.media/pokemon/ocha_products/33531.webp,200
かがやくゲッコウガ 【K】{026/067}[S9a],F,026/067,K,¥200,¥100,¥90,¥40,¥10,,¥200,https://files.cardrush.media/pokemon/ocha_products/33546.webp,200
かがやくゲッコウガ 【K】{033/172}[S12a],F,033/172,K,¥200,¥100,¥90,¥40,¥10,,¥200,https://files.cardrush.media/pokemon/ocha_products/38117.webp,200
かがやくゲッコウガ K仕様【-】{003/053}[SVHM],F,003/053,-,¥200,¥100,¥90,¥40,¥10,,¥200,https://files.cardrush.media/pokemon/ocha_products/53113.webp,200
かがやくゲッコウガ K仕様【-】{006/053}[SVHK],F,006/053,-,¥200,¥100,¥90,¥40,¥10,,¥200,https://files.cardrush.media/pokemon/ocha_products/53063.webp,200
かがやくゲッコウガ K仕様【-】{004/038}[SVF],F,004/038,-,¥200,¥100,¥90,¥40,¥10,,¥200,https://files.cardrush.media/pokemon/ocha_products/45851.webp,200
かがやくゲッコウガ K仕様【-】{003/019}[SVJP],F,003/019,-,¥200,¥100,¥90,¥40,¥10,,¥200,https://files.cardrush.media/pokemon/ocha_products/56030.webp,200
かがやくゲッコウガ K仕様【-】{004/044}[SVK],F,004/044,-,¥200,¥100,¥90,¥40,¥10,,¥200,https://files.cardrush.media/pokemon/ocha_products/58071.webp,200
テツノイサハex ノーマル仕様【-】{077/742}[MC],H,077/742,-,¥200,¥100,¥90,¥40,¥10,,¥200,https://files.cardrush.media/pokemon/ocha_products/75021.webp,200
ヤバソチャex 【SR】{079/066}[SV5a],H,079/066,SR,¥200,¥100,¥90,¥40,¥10,,¥200,https://files.cardrush.media/pokemon/ocha_products/54799.webp,200
メガリザードンXex 【RR】{013/080}[M2],I,013/080,RR,¥200,¥100,¥90,¥40,¥10,,¥200,https://files.cardrush.media/pokemon/ocha_products/71614.webp,200
メガバクーダex 【SR】{077/063}[M1L],I,077/063,SR,¥200,¥100,¥90,¥40,¥10,,¥200,https://files.cardrush.media/pokemon/ocha_products/70036.webp,200
ガオガエンex 【SR】{085/071}[SV5M],H,085/071,SR,¥200,¥100,¥90,¥40,¥10,,¥200,https://files.cardrush.media/pokemon/ocha_products/53315.webp,200
ウガツホムラex 【SR】{085/071}[SV5K],H,085/071,SR,¥200,¥100,¥90,¥40,¥10,,¥200,https://files.cardrush.media/pokemon/ocha_products/53286.webp,200
ホエルオーex 【SR】{095/081}[M5],J,095/081,SR,¥200,¥100,¥90,¥40,¥10,,¥200,https://files.cardrush.media/pokemon/ocha_products/81476.webp,200
ピカチュウ 【-】{225/742}[MC],J,225/742,-,¥200,¥100,¥90,¥40,¥10,,¥200,https://files.cardrush.media/pokemon/ocha_products/75200.webp,200
ピカチュウex 【RR】{033/106}[SV8],H,033/106,RR,¥200,¥100,¥90,¥40,¥10,,¥200,https://files.cardrush.media/pokemon/ocha_products/59933.webp,200
サンダースex 【RR】{052/187}[SV8a],H,052/187,RR,¥200,¥100,¥90,¥40,¥10,,¥200,https://files.cardrush.media/pokemon/ocha_products/61450.webp,200
ライコウex 【SR】{092/076}[M6],J,092/076,SR,¥200,¥100,¥90,¥40,¥10,,¥200,https://files.cardrush.media/pokemon/ocha_products/83027.webp,200
レントラーex 【SR】{118/101}[SV6],H,118/101,SR,¥200,¥100,¥90,¥40,¥10,,¥200,https://files.cardrush.media/pokemon/ocha_products/55715.webp,200
ウミトリオex 【SR】{087/071}[SV5K],H,087/071,SR,¥200,¥100,¥90,¥40,¥10,,¥200,https://files.cardrush.media/pokemon/ocha_products/53288.webp,200
リーリエのピッピex ノーマル仕様【-】{287/742}[MC],I,287/742,-,¥200,¥100,¥90,¥40,¥10,,¥200,https://files.cardrush.media/pokemon/ocha_products/75274.webp,200
ミュウツー 【-】{024/066}[SVI],H,024/066,-,¥200,¥100,¥90,¥40,¥10,,¥200,https://files.cardrush.media/pokemon/ocha_products/54236.webp,200
メガサーナイトex 【SR】{078/063}[M1S],I,078/063,SR,¥200,¥100,¥90,¥40,¥10,,¥200,https://files.cardrush.media/pokemon/ocha_products/70066.webp,200
ラティアスex ノーマル仕様【-】{312/742}[MC],H,312/742,-,¥200,¥100,¥90,¥40,¥10,,¥200,https://files.cardrush.media/pokemon/ocha_products/75302.webp,200
ニンフィアex 【RR】{069/187}[SV8a],H,069/187,RR,¥200,¥100,¥90,¥40,¥10,,¥200,https://files.cardrush.media/pokemon/ocha_products/61467.webp,200
ニンフィアex RR仕様【-】{005/022}[SVLN],H,005/022,-,¥200,¥100,¥90,¥40,¥10,,¥200,https://files.cardrush.media/pokemon/ocha_products/59307.webp,200
パンプジンex 【SR】{100/083}[M4],J,100/083,SR,¥200,¥100,¥90,¥40,¥10,,¥200,https://files.cardrush.media/pokemon/ocha_products/79885.webp,200
ミミッキュ 【-】{006/021}[MBD],I,006/021,-,¥200,¥100,¥90,¥40,¥10,,¥200,https://files.cardrush.media/pokemon/ocha_products/71075.webp,200
ミミッキュex RR仕様【-】{054/175}[SVM],H,054/175,-,¥200,¥100,¥90,¥40,¥10,,¥200,https://files.cardrush.media/pokemon/ocha_products/60823.webp,200
オーガポンいしずえのめんex 【SR】{119/101}[SV6],H,119/101,SR,¥200,¥100,¥90,¥40,¥10,,¥200,https://files.cardrush.media/pokemon/ocha_products/55716.webp,200
シロナのガブリアスex ノーマル仕様【-】{378/742}[MC],I,378/742,-,¥200,¥100,¥90,¥40,¥10,,¥200,https://files.cardrush.media/pokemon/ocha_products/75375.webp,200
チャーレムex 【SR】{120/102}[SV7],H,120/102,SR,¥200,¥100,¥90,¥40,¥10,,¥200,https://files.cardrush.media/pokemon/ocha_products/58230.webp,200
フライゴンex 【SR】{079/064}[SV7a],H,079/064,SR,¥200,¥100,¥90,¥40,¥10,,¥200,https://files.cardrush.media/pokemon/ocha_products/59567.webp,200
リオル 【-】{379/742}[MC],H,379/742,-,¥200,¥100,¥90,¥40,¥10,,¥200,https://files.cardrush.media/pokemon/ocha_products/75376.webp,200
リオル 【-】{031/066}[SVI],H,031/066,-,¥200,¥100,¥90,¥40,¥10,,¥200,https://files.cardrush.media/pokemon/ocha_products/54281.webp,200
テツノイワオex 【SR】{087/071}[SV5M],H,087/071,SR,¥200,¥100,¥90,¥40,¥10,,¥200,https://files.cardrush.media/pokemon/ocha_products/53317.webp,200
ペパーのマフィティフex 【SR】{081/063}[SV9a],I,081/063,SR,¥200,¥100,¥90,¥40,¥10,,¥200,https://files.cardrush.media/pokemon/ocha_products/64580.webp,200
ブラッキーex 【RR】{093/187}[SV8a],H,093/187,RR,¥200,¥100,¥90,¥40,¥10,,¥200,https://files.cardrush.media/pokemon/ocha_products/61491.webp,200
ダークライex RR仕様【-】{034/066}[SVI],H,034/066,-,¥200,¥100,¥90,¥40,¥10,,¥200,https://files.cardrush.media/pokemon/ocha_products/54260.webp,200
メガカラマネロex 【SR】{094/076}[M6],J,094/076,SR,¥200,¥100,¥90,¥40,¥10,,¥200,https://files.cardrush.media/pokemon/ocha_products/83029.webp,200
コバルオンex 【SR】{101/083}[M4],J,101/083,SR,¥200,¥100,¥90,¥40,¥10,,¥200,https://files.cardrush.media/pokemon/ocha_products/79886.webp,200
メガドラミドロex 【SR】{102/083}[M4],J,102/083,SR,¥200,¥100,¥90,¥40,¥10,,¥200,https://files.cardrush.media/pokemon/ocha_products/79887.webp,200
タケルライコex ノーマル仕様【-】{554/742}[MC],H,554/742,-,¥200,¥100,¥90,¥40,¥10,,¥200,https://files.cardrush.media/pokemon/ocha_products/75572.webp,200
ケッキングex 【SR】{126/106}[SV8],H,126/106,SR,¥200,¥100,¥90,¥40,¥10,,¥200,https://files.cardrush.media/pokemon/ocha_products/60251.webp,200
メガレックウザex 【RR】{058/076}[M6],J,058/076,RR,¥200,¥100,¥90,¥40,¥10,,¥200,https://files.cardrush.media/pokemon/ocha_products/82893.webp,200
ゲノセクトEX 30th/復刻版【-】{155/103}[M6a],J,155/103,-,¥200,¥100,¥90,¥40,¥10,,¥200,https://files.cardrush.media/pokemon/ocha_products/85129.webp,200
ソルガレオGX 30th/復刻版【-】{158/103}[M6a],J,158/103,-,¥200,¥100,¥90,¥40,¥10,,¥200,https://files.cardrush.media/pokemon/ocha_products/85132.webp,200
ザシアンV 30th/復刻版【-】{161/103}[M6a],J,161/103,-,¥200,¥100,¥90,¥40,¥10,,¥200,https://files.cardrush.media/pokemon/ocha_products/85135.webp,200
モトトカゲex 【SR】{082/064}[SV7a],H,082/064,SR,¥200,¥100,¥90,¥40,¥10,,¥200,https://files.cardrush.media/pokemon/ocha_products/59570.webp,200
エネルギーつけかえ 【-】{002/024}[sB],I,002/024,-,¥200,¥100,¥90,¥40,¥10,,¥200,https://files.cardrush.media/pokemon/ocha_products/6994.webp,200
ジャンボアイス 【P】{077/M-P}[PROMO],I,077/M-P,P,¥200,¥100,¥90,¥40,¥10,,¥200,https://files.cardrush.media/pokemon/ocha_products/79130.webp,200
ふしぎなアメ 【SR】{082/063}[M1S],I,082/063,SR,¥200,¥100,¥90,¥40,¥10,,¥200,https://files.cardrush.media/pokemon/ocha_products/70070.webp,200
ワンダーパッチ 【-】{015/021}[MBD],I,015/021,-,¥200,¥100,¥90,¥40,¥10,,¥200,https://files.cardrush.media/pokemon/ocha_products/71084.webp,200
AZの安らぎ 【SR】{108/083}[M4],J,108/083,SR,¥200,¥100,¥90,¥40,¥10,,¥200,https://files.cardrush.media/pokemon/ocha_products/79893.webp,200
ギーマの一手 【SR】{105/080}[M2],I,105/080,SR,¥200,¥100,¥90,¥40,¥10,,¥200,https://files.cardrush.media/pokemon/ocha_products/71708.webp,200
グラジオの決戦 【SR】{109/081}[M5],J,109/081,SR,¥200,¥100,¥90,¥40,¥10,,¥200,https://files.cardrush.media/pokemon/ocha_products/81490.webp,200
ジプソ 【SR】{109/083}[M4],J,109/083,SR,¥200,¥100,¥90,¥40,¥10,,¥200,https://files.cardrush.media/pokemon/ocha_products/79894.webp,200
ボスの指令/サカキ 【R】{092/096}[S2],I,092/096,R,¥200,¥100,¥90,¥40,¥10,,¥200,https://files.cardrush.media/pokemon/ocha_products/7520.webp,200
ボスの指令/サカキ R仕様【-】{176/190}[s4a],I,176/190,-,¥200,¥100,¥90,¥40,¥10,,¥200,https://files.cardrush.media/pokemon/ocha_products/17159.webp,200
ボスの指令/サカキ 【-】{020/033}[SF],I,020/033,-,¥200,¥100,¥90,¥40,¥10,,¥200,https://files.cardrush.media/pokemon/ocha_products/18216.webp,200
ボスの指令/サカキ ピカチュウマーク【-】{051/053}[SH],I,051/053,-,¥200,¥100,¥90,¥40,¥10,,¥200,https://files.cardrush.media/pokemon/ocha_products/21395.webp,200
ボスの指令/サカキ 【-】{026/028}[SJ],I,026/028,-,¥200,¥100,¥90,¥40,¥10,,¥200,https://files.cardrush.media/pokemon/ocha_products/22496.webp,200
クサイハナ 【S】{192/190}[SV4a],G,192/190,S,¥200,¥100,¥90,¥40,¥10,,¥200,https://files.cardrush.media/pokemon/ocha_products/50921.webp,200
ラフレシア 【S】{193/190}[SV4a],G,193/190,S,¥200,¥100,¥90,¥40,¥10,,¥200,https://files.cardrush.media/pokemon/ocha_products/50922.webp,200
ストライク 【S】{194/190}[SV4a],G,194/190,S,¥200,¥100,¥90,¥40,¥10,,¥200,https://files.cardrush.media/pokemon/ocha_products/50923.webp,200
ニャローテ 【S】{202/190}[SV4a],G,202/190,S,¥200,¥100,¥90,¥40,¥10,,¥200,https://files.cardrush.media/pokemon/ocha_products/50931.webp,200
オリーニョ 【S】{204/190}[SV4a],G,204/190,S,¥200,¥100,¥90,¥40,¥10,,¥200,https://files.cardrush.media/pokemon/ocha_products/50933.webp,200
ヘイラッシャ 【S】{231/190}[SV4a],G,231/190,S,¥200,¥100,¥90,¥40,¥10,,¥200,https://files.cardrush.media/pokemon/ocha_products/50960.webp,200
パモ 【S】{247/190}[SV4a],G,247/190,S,¥200,¥100,¥90,¥40,¥10,,¥200,https://files.cardrush.media/pokemon/ocha_products/50976.webp,200
パモット 【S】{248/190}[SV4a],G,248/190,S,¥200,¥100,¥90,¥40,¥10,,¥200,https://files.cardrush.media/pokemon/ocha_products/50977.webp,200
ケーシィ 【S】{253/190}[SV4a],G,253/190,S,¥200,¥100,¥90,¥40,¥10,,¥200,https://files.cardrush.media/pokemon/ocha_products/50982.webp,200
ユンゲラー 【S】{254/190}[SV4a],G,254/190,S,¥200,¥100,¥90,¥40,¥10,,¥200,https://files.cardrush.media/pokemon/ocha_products/50983.webp,200
キルリア 【S】{259/190}[SV4a],G,259/190,S,¥200,¥100,¥90,¥40,¥10,,¥200,https://files.cardrush.media/pokemon/ocha_products/50988.webp,200
マネネ 【S】{262/190}[SV4a],G,262/190,S,¥200,¥100,¥90,¥40,¥10,,¥200,https://files.cardrush.media/pokemon/ocha_products/50991.webp,200
バウッツェル 【S】{267/190}[SV4a],G,267/190,S,¥200,¥100,¥90,¥40,¥10,,¥200,https://files.cardrush.media/pokemon/ocha_products/50996.webp,200
カヌチャン 【S】{271/190}[SV4a],G,271/190,S,¥200,¥100,¥90,¥40,¥10,,¥200,https://files.cardrush.media/pokemon/ocha_products/51000.webp,200
マンキー 【S】{276/190}[SV4a],G,276/190,S,¥200,¥100,¥90,¥40,¥10,,¥200,https://files.cardrush.media/pokemon/ocha_products/51005.webp,200
プリン 【S】{306/190}[SV4a],G,306/190,S,¥200,¥100,¥90,¥40,¥10,,¥200,https://files.cardrush.media/pokemon/ocha_products/51035.webp,200
サルノリ 【S】{203/190}[s4a],D,203/190,S,¥200,¥100,¥90,¥40,¥10,,¥200,https://files.cardrush.media/pokemon/ocha_products/17352.webp,200
ヒバニー 【S】{214/190}[s4a],D,214/190,S,¥200,¥100,¥90,¥40,¥10,,¥200,https://files.cardrush.media/pokemon/ocha_products/17363.webp,200
ウオノラゴン 【S】{235/190}[s4a],D,235/190,S,¥200,¥100,¥90,¥40,¥10,,¥200,https://files.cardrush.media/pokemon/ocha_products/17384.webp,200
ガラルネギガナイト 【S】{263/190}[s4a],D,263/190,S,¥200,¥100,¥90,¥40,¥10,,¥200,https://files.cardrush.media/pokemon/ocha_products/17412.webp,200
ガラルニャース 【S】{285/190}[s4a],D,285/190,S,¥200,¥100,¥90,¥40,¥10,,¥200,https://files.cardrush.media/pokemon/ocha_products/17434.webp,200
フェローチェ 【S】{165/150}[sm8b],B,165/150,S,¥200,¥100,¥90,¥40,¥10,,¥200,https://files.cardrush.media/pokemon/ocha_products/2379.webp,200
コソクムシ 【S】{164/150}[sm8b],A,164/150,S,¥200,¥100,¥90,¥40,¥10,,¥200,https://files.cardrush.media/pokemon/ocha_products/2260.webp,200
ダンバル 【S】{190/150}[sm8b],A,190/150,S,¥200,¥100,¥90,¥40,¥10,,¥200,https://files.cardrush.media/pokemon/ocha_products/2306.webp,200
ガバイト 【S】{199/150}[sm8b],B,199/150,S,¥200,¥100,¥90,¥40,¥10,,¥200,https://files.cardrush.media/pokemon/ocha_products/2510.webp,200
ヤレユータン 【S】{204/150}[sm8b],A,204/150,S,¥200,¥100,¥90,¥40,¥10,,¥200,https://files.cardrush.media/pokemon/ocha_products/2441.webp,200
レシラム 【A】{021/190}[s4a],D,021/190,A,¥200,¥100,¥90,¥40,¥10,,¥200,https://files.cardrush.media/pokemon/ocha_products/17004.webp,200
メガシャリタツex 【P】{139/M-P}[PROMO],J,139/M-P,P,¥200,¥100,¥90,¥40,¥10,,¥200,https://files.cardrush.media/pokemon/ocha_products/82516.webp,200
ガーディ 【P】{024/SV-P}[PROMO],G,024/SV-P,P,¥200,¥100,¥90,¥40,¥10,,¥200,https://files.cardrush.media/pokemon/ocha_products/39940.webp,200
カルボウ 【P】{036/SV-P}[PROMO],G,036/SV-P,P,¥200,¥100,¥90,¥40,¥10,,¥200,https://files.cardrush.media/pokemon/ocha_products/40352.webp,200
マツバの確信 【P】{147/SV-P}[PROMO],H,147/SV-P,P,¥200,¥100,¥90,¥40,¥10,,¥200,https://files.cardrush.media/pokemon/ocha_products/55577.webp,200
ナンジャモ 【P】{161/SV-P}[PROMO],G,161/SV-P,P,¥200,¥100,¥90,¥40,¥10,,¥200,https://files.cardrush.media/pokemon/ocha_products/55584.webp,200
フワライド 【P】{235/SV-P}[PROMO],I,235/SV-P,P,¥200,¥100,¥90,¥40,¥10,,¥200,https://files.cardrush.media/pokemon/ocha_products/63842.webp,200
ポケモンキャッチャー 【P】{277/SV-P}[PROMO],I,277/SV-P,P,¥200,¥100,¥90,¥40,¥10,,¥200,https://files.cardrush.media/pokemon/ocha_products/69248.webp,200
モクロー 【P】{274/S-P}[その他],F,274/S-P,P,¥200,¥100,¥90,¥40,¥10,,¥200,https://files.cardrush.media/pokemon/ocha_products/34329.webp,200
レジドラゴV RR仕様【P】{321/S-P}[その他],F,321/S-P,P,¥200,¥100,¥90,¥40,¥10,,¥200,https://files.cardrush.media/pokemon/ocha_products/37739.webp,200
キバナ R仕様【P】{228/S-P}[その他],E,228/S-P,P,¥200,¥100,¥90,¥40,¥10,,¥200,https://files.cardrush.media/pokemon/ocha_products/21872.webp,200
ジムトレーナー 【P】{102/S-P}[その他],D,102/S-P,P,¥200,¥100,¥90,¥40,¥10,,¥200,https://files.cardrush.media/pokemon/ocha_products/14351.webp,200
ソニア 【P】{046/S-P}[その他],D,046/S-P,P,¥200,¥100,¥90,¥40,¥10,,¥200,https://files.cardrush.media/pokemon/ocha_products/14659.webp,200
シャンデラ 【P】{327/SM-P}[その他],C,327/SM-P,P,¥200,¥100,¥90,¥40,¥10,,¥200,https://files.cardrush.media/pokemon/ocha_products/4012.webp,200
ホエルコ 【P】{230/SM-P}[その他],B,230/SM-P,P,¥200,¥100,¥90,¥40,¥10,,¥200,https://files.cardrush.media/pokemon/ocha_products/19946.webp,200
ルクシオ 【P】{158/SM-P}[その他],B,158/SM-P,P,¥200,¥100,¥90,¥40,¥10,,¥200,https://files.cardrush.media/pokemon/ocha_products/4273.webp,200
ダダリン 【P】{042/SM-P}[その他],A,042/SM-P,P,¥200,¥100,¥90,¥40,¥10,,¥200,https://files.cardrush.media/pokemon/ocha_products/2104.webp,200
リオル 【P】{315/SM-P}[その他],C,315/SM-P,P,¥200,¥100,¥90,¥40,¥10,,¥200,https://files.cardrush.media/pokemon/ocha_products/4310.webp,200
メルタン 【P】{284/SM-P}[その他],C,284/SM-P,P,¥200,¥100,¥90,¥40,¥10,,¥200,https://files.cardrush.media/pokemon/ocha_products/2938.webp,200
メルメタルGX 【P】{285/SM-P}[その他],C,285/SM-P,P,¥200,¥100,¥90,¥40,¥10,,¥200,https://files.cardrush.media/pokemon/ocha_products/2939.webp,200
ハプウ 【P】{390/SM-P}[その他],C,390/SM-P,P,¥200,¥100,¥90,¥40,¥10,,¥200,https://files.cardrush.media/pokemon/ocha_products/5531.webp,200
フウとラン 【P】{296/SM-P}[その他],B,296/SM-P,P,¥200,¥100,¥90,¥40,¥10,,¥200,https://files.cardrush.media/pokemon/ocha_products/3661.webp,200
おおきいマラサダ 【P】{090/SM-P}[その他],A,090/SM-P,P,¥200,¥100,¥90,¥40,¥10,,¥200,https://files.cardrush.media/pokemon/ocha_products/3660.webp,200
どくバリ 【P】{094/SM-P}[その他],A,094/SM-P,P,¥200,¥100,¥90,¥40,¥10,,¥200,https://files.cardrush.media/pokemon/ocha_products/2112.webp,200
ブリガロンV 【SR】{099/098}[S12],F,099/098,SR,¥200,¥100,¥90,¥40,¥10,,¥200,https://files.cardrush.media/pokemon/ocha_products/37601.webp,200
ゴリランダーV 【SR】{071/070}[s1a],D,071/070,SR,¥200,¥100,¥90,¥40,¥10,,¥200,https://files.cardrush.media/pokemon/ocha_products/7355.webp,200
ヒードランVMAX 【HR】{080/067}[S10P],F,080/067,HR,¥200,¥100,¥90,¥40,¥10,,¥200,https://files.cardrush.media/pokemon/ocha_products/34769.webp,200
シャンデラV 【SR】{102/100}[S8],E,102/100,SR,¥200,¥100,¥90,¥40,¥10,,¥200,https://files.cardrush.media/pokemon/ocha_products/22187.webp,200
ファイアローV 【SR】{102/100}[s4],D,102/100,SR,¥200,¥100,¥90,¥40,¥10,,¥200,https://files.cardrush.media/pokemon/ocha_products/14590.webp,200
パルスワンV 【SR】{104/100}[S8],E,104/100,SR,¥200,¥100,¥90,¥40,¥10,,¥200,https://files.cardrush.media/pokemon/ocha_products/22189.webp,200
ストリンダーV 【SR】{100/096}[S2],D,100/096,SR,¥200,¥100,¥90,¥40,¥10,,¥200,https://files.cardrush.media/pokemon/ocha_products/7546.webp,200
ガラルマッギョV 【SR】{076/070}[S2a],D,076/070,SR,¥200,¥100,¥90,¥40,¥10,,¥200,https://files.cardrush.media/pokemon/ocha_products/13177.webp,200
トルネロスV 【SR】{078/070}[S6H],E,078/070,SR,¥200,¥100,¥90,¥40,¥10,,¥200,https://files.cardrush.media/pokemon/ocha_products/20198.webp,200
ユキメノコex 【SR】{075/062}[SV3a],G,075/062,SR,¥200,¥100,¥90,¥40,¥10,,¥200,https://files.cardrush.media/pokemon/ocha_products/47864.webp,200
コオリッポex 【SR】{121/108}[SV3],G,121/108,SR,¥200,¥100,¥90,¥40,¥10,,¥200,https://files.cardrush.media/pokemon/ocha_products/45912.webp,200
イーユイex 【SR】{085/071}[SV2D],G,085/071,SR,¥200,¥100,¥90,¥40,¥10,,¥200,https://files.cardrush.media/pokemon/ocha_products/41847.webp,200
グソクムシャex 【SR】{081/066}[SV4K],G,081/066,SR,¥200,¥100,¥90,¥40,¥10,,¥200,https://files.cardrush.media/pokemon/ocha_products/49644.webp,200
ウェーニバルex 【SR】{088/073}[SV1a],G,088/073,SR,¥200,¥100,¥90,¥40,¥10,,¥200,https://files.cardrush.media/pokemon/ocha_products/40590.webp,200
ジバコイルex 【SR】{093/078}[SV1V],G,093/078,SR,¥200,¥100,¥90,¥40,¥10,,¥200,https://files.cardrush.media/pokemon/ocha_products/39544.webp,200
テツノカイナex 【SR】{079/066}[SV4M],G,079/066,SR,¥200,¥100,¥90,¥40,¥10,,¥200,https://files.cardrush.media/pokemon/ocha_products/49671.webp,200
ルガルガンex 【SR】{090/073}[SV1a],G,090/073,SR,¥200,¥100,¥90,¥40,¥10,,¥200,https://files.cardrush.media/pokemon/ocha_products/40592.webp,200
ストリンダーex 【SR】{081/066}[SV4M],G,081/066,SR,¥200,¥100,¥90,¥40,¥10,,¥200,https://files.cardrush.media/pokemon/ocha_products/49673.webp,200
キラフロルex 【SR】{124/108}[SV3],G,124/108,SR,¥200,¥100,¥90,¥40,¥10,,¥200,https://files.cardrush.media/pokemon/ocha_products/45915.webp,200
ディンルーex 【SR】{088/071}[SV2D],G,088/071,SR,¥200,¥100,¥90,¥40,¥10,,¥200,https://files.cardrush.media/pokemon/ocha_products/41850.webp,200
アブソルex 【SR】{126/108}[SV3],G,126/108,SR,¥200,¥100,¥90,¥40,¥10,,¥200,https://files.cardrush.media/pokemon/ocha_products/45917.webp,200
ブロロロームex 【SR】{127/108}[SV3],G,127/108,SR,¥200,¥100,¥90,¥40,¥10,,¥200,https://files.cardrush.media/pokemon/ocha_products/45918.webp,200
オトシドリex 【SR】{080/062}[SV3a],G,080/062,SR,¥200,¥100,¥90,¥40,¥10,,¥200,https://files.cardrush.media/pokemon/ocha_products/47869.webp,200
ウォロ 【HR】{093/071}[S10a],F,093/071,HR,¥200,¥100,¥90,¥40,¥10,,¥200,https://files.cardrush.media/pokemon/ocha_products/35372.webp,200
ウォロ 【SR】{084/071}[S10a],F,084/071,SR,¥200,¥100,¥90,¥40,¥10,,¥200,https://files.cardrush.media/pokemon/ocha_products/35363.webp,200
オルティガ 【SR】{130/108}[SV3],G,130/108,SR,¥200,¥100,¥90,¥40,¥10,,¥200,https://files.cardrush.media/pokemon/ocha_products/45921.webp,200
キャンデラ 【HR】{087/071}[S10b],F,087/071,HR,¥200,¥100,¥90,¥40,¥10,,¥200,https://files.cardrush.media/pokemon/ocha_products/35822.webp,200
シバ 【HR】{086/070}[S5I],E,086/070,HR,¥200,¥100,¥90,¥40,¥10,,¥200,https://files.cardrush.media/pokemon/ocha_products/18245.webp,200
シマボシ 【SR】{080/067}[S9a],F,080/067,SR,¥200,¥100,¥90,¥40,¥10,,¥200,https://files.cardrush.media/pokemon/ocha_products/33704.webp,200
シマボシ 【HR】{088/067}[S9a],F,088/067,HR,¥200,¥100,¥90,¥40,¥10,,¥200,https://files.cardrush.media/pokemon/ocha_products/33712.webp,200
ジンダイ 【SR】{112/098}[S12],F,112/098,SR,¥200,¥100,¥90,¥40,¥10,,¥200,https://files.cardrush.media/pokemon/ocha_products/37614.webp,200
スクールボーイ 【HR】{085/067}[S7R],E,085/067,HR,¥200,¥100,¥90,¥40,¥10,,¥200,https://files.cardrush.media/pokemon/ocha_products/21485.webp,200
スパーク 【SR】{081/071}[S10b],F,081/071,SR,¥200,¥100,¥90,¥40,¥10,,¥200,https://files.cardrush.media/pokemon/ocha_products/35823.webp,200
ズミ 【HR】{091/070}[S6K],E,091/070,HR,¥200,¥100,¥90,¥40,¥10,,¥200,https://files.cardrush.media/pokemon/ocha_products/20188.webp,200
ダンサー 【HR】{123/100}[S8],E,123/100,HR,¥200,¥100,¥90,¥40,¥10,,¥200,https://files.cardrush.media/pokemon/ocha_products/22208.webp,200
ダンサー 【SR】{114/100}[S8],E,114/100,SR,¥200,¥100,¥90,¥40,¥10,,¥200,https://files.cardrush.media/pokemon/ocha_products/22199.webp,200
トウキ 【HR】{092/070}[S5a],E,092/070,HR,¥200,¥100,¥90,¥40,¥10,,¥200,https://files.cardrush.media/pokemon/ocha_products/19009.webp,200
ペリーラ 【HR】{085/067}[S10D],F,085/067,HR,¥200,¥100,¥90,¥40,¥10,,¥200,https://files.cardrush.media/pokemon/ocha_products/34753.webp,200
ポッドとデントとコーン 【HR】{124/100}[S8],E,124/100,HR,¥200,¥100,¥90,¥40,¥10,,¥200,https://files.cardrush.media/pokemon/ocha_products/22209.webp,200
ポプラ 【SR】{085/076}[s3a],D,085/076,SR,¥200,¥100,¥90,¥40,¥10,,¥200,https://files.cardrush.media/pokemon/ocha_products/14147.webp,200
マスタードいちげきのかた 【SR】{272/184}[S8b],E,272/184,SR,¥200,¥100,¥90,¥40,¥10,,¥200,https://files.cardrush.media/pokemon/ocha_products/23048.webp,200
マスタードれんげきのかた 【HR】{087/070}[S5R],E,087/070,HR,¥200,¥100,¥90,¥40,¥10,,¥200,https://files.cardrush.media/pokemon/ocha_products/18268.webp,200
マスタードれんげきのかた 【SR】{273/184}[S8b],E,273/184,SR,¥200,¥100,¥90,¥40,¥10,,¥200,https://files.cardrush.media/pokemon/ocha_products/23049.webp,200
ミクリ 【SR】{083/068}[S11a],F,083/068,SR,¥200,¥100,¥90,¥40,¥10,,¥200,https://files.cardrush.media/pokemon/ocha_products/37022.webp,200
メリッサ 【HR】{124/100}[S11],F,124/100,HR,¥200,¥100,¥90,¥40,¥10,,¥200,https://files.cardrush.media/pokemon/ocha_products/36391.webp,200
メリッサ 【SR】{116/100}[S11],F,116/100,SR,¥200,¥100,¥90,¥40,¥10,,¥200,https://files.cardrush.media/pokemon/ocha_products/36383.webp,200
ヤロー 【SR】{078/070}[s1a],D,078/070,SR,¥200,¥100,¥90,¥40,¥10,,¥200,https://files.cardrush.media/pokemon/ocha_products/7362.webp,200
ローズ 【HR】{116/100}[s3],D,116/100,HR,¥200,¥100,¥90,¥40,¥10,,¥200,https://files.cardrush.media/pokemon/ocha_products/13910.webp,200
博士の研究/ウィロー博士 【HR】{089/071}[S10b],G,089/071,HR,¥200,¥100,¥90,¥40,¥10,,¥200,https://files.cardrush.media/pokemon/ocha_products/35826.webp,200
博士の研究/オーキド博士 25th【SR】{029/028}[S8a],G,029/028,SR,¥200,¥100,¥90,¥40,¥10,,¥200,https://files.cardrush.media/pokemon/ocha_products/22424.webp,200
野盗三姉妹 【HR】{096/071}[S10a],F,096/071,HR,¥200,¥100,¥90,¥40,¥10,,¥200,https://files.cardrush.media/pokemon/ocha_products/35375.webp,200
ボウルタウン 【UR】{140/108}[SV3],G,140/108,UR,¥200,¥100,¥90,¥40,¥10,,¥200,https://files.cardrush.media/pokemon/ocha_products/45931.webp,200
リーフィアV 【RR】{011/172}[S12a],E,011/172,RR,¥200,¥100,¥90,¥40,¥10,,¥200,https://files.cardrush.media/pokemon/ocha_products/38095.webp,200
リーフィアVSTAR 【RRR】{012/172}[S12a],F,012/172,RRR,¥200,¥100,¥90,¥40,¥10,,¥200,https://files.cardrush.media/pokemon/ocha_products/38096.webp,200
ラランテスGX 【RR】{006/060}[sm1M],A,006/060,RR,¥200,¥100,¥90,¥40,¥10,,¥200,https://files.cardrush.media/pokemon/ocha_products/1568.webp,200
フェローチェGX 【RR】{012/114}[sm4+],A,012/114,RR,¥200,¥100,¥90,¥40,¥10,,¥200,https://files.cardrush.media/pokemon/ocha_products/1222.webp,200
ゴリランダーVMAX RRR仕様【P】{171/S-P}[その他],E,171/S-P,P,¥200,¥100,¥90,¥40,¥10,,¥200,https://files.cardrush.media/pokemon/ocha_products/19016.webp,200
キュウコンV 【RR】{013/096}[S2],D,013/096,RR,¥200,¥100,¥90,¥40,¥10,,¥200,https://files.cardrush.media/pokemon/ocha_products/7441.webp,200
ヘルガーV 【RR】{009/100}[s3],D,009/100,RR,¥200,¥100,¥90,¥40,¥10,,¥200,https://files.cardrush.media/pokemon/ocha_products/13249.webp,200
ビクティニVMAX 【RRR】{013/070}[S5R],E,013/070,RRR,¥200,¥100,¥90,¥40,¥10,,¥200,https://files.cardrush.media/pokemon/ocha_products/18135.webp,200
ビクティニVMAX ノーマル仕様【-】{060/414}[SI],E,060/414,-,¥200,¥100,¥90,¥40,¥10,,¥200,https://files.cardrush.media/pokemon/ocha_products/23266.webp,200
エースバーンVMAX 【RRR】{017/070}[s1a],D,017/070,RRR,¥200,¥100,¥90,¥40,¥10,,¥200,https://files.cardrush.media/pokemon/ocha_products/7301.webp,200
エンペルトV RR仕様【P】{184/S-P}[その他],E,184/S-P,P,¥200,¥100,¥90,¥40,¥10,,¥200,https://files.cardrush.media/pokemon/ocha_products/20649.webp,200
アローラロコンV 【RR】{022/068}[S11a],F,022/068,RR,¥200,¥100,¥90,¥40,¥10,,¥200,https://files.cardrush.media/pokemon/ocha_products/36911.webp,200
カメックス 【R】{017/071}[S10b],F,017/071,R,¥200,¥100,¥90,¥40,¥10,,¥200,https://files.cardrush.media/pokemon/ocha_products/35743.webp,200
カメックスex 【RR】{009/165}[SV2a],G,009/165,RR,¥200,¥100,¥90,¥40,¥10,,¥200,https://files.cardrush.media/pokemon/ocha_products/43350.webp,200
フィオネ 【U】{022/064}[sm11a],C,022/064,U,¥200,¥100,¥90,¥40,¥10,,¥200,https://files.cardrush.media/pokemon/ocha_products/4986.webp,200
アシレーヌGX 【RR】{016/051}[sm1+],A,016/051,RR,¥200,¥100,¥90,¥40,¥10,,¥200,https://files.cardrush.media/pokemon/ocha_products/148.webp,200
サンダースV 【RR】{030/069}[S6a],E,030/069,RR,¥200,¥100,¥90,¥40,¥10,,¥200,https://files.cardrush.media/pokemon/ocha_products/20680.webp,200
アローラゴローニャGX 【RR】{018/050}[sm4S],A,018/050,RR,¥200,¥100,¥90,¥40,¥10,,¥200,https://files.cardrush.media/pokemon/ocha_products/178.webp,200
カプ・コケコGX 【RR】{022/050}[sm2K],A,022/050,RR,¥200,¥100,¥90,¥40,¥10,,¥200,https://files.cardrush.media/pokemon/ocha_products/371.webp,200
モルペコVMAX 【RRR】{020/060}[s1H],D,020/060,RRR,¥200,¥100,¥90,¥40,¥10,,¥200,https://files.cardrush.media/pokemon/ocha_products/6940.webp,200
パーモットex RR仕様【-】{005/007}[SVP1],G,005/007,-,¥200,¥100,¥90,¥40,¥10,,¥200,https://files.cardrush.media/pokemon/ocha_products/42870.webp,200
ニンフィアV 【RR】{074/184}[S8b],E,074/184,RR,¥200,¥100,¥90,¥40,¥10,,¥200,https://files.cardrush.media/pokemon/ocha_products/22712.webp,200
ニンフィアV 【RR】{040/069}[S6a],E,040/069,RR,¥200,¥100,¥90,¥40,¥10,,¥200,https://files.cardrush.media/pokemon/ocha_products/20690.webp,200
ミュウツーVSTAR 【RRR】{031/071}[S10b],F,031/071,RRR,¥200,¥100,¥90,¥40,¥10,,¥200,https://files.cardrush.media/pokemon/ocha_products/35757.webp,200
ミュウツーVSTAR 【RRR】{051/172}[S12a],F,051/172,RRR,¥200,¥100,¥90,¥40,¥10,,¥200,https://files.cardrush.media/pokemon/ocha_products/38135.webp,200
ミュウ 【-】{055/173}[sm12a],C,055/173,-,¥200,¥100,¥90,¥40,¥10,,¥200,https://files.cardrush.media/pokemon/ocha_products/5800.webp,200
ミュウex 【RR】{076/190}[SV4a],G,076/190,RR,¥200,¥100,¥90,¥40,¥10,,¥200,https://files.cardrush.media/pokemon/ocha_products/50642.webp,200
ミュウex 【RR】{151/165}[SV2a],G,151/165,RR,¥200,¥100,¥90,¥40,¥10,,¥200,https://files.cardrush.media/pokemon/ocha_products/43492.webp,200
キリンリキ 【P】{220/SV-P}[PROMO],B,220/SV-P,P,¥200,¥100,¥90,¥40,¥10,,¥200,https://files.cardrush.media/pokemon/ocha_products/63222.webp,200
キリンリキ 【C】{045/095}[sm8],B,045/095,C,¥200,¥100,¥90,¥40,¥10,,¥200,https://files.cardrush.media/pokemon/ocha_products/4228.webp,200
ニンフィアVMAX 【RRR】{075/184}[S8b],E,075/184,RRR,¥200,¥100,¥90,¥40,¥10,,¥200,https://files.cardrush.media/pokemon/ocha_products/22713.webp,200
ニンフィアVMAX 【RRR】{041/069}[S6a],E,041/069,RRR,¥200,¥100,¥90,¥40,¥10,,¥200,https://files.cardrush.media/pokemon/ocha_products/20691.webp,200
カプ・テテフGX ノーマル仕様【-】{001/029}[SMN],A,001/029,-,¥200,¥100,¥90,¥40,¥10,,¥200,https://files.cardrush.media/pokemon/ocha_products/3259.webp,200
カプ・テテフGX ノーマル仕様【-】{008/031}[smM],A,008/031,-,¥200,¥100,¥90,¥40,¥10,,¥200,https://files.cardrush.media/pokemon/ocha_products/4613.webp,200
マーシャドー 【R】{020/055}[SM9a],C,020/055,R,¥200,¥100,¥90,¥40,¥10,,¥200,https://files.cardrush.media/pokemon/ocha_products/2887.webp,200
マーシャドー 【-】{064/173}[sm12a],C,064/173,-,¥200,¥100,¥90,¥40,¥10,,¥200,https://files.cardrush.media/pokemon/ocha_products/5817.webp,200
ルカリオVSTAR RRR仕様【-】{005/021}[SLL],F,005/021,-,¥200,¥100,¥90,¥40,¥10,,¥200,https://files.cardrush.media/pokemon/ocha_products/33637.webp,200
マッシブーンGX 【RR】{030/050}[sm4S],A,030/050,RR,¥200,¥100,¥90,¥40,¥10,,¥200,https://files.cardrush.media/pokemon/ocha_products/1778.webp,200
リザードンex 【RR】{115/190}[SV4a],G,115/190,RR,¥200,¥100,¥90,¥40,¥10,,¥200,https://files.cardrush.media/pokemon/ocha_products/50681.webp,200
リザードンex 【RR】{066/108}[SV3],G,066/108,RR,¥200,¥100,¥90,¥40,¥10,,¥200,https://files.cardrush.media/pokemon/ocha_products/45757.webp,200
ゾロアークGX 【RR】{054/072}[sm3+],A,054/072,RR,¥200,¥100,¥90,¥40,¥10,,¥200,https://files.cardrush.media/pokemon/ocha_products/809.webp,200
ゾロアークGX 【RR】{070/150}[sm8b],A,070/150,RR,¥200,¥100,¥90,¥40,¥10,,¥200,https://files.cardrush.media/pokemon/ocha_products/2296.webp,200
イベルタルGX 【RR】{055/094}[sm6],B,055/094,RR,¥200,¥100,¥90,¥40,¥10,,¥200,https://files.cardrush.media/pokemon/ocha_products/201.webp,200
イベルタルGX ノーマル仕様【-】{075/131}[smH],B,075/131,-,¥200,¥100,¥90,¥40,¥10,,¥200,https://files.cardrush.media/pokemon/ocha_products/2777.webp,200
アクジキングGX 【RR】{033/050}[sm4A],A,033/050,RR,¥200,¥100,¥90,¥40,¥10,,¥200,https://files.cardrush.media/pokemon/ocha_products/140.webp,200
ハッサムVMAX 【RRR】{067/100}[s3],D,067/100,RRR,¥200,¥100,¥90,¥40,¥10,,¥200,https://files.cardrush.media/pokemon/ocha_products/13306.webp,200
カミツルギGX 【RR】{037/050}[sm4S],A,037/050,RR,¥200,¥100,¥90,¥40,¥10,,¥200,https://files.cardrush.media/pokemon/ocha_products/396.webp,200
アローラキュウコン 【R】{056/095}[sm12],C,056/095,R,¥200,¥100,¥90,¥40,¥10,,¥200,https://files.cardrush.media/pokemon/ocha_products/5437.webp,200
ゼルネアスGX 【RR】{064/094}[sm6],B,064/094,RR,¥200,¥100,¥90,¥40,¥10,,¥200,https://files.cardrush.media/pokemon/ocha_products/782.webp,200
カイリューV 【RR】{049/071}[S10b],F,049/071,RR,¥200,¥100,¥90,¥40,¥10,,¥200,https://files.cardrush.media/pokemon/ocha_products/35775.webp,200
レックウザV ノーマル仕様【-】{315/414}[SI],E,315/414,-,¥200,¥100,¥90,¥40,¥10,,¥200,https://files.cardrush.media/pokemon/ocha_products/23594.webp,200
ヌメラ 【C】{065/094}[sm6],B,065/094,C,¥200,¥100,¥90,¥40,¥10,,¥200,https://files.cardrush.media/pokemon/ocha_products/7392.webp,200
ボーマンダV 【RR】{080/100}[s3],D,080/100,RR,¥200,¥100,¥90,¥40,¥10,,¥200,https://files.cardrush.media/pokemon/ocha_products/13319.webp,200
ペルシアンGX 【RR】{069/095}[sm10],C,069/095,RR,¥200,¥100,¥90,¥40,¥10,,¥200,https://files.cardrush.media/pokemon/ocha_products/3364.webp,200
カビゴン 【-】{342/414}[SI],E,342/414,-,¥200,¥100,¥90,¥40,¥10,,¥200,https://files.cardrush.media/pokemon/ocha_products/23627.webp,200
アルセウスVSTAR 【RRR】{127/172}[S12a],F,127/172,RRR,¥200,¥100,¥90,¥40,¥10,,¥200,https://files.cardrush.media/pokemon/ocha_products/38211.webp,200
アルセウスVSTAR 【RRR】{084/100}[S9],F,084/100,RRR,¥200,¥100,¥90,¥40,¥10,,¥200,https://files.cardrush.media/pokemon/ocha_products/24356.webp,200
タッグコール 【U】{083/095}[sm12],C,083/095,U,¥200,¥100,¥90,¥40,¥10,,¥200,https://files.cardrush.media/pokemon/ocha_products/5464.webp,200
ともだちてちょう 【TR】{091/094}[sm11],G,091/094,TR,¥200,¥100,¥90,¥40,¥10,,¥200,https://files.cardrush.media/pokemon/ocha_products/4602.webp,200
隠密フード 【U】{046/055}[SM9a],C,046/055,U,¥200,¥100,¥90,¥40,¥10,,¥200,https://files.cardrush.media/pokemon/ocha_products/2913.webp,200
アカギ◇ 【PR】{144/173}[sm12a],B,144/173,PR,¥200,¥100,¥90,¥40,¥10,,¥200,https://files.cardrush.media/pokemon/ocha_products/5962.webp,200
アカギ◇ 【PR】{059/066}[sm5s],B,059/066,PR,¥200,¥100,¥90,¥40,¥10,,¥200,https://files.cardrush.media/pokemon/ocha_products/129.webp,200
バリヤード 【C】{015/024}[smP2],C,015/024,C,¥200,¥100,¥90,¥40,¥10,,¥200,https://files.cardrush.media/pokemon/ocha_products/4391.webp,200
ピカチュウ 【C】{014/071}[S10a],F,014/071,C,¥200,¥100,¥90,¥40,¥10,,¥200,https://files.cardrush.media/pokemon/ocha_products/35238.webp,200
ワザマシンエヴォリューション 【P】{146/SV-P}[その他],,146/SV-P,P,¥150,¥70,¥30,¥10,¥1,,¥200,https://files.cardrush.media/pokemon/ocha_products/54308.webp,150
Nのゾロア 【P】{200/SV-P}[その他],,200/SV-P,P,¥150,¥70,¥30,¥10,¥1,,¥200,https://files.cardrush.media/pokemon/ocha_products/63563.webp,150
ホゲータ 【P】{214/SV-P}[その他],,214/SV-P,P,¥150,¥70,¥30,¥10,¥1,,¥200,https://files.cardrush.media/pokemon/ocha_products/58428.webp,150
ビビヨン 【P】{165/XY-P}[XY],PROMO,165/XY-P,P,¥150,¥70,¥30,¥10,¥1,,¥200,https://files.cardrush.media/pokemon/ocha_products/72381.webp,150
ハリマロン 【P】{061/XY-P}[XY],PROMO,061/XY-P,P,¥150,¥70,¥30,¥10,¥1,,¥200,https://files.cardrush.media/pokemon/ocha_products/72327.webp,150
ケムッソ 【P】{128/XY-P}[XY],PROMO,128/XY-P,P,¥150,¥70,¥30,¥10,¥1,,¥200,https://files.cardrush.media/pokemon/ocha_products/72363.webp,150
ファイアロー 【P】{018/XY-P}[XY],PROMO,018/XY-P,P,¥150,¥70,¥30,¥10,¥1,,¥200,https://files.cardrush.media/pokemon/ocha_products/72302.webp,150
ケロマツ 【P】{167/XY-P}[XY],PROMO,167/XY-P,P,¥150,¥70,¥30,¥10,¥1,,¥200,https://files.cardrush.media/pokemon/ocha_products/72383.webp,150
ルクシオ 【P】{179/XY-P}[XY],PROMO,179/XY-P,P,¥150,¥70,¥30,¥10,¥1,,¥200,https://files.cardrush.media/pokemon/ocha_products/72389.webp,150
コリンク 【P】{178/XY-P}[XY],PROMO,178/XY-P,P,¥150,¥70,¥30,¥10,¥1,,¥200,https://files.cardrush.media/pokemon/ocha_products/72388.webp,150
ニャオニクス 【P】{041/XY-P}[XY],PROMO,041/XY-P,P,¥150,¥70,¥30,¥10,¥1,,¥200,https://files.cardrush.media/pokemon/ocha_products/72316.webp,150
ゴロンダ 【P】{059/XY-P}[XY],PROMO,059/XY-P,P,¥150,¥70,¥30,¥10,¥1,,¥200,https://files.cardrush.media/pokemon/ocha_products/72325.webp,150
ディグダ 【P】{023/XY-P}[XY],PROMO,023/XY-P,P,¥150,¥70,¥30,¥10,¥1,,¥200,https://files.cardrush.media/pokemon/ocha_products/72306.webp,150
フラエッテ 【P】{171/XY-P}[XY],PROMO,171/XY-P,P,¥150,¥70,¥30,¥10,¥1,,¥200,https://files.cardrush.media/pokemon/ocha_products/72386.webp,150
クレッフィ 【P】{057/XY-P}[XY],PROMO,057/XY-P,P,¥150,¥70,¥30,¥10,¥1,,¥200,https://files.cardrush.media/pokemon/ocha_products/72323.webp,150
メレシー 【P】{058/XY-P}[XY],PROMO,058/XY-P,P,¥150,¥70,¥30,¥10,¥1,,¥200,https://files.cardrush.media/pokemon/ocha_products/72324.webp,150
オンバーン 【P】{009/XY-P}[XY],PROMO,009/XY-P,P,¥150,¥70,¥30,¥10,¥1,,¥200,https://files.cardrush.media/pokemon/ocha_products/72293.webp,150
ドラミドロ 【P】{288/XY-P}[XY],PROMO,288/XY-P,P,¥150,¥70,¥30,¥10,¥1,,¥200,https://files.cardrush.media/pokemon/ocha_products/72431.webp,150
ハンドスコープ 【P】{027/XY-P}[XY],PROMO,027/XY-P,P,¥150,¥70,¥30,¥10,¥1,,¥200,https://files.cardrush.media/pokemon/ocha_products/72310.webp,150
ヘビーブーツ 【P】{135/XY-P}[XY],PROMO,135/XY-P,P,¥150,¥70,¥30,¥10,¥1,,¥200,https://files.cardrush.media/pokemon/ocha_products/72369.webp,150
プテラソウルリンク 【P】{187/XY-P}[XY],PROMO,187/XY-P,P,¥150,¥70,¥30,¥10,¥1,,¥200,https://files.cardrush.media/pokemon/ocha_products/72394.webp,150
ボーマンダソウルリンク 【P】{258/XY-P}[XY],PROMO,258/XY-P,P,¥150,¥70,¥30,¥10,¥1,,¥200,https://files.cardrush.media/pokemon/ocha_products/72420.webp,150
エコアーム 【P】{211/XY-P}[その他],EX,211/XY-P,P,¥150,¥70,¥30,¥10,¥1,,¥200,https://files.cardrush.media/pokemon/ocha_products/241.webp,150
エネルギーリセット 【P】{172/XY-P}[その他],EX,172/XY-P,P,¥150,¥70,¥30,¥10,¥1,,¥200,https://files.cardrush.media/pokemon/ocha_products/267.webp,150
キバゴ 【P】{003/BW-P}[BW-P],PROMO,003/BW-P,P,¥150,¥70,¥30,¥10,¥1,,¥200,https://files.cardrush.media/pokemon/ocha_products/71160.webp,150
ヤナップ 【P】{004/BW-P}[BW-P],PROMO,004/BW-P,P,¥150,¥70,¥30,¥10,¥1,,¥200,https://files.cardrush.media/pokemon/ocha_products/71161.webp,150
ツンベアー 【P】{053/BW-P}[BW-P],PROMO,053/BW-P,P,¥150,¥70,¥30,¥10,¥1,,¥200,https://files.cardrush.media/pokemon/ocha_products/71199.webp,150
ヤナッキー 【P】{057/BW-P}[BW-P],PROMO,057/BW-P,P,¥150,¥70,¥30,¥10,¥1,,¥200,https://files.cardrush.media/pokemon/ocha_products/71207.webp,150
バオッキー 【P】{058/BW-P}[BW-P],PROMO,058/BW-P,P,¥150,¥70,¥30,¥10,¥1,,¥200,https://files.cardrush.media/pokemon/ocha_products/71208.webp,150
ヒヤッキー 【P】{059/BW-P}[BW-P],PROMO,059/BW-P,P,¥150,¥70,¥30,¥10,¥1,,¥200,https://files.cardrush.media/pokemon/ocha_products/71209.webp,150
スワンナ 【P】{092/BW-P}[BW-P],PROMO,092/BW-P,P,¥150,¥70,¥30,¥10,¥1,,¥200,https://files.cardrush.media/pokemon/ocha_products/71242.webp,150
ペンドラー 【P】{093/BW-P}[BW-P],PROMO,093/BW-P,P,¥150,¥70,¥30,¥10,¥1,,¥200,https://files.cardrush.media/pokemon/ocha_products/71243.webp,150
プラズマ団のモンスターボール 【P】{179/BW-P}[BW-P],PROMO,179/BW-P,P,¥150,¥70,¥30,¥10,¥1,,¥200,https://files.cardrush.media/pokemon/ocha_products/71300.webp,150
マメパト 【P】{205/BW-P}[BW-P],PROMO,205/BW-P,P,¥150,¥70,¥30,¥10,¥1,,¥200,https://files.cardrush.media/pokemon/ocha_products/71319.webp,150
キバゴ 【P】{206/BW-P}[BW-P],PROMO,206/BW-P,P,¥150,¥70,¥30,¥10,¥1,,¥200,https://files.cardrush.media/pokemon/ocha_products/71320.webp,150
ラクライ 【C】{023/070}[XY5],EX,023/070,C,¥150,¥70,¥30,¥10,¥1,,¥200,https://files.cardrush.media/pokemon/ocha_products/34384.webp,150
ウソッキー 【U】{048/080}[XY9],EX,048/080,U,¥150,¥70,¥30,¥10,¥1,,¥200,https://files.cardrush.media/pokemon/ocha_products/214.webp,150
ホルビー XY5【C】{059/070}[XY5],EX,059/070,C,¥150,¥70,¥30,¥10,¥1,,¥200,https://files.cardrush.media/pokemon/ocha_products/6198.webp,150
ホルビー 【-】{107/171}[XY],EX,107/171,-,¥150,¥70,¥30,¥10,¥1,,¥200,https://files.cardrush.media/pokemon/ocha_products/6196.webp,150
シンカソーダ 【U】{055/060}[XY1青],EX,055/060,U,¥150,¥70,¥30,¥10,¥1,,¥200,https://files.cardrush.media/pokemon/ocha_products/733.webp,150
シンカソーダ 【-】{053/072}[その他],EX,053/072,-,¥150,¥70,¥30,¥10,¥1,,¥200,https://files.cardrush.media/pokemon/ocha_products/732.webp,150
ちからのハチマキ 【-】{031/048}[EXB01],EX,031/048,-,¥150,¥70,¥30,¥10,¥1,,¥200,https://files.cardrush.media/pokemon/ocha_products/6121.webp,150
ちからのハチマキ 【U】{057/060}[XY1青],EX,057/060,U,¥150,¥70,¥30,¥10,¥1,,¥200,https://files.cardrush.media/pokemon/ocha_products/894.webp,150
ちからのハチマキ 【-】{036/049}[MMB赤],EX,036/049,-,¥150,¥70,¥30,¥10,¥1,,¥200,https://files.cardrush.media/pokemon/ocha_products/891.webp,150
ちからのハチマキ 【-】{037/049}[MMB青],EX,037/049,-,¥150,¥70,¥30,¥10,¥1,,¥200,https://files.cardrush.media/pokemon/ocha_products/890.webp,150
ちからのハチマキ 【P】{228/SV-P}[PROMO],XY,228/SV-P,P,¥150,¥70,¥30,¥10,¥1,,¥200,https://files.cardrush.media/pokemon/ocha_products/63230.webp,150
ちからのハチマキ 【-】{125/171}[XY],EX,125/171,-,¥150,¥70,¥30,¥10,¥1,,¥200,https://files.cardrush.media/pokemon/ocha_products/892.webp,150
ランダムレシーバー 【U】{018/026}[XYh],EX,018/026,U,¥150,¥70,¥30,¥10,¥1,,¥200,https://files.cardrush.media/pokemon/ocha_products/1571.webp,150
ランダムレシーバー 【-】{013/018}[その他],EX,013/018,-,¥150,¥70,¥30,¥10,¥1,,¥200,https://files.cardrush.media/pokemon/ocha_products/6230.webp,150
ランダムレシーバー 【-】{014/018}[その他],EX,014/018,-,¥150,¥70,¥30,¥10,¥1,,¥200,https://files.cardrush.media/pokemon/ocha_products/6231.webp,150
ランダムレシーバー 【-】{036/046}[その他],EX,036/046,-,¥150,¥70,¥30,¥10,¥1,,¥200,https://files.cardrush.media/pokemon/ocha_products/6232.webp,150
ルカリオソウルリンク 【-】{135/171}[XY],EX,135/171,-,¥150,¥70,¥30,¥10,¥1,,¥200,https://files.cardrush.media/pokemon/ocha_products/61195.webp,150
欲張りダイス XY11緑【U】{051/054}[XY11緑],EX,051/054,U,¥150,¥70,¥30,¥10,¥1,,¥200,https://files.cardrush.media/pokemon/ocha_products/34387.webp,150
欲張りダイス XY11紫【U】{051/054}[XY11紫],EX,051/054,U,¥150,¥70,¥30,¥10,¥1,,¥200,https://files.cardrush.media/pokemon/ocha_products/34388.webp,150
ゲーチス 【-】{013/016}[PBG],HOF,013/016,-,¥150,¥70,¥30,¥10,¥1,,¥200,https://files.cardrush.media/pokemon/ocha_products/554.webp,150
ゲーチス 【U】{048/051}[BW8紫],HOF,048/051,U,¥150,¥70,¥30,¥10,¥1,,¥200,https://files.cardrush.media/pokemon/ocha_products/556.webp,150
ダイゴ 【-】{014/018}[XYb緑],EX,014/018,-,¥150,¥70,¥30,¥10,¥1,,¥200,https://files.cardrush.media/pokemon/ocha_products/833.webp,150
アクア団の秘密基地 【U】{031/034}[CP1],EX,031/034,U,¥150,¥70,¥30,¥10,¥1,,¥200,https://files.cardrush.media/pokemon/ocha_products/130.webp,150
サイレントラボ 【-】{155/171}[XY],EX,155/171,-,¥150,¥70,¥30,¥10,¥1,,¥200,https://files.cardrush.media/pokemon/ocha_products/624.webp,150
サイレントラボ 【U】{069/070}[XY5緑],EX,069/070,U,¥150,¥70,¥30,¥10,¥1,,¥200,https://files.cardrush.media/pokemon/ocha_products/625.webp,150
ケロマツ 【C】{006/027}[CP2],EX,006/027,C,¥150,¥70,¥30,¥10,¥1,,¥200,https://files.cardrush.media/pokemon/ocha_products/18512.webp,150
チコリータ 【-】{001/016}[PS-3g],-,001/016,-,¥150,¥70,¥30,¥10,¥1,,¥200,https://files.cardrush.media/pokemon/ocha_products/66240.webp,150
ヒンバス 【-】{003/015}[PQ-w],-,003/015,-,¥150,¥70,¥30,¥10,¥1,,¥200,https://files.cardrush.media/pokemon/ocha_products/66257.webp,150
ホロンのビリリダマ 【◆】{031/086}[P6],-,031/086,◆,¥150,¥70,¥30,¥10,¥1,,¥200,https://files.cardrush.media/pokemon/ocha_products/66256.webp,150
アイリーンのマネネ 【-】{003/020}[PVS-R],-,003/020,-,¥150,¥70,¥30,¥10,¥1,,¥200,https://files.cardrush.media/pokemon/ocha_products/66241.webp,150
イーブイ 【-】{007/015}[PH-w],-,007/015,-,¥150,¥70,¥30,¥10,¥1,,¥200,https://files.cardrush.media/pokemon/ocha_products/66258.webp,150
マスターボール 【-】{009/015}[PH-w],-,009/015,-,¥150,¥70,¥30,¥10,¥1,,¥200,https://files.cardrush.media/pokemon/ocha_products/66181.webp,150
エネルギーリムーブ 【-】{044/052}[PS-1],-,044/052,-,¥150,¥70,¥30,¥10,¥1,,¥200,https://files.cardrush.media/pokemon/ocha_products/66184.webp,150
ロケット団のモンスターボール 【-】{017/020}[PD-sl],-,017/020,-,¥150,¥70,¥30,¥10,¥1,,¥200,https://files.cardrush.media/pokemon/ocha_products/66186.webp,150
デュアルボール 【◆】{066/080}[ADEX],-,066/080,◆,¥150,¥70,¥30,¥10,¥1,,¥200,https://files.cardrush.media/pokemon/ocha_products/66180.webp,150
ふうせんのみ 【◆】{053/054}[AD3],-,053/054,◆,¥150,¥70,¥30,¥10,¥1,,¥200,https://files.cardrush.media/pokemon/ocha_products/66200.webp,150
ハギ老人の思いやり 【◆】{052/054}[AD3],-,052/054,◆,¥150,¥70,¥30,¥10,¥1,,¥200,https://files.cardrush.media/pokemon/ocha_products/66217.webp,150
ミツルの育成 【◆】{052/053}[AD2],-,052/053,◆,¥150,¥70,¥30,¥10,¥1,,¥200,https://files.cardrush.media/pokemon/ocha_products/66219.webp,150
ニシキのネットワーク 【◆】{079/082}[P1],-,079/082,◆,¥150,¥70,¥30,¥10,¥1,,¥200,https://files.cardrush.media/pokemon/ocha_products/66222.webp,150
クリスタルビーチ 【◆】{073/075}[P8],-,073/075,◆,¥150,¥70,¥30,¥10,¥1,,¥200,https://files.cardrush.media/pokemon/ocha_products/66211.webp,150
ふうせんのみ 【-】{018/019}[その他],-,018/019,-,¥150,¥70,¥30,¥10,¥1,,¥200,https://files.cardrush.media/pokemon/ocha_products/84668.webp,150
ふうせんのみ 【-】{015/015}[その他],-,015/015,-,¥150,¥70,¥30,¥10,¥1,,¥200,https://files.cardrush.media/pokemon/ocha_products/84669.webp,150
バトルフロンティア 【-】{016/016}[その他],-,016/016,-,¥150,¥70,¥30,¥10,¥1,,¥200,https://files.cardrush.media/pokemon/ocha_products/84752.webp,150
キルリア 【●】{048/086}[その他],-,048/086,●,¥150,¥70,¥30,¥10,¥1,,¥200,https://files.cardrush.media/pokemon/ocha_products/84691.webp,150
キモリ 【●】{005/075}[その他],-,005/075,●,¥150,¥70,¥30,¥10,¥1,,¥200,https://files.cardrush.media/pokemon/ocha_products/84717.webp,150
キモリ 【●】{004/080}[その他],-,004/080,●,¥150,¥70,¥30,¥10,¥1,,¥200,https://files.cardrush.media/pokemon/ocha_products/84718.webp,150
ベイリーフ 【-】{002/016}[その他],-,002/016,-,¥150,¥70,¥30,¥10,¥1,,¥200,https://files.cardrush.media/pokemon/ocha_products/84731.webp,150
ピジョットソウルリンク 【U】{081/087}[CP6],XY,081/087,U,¥150,¥70,¥30,¥10,¥1,,¥200,https://files.cardrush.media/pokemon/ocha_products/19769.webp,150
ピカチュウ 【P】{291/SV-P}[その他],,291/SV-P,P,¥150,¥70,¥30,¥10,¥1,,¥200,https://files.cardrush.media/pokemon/ocha_products/71989.webp,150
ピカチュウ 【P】{133/M-P}[その他],,133/M-P,P,¥150,¥70,¥30,¥10,¥1,,¥200,https://files.cardrush.media/pokemon/ocha_products/82052.webp,150
イーブイ 【C】{048/060}[sm1M],状態減額大,048/060,C,¥150,¥70,¥30,¥10,¥1,,¥200,https://files.cardrush.media/pokemon/ocha_products/195.webp,150
ニドリーナδ-デルタ種 【-】{059/068}[その他],EX,059/068,-,¥150,¥70,¥30,¥10,¥1,,¥200,https://files.cardrush.media/pokemon/ocha_products/56538.webp,150
メリープδ-デルタ種 【-】{049/068}[その他],EX,049/068,-,¥150,¥70,¥30,¥10,¥1,,¥200,https://files.cardrush.media/pokemon/ocha_products/56614.webp,150
アノプスδ-デルタ種 【-】{045/052}[その他],EX,045/052,-,¥150,¥70,¥30,¥10,¥1,,¥200,https://files.cardrush.media/pokemon/ocha_products/56669.webp,150
スイクンex RR仕様【-】{010/032}[CLK],-,010/032,-,¥150,¥70,¥30,¥10,¥1,,¥200,https://files.cardrush.media/pokemon/ocha_products/49056.webp,150
サンドパン Classicキラ【-】{009/032}[CLF],-,009/032,-,¥150,¥70,¥30,¥10,¥1,,¥200,https://files.cardrush.media/pokemon/ocha_products/48987.webp,150
ギャロップ Classicキラ【-】{005/032}[CLL],-,005/032,-,¥150,¥70,¥30,¥10,¥1,,¥200,https://files.cardrush.media/pokemon/ocha_products/49017.webp,150
ピクシー Classicキラ【-】{014/032}[CLL],-,014/032,-,¥150,¥70,¥30,¥10,¥1,,¥200,https://files.cardrush.media/pokemon/ocha_products/49026.webp,150
スリープ Classicキラ【-】{011/032}[CLK],-,011/032,-,¥150,¥70,¥30,¥10,¥1,,¥200,https://files.cardrush.media/pokemon/ocha_products/49057.webp,150
ボルケニオンEX 【RR】{012/054}[XY11紫],EX,012/054,RR,¥150,¥70,¥30,¥10,¥1,,¥200,https://files.cardrush.media/pokemon/ocha_products/1400.webp,150
ガマゲロゲEX 【RR】{020/096}[XY3],EX,020/096,RR,¥150,¥70,¥30,¥10,¥1,,¥200,https://files.cardrush.media/pokemon/ocha_products/393.webp,150
ライボルトEX 【RR】{023/088}[その他],EX,023/088,RR,¥150,¥70,¥30,¥10,¥1,,¥200,https://files.cardrush.media/pokemon/ocha_products/3922.webp,150
ライボルトEX 【-】{034/171}[XY],EX,034/171,-,¥150,¥70,¥30,¥10,¥1,,¥200,https://files.cardrush.media/pokemon/ocha_products/3920.webp,150
ライボルトEX 【-】{042/131}[その他],EX,042/131,-,¥150,¥70,¥30,¥10,¥1,,¥200,https://files.cardrush.media/pokemon/ocha_products/3921.webp,150
イベルタルEX 【-】{079/171}[XY],EX,079/171,-,¥150,¥70,¥30,¥10,¥1,,¥200,https://files.cardrush.media/pokemon/ocha_products/61178.webp,150
からておうの稽古 【SR】{220/193}[M2a],H,220/193,SR,¥150,¥90,¥60,¥30,¥5,,¥150,https://files.cardrush.media/pokemon/ocha_products/73717.webp,150
ネリネ 【SR】{194/187}[SV8a],H,194/187,SR,¥150,¥90,¥60,¥30,¥5,,¥150,https://files.cardrush.media/pokemon/ocha_products/61995.webp,150
ウェーニバルex 【SSR】{325/190}[SV4a],G,325/190,SSR,¥150,¥90,¥60,¥30,¥5,,¥150,https://files.cardrush.media/pokemon/ocha_products/51054.webp,150
ゴリランダーVMAX 【SSR】{305/190}[s4a],D,305/190,SSR,¥150,¥90,¥60,¥30,¥5,,¥150,https://files.cardrush.media/pokemon/ocha_products/17454.webp,150
かがやくサーナイト 【K】{027/071}[S10a],F,027/071,K,¥150,¥90,¥60,¥30,¥5,,¥150,https://files.cardrush.media/pokemon/ocha_products/35251.webp,150
かがやくサーナイト 【K】{055/172}[S12a],F,055/172,K,¥150,¥90,¥60,¥30,¥5,,¥150,https://files.cardrush.media/pokemon/ocha_products/38139.webp,150
メガヤンマex 【SR】{076/063}[SV9a],I,076/063,SR,¥150,¥90,¥60,¥30,¥5,,¥150,https://files.cardrush.media/pokemon/ocha_products/64575.webp,150
オーガポンみどりのめんex 【RR】{016/101}[SV6],H,016/101,RR,¥150,¥90,¥60,¥30,¥5,,¥150,https://files.cardrush.media/pokemon/ocha_products/55491.webp,150
スピアーex 【SR】{096/083}[M4],J,096/083,SR,¥150,¥90,¥60,¥30,¥5,,¥150,https://files.cardrush.media/pokemon/ocha_products/79881.webp,150
メガヘラクロスex 【SR】{093/080}[M2],I,093/080,SR,¥150,¥90,¥60,¥30,¥5,,¥150,https://files.cardrush.media/pokemon/ocha_products/71696.webp,150
リーフィアex 【RR】{003/187}[SV8a],H,003/187,RR,¥150,¥90,¥60,¥30,¥5,,¥150,https://files.cardrush.media/pokemon/ocha_products/61401.webp,150
ラランテスex 【SR】{094/081}[M5],J,094/081,SR,¥150,¥90,¥60,¥30,¥5,,¥150,https://files.cardrush.media/pokemon/ocha_products/81475.webp,150
メガグソクムシャex 【SR】{089/076}[M6],J,089/076,SR,¥150,¥90,¥60,¥30,¥5,,¥150,https://files.cardrush.media/pokemon/ocha_products/83024.webp,150
カミツオロチex ノーマル仕様【-】{064/742}[MC],H,064/742,-,¥150,¥90,¥60,¥30,¥5,,¥150,https://files.cardrush.media/pokemon/ocha_products/75005.webp,150
ヒートロトムex 【SR】{090/076}[M6],J,090/076,SR,¥150,¥90,¥60,¥30,¥5,,¥150,https://files.cardrush.media/pokemon/ocha_products/83025.webp,150
ブースターex 【RR】{022/187}[SV8a],H,022/187,RR,¥150,¥90,¥60,¥30,¥5,,¥150,https://files.cardrush.media/pokemon/ocha_products/61420.webp,150
ブースターex ノーマル仕様【-】{094/742}[MC],H,094/742,-,¥150,¥90,¥60,¥30,¥5,,¥150,https://files.cardrush.media/pokemon/ocha_products/75044.webp,150
ホウオウ 【-】{003/022}[SVLS],H,003/022,-,¥150,¥90,¥60,¥30,¥5,,¥150,https://files.cardrush.media/pokemon/ocha_products/59283.webp,150
ゴウカザル 【-】{105/742}[MC],H,105/742,-,¥150,¥90,¥60,¥30,¥5,,¥150,https://files.cardrush.media/pokemon/ocha_products/75057.webp,150
シャンデラ 【R】{021/101}[SV6],H,021/101,R,¥150,¥90,¥60,¥30,¥5,,¥150,https://files.cardrush.media/pokemon/ocha_products/55496.webp,150
メガカエンジシex 【SR】{097/083}[M4],J,097/083,SR,¥150,¥90,¥60,¥30,¥5,,¥150,https://files.cardrush.media/pokemon/ocha_products/79882.webp,150
ボルケニオンex 【SR】{113/100}[SV9],I,113/100,SR,¥150,¥90,¥60,¥30,¥5,,¥150,https://files.cardrush.media/pokemon/ocha_products/63622.webp,150
オドリドリex 【SR】{095/080}[M2],I,095/080,SR,¥150,¥90,¥60,¥30,¥5,,¥150,https://files.cardrush.media/pokemon/ocha_products/71698.webp,150
メガユキノオーex 【SR】{076/063}[M1S],I,076/063,SR,¥150,¥90,¥60,¥30,¥5,,¥150,https://files.cardrush.media/pokemon/ocha_products/70064.webp,150
ケルディオex 【SR】{161/086}[SV11W],I,161/086,SR,¥150,¥90,¥60,¥30,¥5,,¥150,https://files.cardrush.media/pokemon/ocha_products/67570.webp,150
ヨワシex 【SR】{091/076}[M6],J,091/076,SR,¥150,¥90,¥60,¥30,¥5,,¥150,https://files.cardrush.media/pokemon/ocha_products/83026.webp,150
ヘイラッシャex 【SR】{078/063}[SV9a],I,078/063,SR,¥150,¥90,¥60,¥30,¥5,,¥150,https://files.cardrush.media/pokemon/ocha_products/64577.webp,150
ロトムex 【SR】{096/080}[M2],I,096/080,SR,¥150,¥90,¥60,¥30,¥5,,¥150,https://files.cardrush.media/pokemon/ocha_products/71699.webp,150
デンチュラex 【SR】{118/102}[SV7],H,118/102,SR,¥150,¥90,¥60,¥30,¥5,,¥150,https://files.cardrush.media/pokemon/ocha_products/58228.webp,150
ブロロロームex 【SR】{078/064}[SV6a],H,078/064,SR,¥150,¥90,¥60,¥30,¥5,,¥150,https://files.cardrush.media/pokemon/ocha_products/57367.webp,150
テツノイバラex ノーマル仕様【-】{282/742}[MC],H,282/742,-,¥150,¥90,¥60,¥30,¥5,,¥150,https://files.cardrush.media/pokemon/ocha_products/75268.webp,150
エーフィex 【RR】{063/187}[SV8a],H,063/187,RR,¥150,¥90,¥60,¥30,¥5,,¥150,https://files.cardrush.media/pokemon/ocha_products/61461.webp,150
エーフィex ノーマル仕様【-】{298/742}[MC],H,298/742,-,¥150,¥90,¥60,¥30,¥5,,¥150,https://files.cardrush.media/pokemon/ocha_products/75287.webp,150
ムウマージex 【SR】{097/080}[M2],I,097/080,SR,¥150,¥90,¥60,¥30,¥5,,¥150,https://files.cardrush.media/pokemon/ocha_products/71700.webp,150
ブルンゲルex 【SR】{162/086}[SV11W],I,162/086,SR,¥150,¥90,¥60,¥30,¥5,,¥150,https://files.cardrush.media/pokemon/ocha_products/67571.webp,150
メガゴルーグex 【SR】{093/076}[M6],J,093/076,SR,¥150,¥90,¥60,¥30,¥5,,¥150,https://files.cardrush.media/pokemon/ocha_products/83028.webp,150
メロエッタex 【SR】{162/086}[SV11B],I,162/086,SR,¥150,¥90,¥60,¥30,¥5,,¥150,https://files.cardrush.media/pokemon/ocha_products/67331.webp,150
テツノカシラex 【SR】{086/071}[SV5M],H,086/071,SR,¥150,¥90,¥60,¥30,¥5,,¥150,https://files.cardrush.media/pokemon/ocha_products/53316.webp,150
ラムパルドex 【SR】{098/081}[M5],J,098/081,SR,¥150,¥90,¥60,¥30,¥5,,¥150,https://files.cardrush.media/pokemon/ocha_products/81479.webp,150
マンムーex 【SR】{116/100}[SV9],I,116/100,SR,¥150,¥90,¥60,¥30,¥5,,¥150,https://files.cardrush.media/pokemon/ocha_products/63625.webp,150
マッギョex SR仕様【-】{758/742}[MC],J,758/742,-,¥150,¥90,¥60,¥30,¥5,,¥150,https://files.cardrush.media/pokemon/ocha_products/75869.webp,150
コライドンex ノーマル仕様【-】{425/742}[MC],J,425/742,-,¥150,¥90,¥60,¥30,¥5,,¥150,https://files.cardrush.media/pokemon/ocha_products/75424.webp,150
メガサメハダーex 【SR】{098/080}[M2],I,098/080,SR,¥150,¥90,¥60,¥30,¥5,,¥150,https://files.cardrush.media/pokemon/ocha_products/71701.webp,150
メガアブソルex 【SR】{079/063}[M1L],I,079/063,SR,¥150,¥90,¥60,¥30,¥5,,¥150,https://files.cardrush.media/pokemon/ocha_products/70038.webp,150
サザンドラex 【SR】{163/086}[SV11W],I,163/086,SR,¥150,¥90,¥60,¥30,¥5,,¥150,https://files.cardrush.media/pokemon/ocha_products/67572.webp,150
リキキリンex 【SR】{088/071}[SV5M],H,088/071,SR,¥150,¥90,¥60,¥30,¥5,,¥150,https://files.cardrush.media/pokemon/ocha_products/53318.webp,150
イイネイヌex 【SR】{079/064}[SV6a],H,079/064,SR,¥150,¥90,¥60,¥30,¥5,,¥150,https://files.cardrush.media/pokemon/ocha_products/57368.webp,150
マシマシラex 【SR】{080/064}[SV6a],H,080/064,SR,¥150,¥90,¥60,¥30,¥5,,¥150,https://files.cardrush.media/pokemon/ocha_products/57369.webp,150
モモワロウex ノーマル仕様【-】{491/742}[MC],H,491/742,-,¥150,¥90,¥60,¥30,¥5,,¥150,https://files.cardrush.media/pokemon/ocha_products/75500.webp,150
メガクチートex 【SR】{080/063}[M1L],I,080/063,SR,¥150,¥90,¥60,¥30,¥5,,¥150,https://files.cardrush.media/pokemon/ocha_products/70039.webp,150
エンペルトex 【SR】{099/080}[M2],I,099/080,SR,¥150,¥90,¥60,¥30,¥5,,¥150,https://files.cardrush.media/pokemon/ocha_products/71702.webp,150
メガドリュウズex 【SR】{101/081}[M5],J,101/081,SR,¥150,¥90,¥60,¥30,¥5,,¥150,https://files.cardrush.media/pokemon/ocha_products/81482.webp,150
ミミズズex 【SR】{121/102}[SV7],H,121/102,SR,¥150,¥90,¥60,¥30,¥5,,¥150,https://files.cardrush.media/pokemon/ocha_products/58231.webp,150
ガチグマアカツキex ノーマル仕様【-】{625/742}[MC],H,625/742,-,¥150,¥90,¥60,¥30,¥5,,¥150,https://files.cardrush.media/pokemon/ocha_products/75656.webp,150
イーブイex 【RR】{126/187}[SV8a],H,126/187,RR,¥150,¥90,¥60,¥30,¥5,,¥150,https://files.cardrush.media/pokemon/ocha_products/61524.webp,150
カビゴンex RR仕様【-】{094/175}[SVM],H,094/175,-,¥150,¥90,¥60,¥30,¥5,,¥150,https://files.cardrush.media/pokemon/ocha_products/60863.webp,150
チラチーノex 【SR】{103/083}[M4],J,103/083,SR,¥150,¥90,¥60,¥30,¥5,,¥150,https://files.cardrush.media/pokemon/ocha_products/79888.webp,150
ファイアローex 【RR】{062/076}[M6],J,062/076,RR,¥150,¥90,¥60,¥30,¥5,,¥150,https://files.cardrush.media/pokemon/ocha_products/82897.webp,150
ノココッチex 【RR】{079/100}[SV9],I,079/100,RR,¥150,¥90,¥60,¥30,¥5,,¥150,https://files.cardrush.media/pokemon/ocha_products/63492.webp,150
パーフェクトミキサー ACE仕様【-】{014/022}[SVLS],H,014/022,-,¥150,¥90,¥60,¥30,¥5,,¥150,https://files.cardrush.media/pokemon/ocha_products/59294.webp,150
エネルギー回収 【SR】{104/083}[M4],J,104/083,SR,¥150,¥90,¥60,¥30,¥5,,¥150,https://files.cardrush.media/pokemon/ocha_products/79889.webp,150
ジャンボアイス 【SR】{105/083}[M4],J,105/083,SR,¥150,¥90,¥60,¥30,¥5,,¥150,https://files.cardrush.media/pokemon/ocha_products/79890.webp,150
なかよしポフィン 【SR】{081/063}[M1S],H,081/063,SR,¥150,¥90,¥60,¥30,¥5,,¥150,https://files.cardrush.media/pokemon/ocha_products/70069.webp,150
ポケモンいれかえ 【SR】{102/080}[M2],I,102/080,SR,¥150,¥90,¥60,¥30,¥5,,¥150,https://files.cardrush.media/pokemon/ocha_products/71705.webp,150
夜のタンカ 【SR】{083/063}[M1L],H,083/063,SR,¥150,¥90,¥60,¥30,¥5,,¥150,https://files.cardrush.media/pokemon/ocha_products/70042.webp,150
MCの盛り上げ 【SR】{100/076}[M6],J,100/076,SR,¥150,¥90,¥60,¥30,¥5,,¥150,https://files.cardrush.media/pokemon/ocha_products/83035.webp,150
ギリー 【SR】{101/076}[M6],J,101/076,SR,¥150,¥90,¥60,¥30,¥5,,¥150,https://files.cardrush.media/pokemon/ocha_products/83036.webp,150
ゴヨウ 【SR】{086/066}[SV5a],H,086/066,SR,¥150,¥90,¥60,¥30,¥5,,¥150,https://files.cardrush.media/pokemon/ocha_products/54806.webp,150
サビ組のしたっぱ 【SR】{110/081}[M5],J,110/081,SR,¥150,¥90,¥60,¥30,¥5,,¥150,https://files.cardrush.media/pokemon/ocha_products/81491.webp,150
ひふきやろう 【SR】{107/080}[M2],I,107/080,SR,¥150,¥90,¥60,¥30,¥5,,¥150,https://files.cardrush.media/pokemon/ocha_products/71710.webp,150
ビワ 【SR】{091/071}[SV5K],H,091/071,SR,¥150,¥90,¥60,¥30,¥5,,¥150,https://files.cardrush.media/pokemon/ocha_products/53292.webp,150
フウとランの修行 【SR】{103/076}[M6],J,103/076,SR,¥150,¥90,¥60,¥30,¥5,,¥150,https://files.cardrush.media/pokemon/ocha_products/83038.webp,150
ポケモンセンターのお姉さん 【-】{116/127}[sD],I,116/127,-,¥150,¥90,¥60,¥30,¥5,,¥150,https://files.cardrush.media/pokemon/ocha_products/14271.webp,150
ポケモンセンターのお姉さん 【-】{021/023}[sA],I,021/023,-,¥150,¥90,¥60,¥30,¥5,,¥150,https://files.cardrush.media/pokemon/ocha_products/6720.webp,150
ポケモンセンターのお姉さん 【-】{022/024}[sA],I,022/024,-,¥150,¥90,¥60,¥30,¥5,,¥150,https://files.cardrush.media/pokemon/ocha_products/6801.webp,150
ポケモンセンターのお姉さん 【U】{078/080}[その他],I,078/080,U,¥150,¥90,¥60,¥30,¥5,,¥150,https://files.cardrush.media/pokemon/ocha_products/3662.webp,150
ポケモンセンターのお姉さん 【-】{027/031}[SMK],I,027/031,-,¥150,¥90,¥60,¥30,¥5,,¥150,https://files.cardrush.media/pokemon/ocha_products/3042.webp,150
ポケモンセンターのお姉さん ライチュウマークいり【-】{050/051}[SML],I,050/051,-,¥150,¥90,¥60,¥30,¥5,,¥150,https://files.cardrush.media/pokemon/ocha_products/3564.webp,150
ポケモンセンターのお姉さん 【-】{070/072}[その他],I,070/072,-,¥150,¥90,¥60,¥30,¥5,,¥150,https://files.cardrush.media/pokemon/ocha_products/3663.webp,150
ミツルの思いやり 【SR】{085/063}[M1S],I,085/063,SR,¥150,¥90,¥60,¥30,¥5,,¥150,https://files.cardrush.media/pokemon/ocha_products/70073.webp,150
なみのりビーチ 【SR】{112/083}[M4],J,112/083,SR,¥150,¥90,¥60,¥30,¥5,,¥150,https://files.cardrush.media/pokemon/ocha_products/79897.webp,150
プリズムタワー 【SR】{113/083}[M4],J,113/083,SR,¥150,¥90,¥60,¥30,¥5,,¥150,https://files.cardrush.media/pokemon/ocha_products/79898.webp,150
ワタッコ 【S】{197/190}[SV4a],G,197/190,S,¥150,¥90,¥60,¥30,¥5,,¥150,https://files.cardrush.media/pokemon/ocha_products/50926.webp,150
ウミトリオ 【S】{227/190}[SV4a],G,227/190,S,¥150,¥90,¥60,¥30,¥5,,¥150,https://files.cardrush.media/pokemon/ocha_products/50956.webp,150
ビリリダマ 【S】{238/190}[SV4a],G,238/190,S,¥150,¥90,¥60,¥30,¥5,,¥150,https://files.cardrush.media/pokemon/ocha_products/50967.webp,150
ラルトス 【S】{258/190}[SV4a],G,258/190,S,¥150,¥90,¥60,¥30,¥5,,¥150,https://files.cardrush.media/pokemon/ocha_products/50987.webp,150
デカヌチャン 【S】{273/190}[SV4a],G,273/190,S,¥150,¥90,¥60,¥30,¥5,,¥150,https://files.cardrush.media/pokemon/ocha_products/51002.webp,150
キョジオーン 【S】{285/190}[SV4a],G,285/190,S,¥150,¥90,¥60,¥30,¥5,,¥150,https://files.cardrush.media/pokemon/ocha_products/51014.webp,150
ペリッパー 【S】{312/190}[SV4a],G,312/190,S,¥150,¥90,¥60,¥30,¥5,,¥150,https://files.cardrush.media/pokemon/ocha_products/51041.webp,150
インテレオン 【S】{226/190}[s4a],D,226/190,S,¥150,¥90,¥60,¥30,¥5,,¥150,https://files.cardrush.media/pokemon/ocha_products/17375.webp,150
カムカメ 【S】{227/190}[s4a],D,227/190,S,¥150,¥90,¥60,¥30,¥5,,¥150,https://files.cardrush.media/pokemon/ocha_products/17376.webp,150
カジリガメ 【S】{228/190}[s4a],D,228/190,S,¥150,¥90,¥60,¥30,¥5,,¥150,https://files.cardrush.media/pokemon/ocha_products/17377.webp,150
カマスジョー 【S】{231/190}[s4a],D,231/190,S,¥150,¥90,¥60,¥30,¥5,,¥150,https://files.cardrush.media/pokemon/ocha_products/17380.webp,150
ガラルポニータ 【S】{246/190}[s4a],D,246/190,S,¥150,¥90,¥60,¥30,¥5,,¥150,https://files.cardrush.media/pokemon/ocha_products/17395.webp,150
ガラルギャロップ 【S】{247/190}[s4a],D,247/190,S,¥150,¥90,¥60,¥30,¥5,,¥150,https://files.cardrush.media/pokemon/ocha_products/17396.webp,150
ガラルデスバーン 【S】{265/190}[s4a],D,265/190,S,¥150,¥90,¥60,¥30,¥5,,¥150,https://files.cardrush.media/pokemon/ocha_products/17414.webp,150
ガラルニャイキング 【S】{286/190}[s4a],D,286/190,S,¥150,¥90,¥60,¥30,¥5,,¥150,https://files.cardrush.media/pokemon/ocha_products/17435.webp,150
ガラルマッギョ 【S】{287/190}[s4a],D,287/190,S,¥150,¥90,¥60,¥30,¥5,,¥150,https://files.cardrush.media/pokemon/ocha_products/17436.webp,150
コアルヒー 【S】{294/190}[s4a],D,294/190,S,¥150,¥90,¥60,¥30,¥5,,¥150,https://files.cardrush.media/pokemon/ocha_products/17443.webp,150
ヨクバリス 【S】{299/190}[s4a],D,299/190,S,¥150,¥90,¥60,¥30,¥5,,¥150,https://files.cardrush.media/pokemon/ocha_products/17448.webp,150
ウールー 【S】{302/190}[s4a],D,302/190,S,¥150,¥90,¥60,¥30,¥5,,¥150,https://files.cardrush.media/pokemon/ocha_products/17451.webp,150
カラマネロ 【S】{178/150}[sm8b],B,178/150,S,¥150,¥90,¥60,¥30,¥5,,¥150,https://files.cardrush.media/pokemon/ocha_products/2224.webp,150
マッシブーン 【S】{184/150}[sm8b],B,184/150,S,¥150,¥90,¥60,¥30,¥5,,¥150,https://files.cardrush.media/pokemon/ocha_products/2413.webp,150
イベルタル 【A】{117/190}[s4a],D,117/190,A,¥150,¥90,¥60,¥30,¥5,,¥150,https://files.cardrush.media/pokemon/ocha_products/17100.webp,150
ラプラスex 【P】{002/M-P}[その他],I,002/M-P,P,¥150,¥90,¥60,¥30,¥5,,¥150,https://files.cardrush.media/pokemon/ocha_products/69963.webp,150
リザード 【P】{045/M-P}[PROMO],I,045/M-P,P,¥150,¥90,¥60,¥30,¥5,,¥150,https://files.cardrush.media/pokemon/ocha_products/72589.webp,150
コソクムシ 【P】{138/M-P}[PROMO],J,138/M-P,P,¥150,¥90,¥60,¥30,¥5,,¥150,https://files.cardrush.media/pokemon/ocha_products/82515.webp,150
ウインディ 【P】{003/SV-P}[PROMO],G,003/SV-P,P,¥150,¥90,¥60,¥30,¥5,,¥150,https://files.cardrush.media/pokemon/ocha_products/39459.webp,150
ズルズキン 【P】{158/SV-P}[PROMO],H,158/SV-P,P,¥150,¥90,¥60,¥30,¥5,,¥150,https://files.cardrush.media/pokemon/ocha_products/55581.webp,150
スイクン 【P】{194/SV-P}[PROMO],H,194/SV-P,P,¥150,¥90,¥60,¥30,¥5,,¥150,https://files.cardrush.media/pokemon/ocha_products/60985.webp,150
フワンテ 【P】{234/SV-P}[PROMO],I,234/SV-P,P,¥150,¥90,¥60,¥30,¥5,,¥150,https://files.cardrush.media/pokemon/ocha_products/63841.webp,150
カキツバタ 【P】{240/SV-P}[PROMO],H,240/SV-P,P,¥150,¥90,¥60,¥30,¥5,,¥150,https://files.cardrush.media/pokemon/ocha_products/64157.webp,150
オーダイル 【P】{241/SV-P}[その他],I,241/SV-P,P,¥150,¥90,¥60,¥30,¥5,,¥150,https://files.cardrush.media/pokemon/ocha_products/64705.webp,150
きずぐすり 【P】{273/SV-P}[PROMO],I,273/SV-P,P,¥150,¥90,¥60,¥30,¥5,,¥150,https://files.cardrush.media/pokemon/ocha_products/69244.webp,150
フシギダネ 【P】{287/S-P}[その他],F,287/S-P,P,¥150,¥90,¥60,¥30,¥5,,¥150,https://files.cardrush.media/pokemon/ocha_products/35831.webp,150
ヒトカゲ 【P】{289/S-P}[その他],F,289/S-P,P,¥150,¥90,¥60,¥30,¥5,,¥150,https://files.cardrush.media/pokemon/ocha_products/35832.webp,150
ゼニガメ 【P】{290/S-P}[その他],F,290/S-P,P,¥150,¥90,¥60,¥30,¥5,,¥150,https://files.cardrush.media/pokemon/ocha_products/35833.webp,150
フーパ 【P】{081/S-P}[その他],D,081/S-P,P,¥150,¥90,¥60,¥30,¥5,,¥150,https://files.cardrush.media/pokemon/ocha_products/13934.webp,150
ジジーロン R仕様【P】{212/S-P}[その他],E,212/S-P,P,¥150,¥90,¥60,¥30,¥5,,¥150,https://files.cardrush.media/pokemon/ocha_products/21496.webp,150
ダンデ 【P】{165/S-P}[その他],D,165/S-P,P,¥150,¥90,¥60,¥30,¥5,,¥150,https://files.cardrush.media/pokemon/ocha_products/19700.webp,150
ホップ 【P】{058/S-P}[その他],D,058/S-P,P,¥150,¥90,¥60,¥30,¥5,,¥150,https://files.cardrush.media/pokemon/ocha_products/19889.webp,150
ふしぎなアメ 【P】{052/S-P}[その他],G,052/S-P,P,¥150,¥90,¥60,¥30,¥5,,¥150,https://files.cardrush.media/pokemon/ocha_products/19884.webp,150
ジュナイパー 【P】{028/SM-P}[その他],A,028/SM-P,P,¥150,¥90,¥60,¥30,¥5,,¥150,https://files.cardrush.media/pokemon/ocha_products/19902.webp,150
カプ・コケコ 【P】{047/SM-P}[その他],A,047/SM-P,P,¥150,¥90,¥60,¥30,¥5,,¥150,https://files.cardrush.media/pokemon/ocha_products/365.webp,150
アローラコラッタ 【P】{160/SM-P}[その他],B,160/SM-P,P,¥150,¥90,¥60,¥30,¥5,,¥150,https://files.cardrush.media/pokemon/ocha_products/7391.webp,150
タイプ:ヌル 【P】{120/SM-P}[その他],A,120/SM-P,P,¥150,¥90,¥60,¥30,¥5,,¥150,https://files.cardrush.media/pokemon/ocha_products/839.webp,150
クチナシ 【P】{251/SM-P}[その他],B,251/SM-P,P,¥150,¥90,¥60,¥30,¥5,,¥150,https://files.cardrush.media/pokemon/ocha_products/2018.webp,150
イオルブV 【SR】{101/100}[s4],D,101/100,SR,¥150,¥90,¥60,¥30,¥5,,¥150,https://files.cardrush.media/pokemon/ocha_products/14589.webp,150
ワタシラガV 【SR】{097/096}[S2],D,097/096,SR,¥150,¥90,¥60,¥30,¥5,,¥150,https://files.cardrush.media/pokemon/ocha_products/7543.webp,150
アップリューV 【SR】{071/070}[S5I],E,071/070,SR,¥150,¥90,¥60,¥30,¥5,,¥150,https://files.cardrush.media/pokemon/ocha_products/18230.webp,150
マフォクシーV 【SR】{101/100}[S11],F,101/100,SR,¥150,¥90,¥60,¥30,¥5,,¥150,https://files.cardrush.media/pokemon/ocha_products/36368.webp,150
マルヤクデV 【SR】{072/070}[S2a],D,072/070,SR,¥150,¥90,¥60,¥30,¥5,,¥150,https://files.cardrush.media/pokemon/ocha_products/13173.webp,150
カジリガメV 【SR】{102/100}[s3],D,102/100,SR,¥150,¥90,¥60,¥30,¥5,,¥150,https://files.cardrush.media/pokemon/ocha_products/13916.webp,150
カプ・コケコV 【SR】{072/070}[S5I],E,072/070,SR,¥150,¥90,¥60,¥30,¥5,,¥150,https://files.cardrush.media/pokemon/ocha_products/18232.webp,150
パルスワンV 【SR】{074/070}[s1a],D,074/070,SR,¥150,¥90,¥60,¥30,¥5,,¥150,https://files.cardrush.media/pokemon/ocha_products/7358.webp,150
パッチラゴンV 【SR】{072/070}[S5a],E,072/070,SR,¥150,¥90,¥60,¥30,¥5,,¥150,https://files.cardrush.media/pokemon/ocha_products/18989.webp,150
レジエレキV 【SR】{101/098}[S12],F,101/098,SR,¥150,¥90,¥60,¥30,¥5,,¥150,https://files.cardrush.media/pokemon/ocha_products/37603.webp,150
ゴルーグV 【SR】{069/067}[S7D],E,069/067,SR,¥150,¥90,¥60,¥30,¥5,,¥150,https://files.cardrush.media/pokemon/ocha_products/21446.webp,150
ガラルサニゴーンV 【SR】{103/100}[s3],D,103/100,SR,¥150,¥90,¥60,¥30,¥5,,¥150,https://files.cardrush.media/pokemon/ocha_products/13917.webp,150
イエッサンV 【SR】{063/060}[s1H],D,063/060,SR,¥150,¥90,¥60,¥30,¥5,,¥150,https://files.cardrush.media/pokemon/ocha_products/7035.webp,150
チャーレムV 【SR】{071/067}[S7R],E,071/067,SR,¥150,¥90,¥60,¥30,¥5,,¥150,https://files.cardrush.media/pokemon/ocha_products/21471.webp,150
ヒスイジュナイパーV 【SR】{077/067}[S9a],F,077/067,SR,¥150,¥90,¥60,¥30,¥5,,¥150,https://files.cardrush.media/pokemon/ocha_products/33701.webp,150
セキタンザンV 【SR】{080/076}[s3a],D,080/076,SR,¥150,¥90,¥60,¥30,¥5,,¥150,https://files.cardrush.media/pokemon/ocha_products/14141.webp,150
サダイジャV 【SR】{075/070}[s1a],D,075/070,SR,¥150,¥90,¥60,¥30,¥5,,¥150,https://files.cardrush.media/pokemon/ocha_products/7359.webp,150
サダイジャV 【SR】{076/070}[S6H],E,076/070,SR,¥150,¥90,¥60,¥30,¥5,,¥150,https://files.cardrush.media/pokemon/ocha_products/20196.webp,150
オトスパスV 【SR】{075/070}[S2a],D,075/070,SR,¥150,¥90,¥60,¥30,¥5,,¥150,https://files.cardrush.media/pokemon/ocha_products/13176.webp,150
タイレーツV 【SR】{102/096}[S2],D,102/096,SR,¥150,¥90,¥60,¥30,¥5,,¥150,https://files.cardrush.media/pokemon/ocha_products/7548.webp,150
イシヘンジンV 【SR】{064/060}[s1W],D,064/060,SR,¥150,¥90,¥60,¥30,¥5,,¥150,https://files.cardrush.media/pokemon/ocha_products/7020.webp,150
カラマネロV 【SR】{103/096}[S2],D,103/096,SR,¥150,¥90,¥60,¥30,¥5,,¥150,https://files.cardrush.media/pokemon/ocha_products/7549.webp,150
ダイオウドウV 【SR】{104/096}[S2],D,104/096,SR,¥150,¥90,¥60,¥30,¥5,,¥150,https://files.cardrush.media/pokemon/ocha_products/7550.webp,150
オンバーンV 【SR】{073/067}[S7D],E,073/067,SR,¥150,¥90,¥60,¥30,¥5,,¥150,https://files.cardrush.media/pokemon/ocha_products/21450.webp,150
ムーランドV 【SR】{078/070}[S5I],E,078/070,SR,¥150,¥90,¥60,¥30,¥5,,¥150,https://files.cardrush.media/pokemon/ocha_products/18242.webp,150
バイウールーV 【SR】{076/070}[s1a],D,076/070,SR,¥150,¥90,¥60,¥30,¥5,,¥150,https://files.cardrush.media/pokemon/ocha_products/7360.webp,150
フォレトスex 【SR】{084/071}[SV2D],G,084/071,SR,¥150,¥90,¥60,¥30,¥5,,¥150,https://files.cardrush.media/pokemon/ocha_products/41846.webp,150
パオジアンex 【SR】{085/071}[SV2P],G,085/071,SR,¥150,¥90,¥60,¥30,¥5,,¥150,https://files.cardrush.media/pokemon/ocha_products/41819.webp,150
ハラバリーex 【SR】{086/071}[SV2D],G,086/071,SR,¥150,¥90,¥60,¥30,¥5,,¥150,https://files.cardrush.media/pokemon/ocha_products/41848.webp,150
ジュペッタex 【SR】{095/078}[SV1V],G,095/078,SR,¥150,¥90,¥60,¥30,¥5,,¥150,https://files.cardrush.media/pokemon/ocha_products/39546.webp,150
ビークインex 【SR】{123/108}[SV3],G,123/108,SR,¥150,¥90,¥60,¥30,¥5,,¥150,https://files.cardrush.media/pokemon/ocha_products/45914.webp,150
デスカーンex 【SR】{082/066}[SV4K],G,082/066,SR,¥150,¥90,¥60,¥30,¥5,,¥150,https://files.cardrush.media/pokemon/ocha_products/49645.webp,150
テツノブジンex 【SR】{080/066}[SV4M],G,080/066,SR,¥150,¥90,¥60,¥30,¥5,,¥150,https://files.cardrush.media/pokemon/ocha_products/49672.webp,150
トドロクツキex 【SR】{084/066}[SV4K],G,084/066,SR,¥150,¥90,¥60,¥30,¥5,,¥150,https://files.cardrush.media/pokemon/ocha_products/49647.webp,150
テツノワダチex 【SR】{096/078}[SV1V],G,096/078,SR,¥150,¥90,¥60,¥30,¥5,,¥150,https://files.cardrush.media/pokemon/ocha_products/39547.webp,150
サーフゴーex 【SR】{079/062}[SV3a],G,079/062,SR,¥150,¥90,¥60,¥30,¥5,,¥150,https://files.cardrush.media/pokemon/ocha_products/47868.webp,150
チルタリスex 【SR】{083/066}[SV4M],G,083/066,SR,¥150,¥90,¥60,¥30,¥5,,¥150,https://files.cardrush.media/pokemon/ocha_products/49675.webp,150
オンバーンex 【SR】{089/071}[SV2D],G,089/071,SR,¥150,¥90,¥60,¥30,¥5,,¥150,https://files.cardrush.media/pokemon/ocha_products/41851.webp,150
イキリンコex 【SR】{089/071}[SV2P],G,089/071,SR,¥150,¥90,¥60,¥30,¥5,,¥150,https://files.cardrush.media/pokemon/ocha_products/41823.webp,150
アクロマの実験 【SR】{113/100}[S11],F,113/100,SR,¥150,¥90,¥60,¥30,¥5,,¥150,https://files.cardrush.media/pokemon/ocha_products/36380.webp,150
エール団のしたっぱ 【SR】{067/060}[s1H],D,067/060,SR,¥150,¥90,¥60,¥30,¥5,,¥150,https://files.cardrush.media/pokemon/ocha_products/7039.webp,150
カブ 【SR】{257/184}[S8b],D,257/184,SR,¥150,¥90,¥60,¥30,¥5,,¥150,https://files.cardrush.media/pokemon/ocha_products/23033.webp,150
キャンプファイヤー 【SR】{113/100}[S9],F,113/100,SR,¥150,¥90,¥60,¥30,¥5,,¥150,https://files.cardrush.media/pokemon/ocha_products/24425.webp,150
コック 【SR】{260/184}[S8b],E,260/184,SR,¥150,¥90,¥60,¥30,¥5,,¥150,https://files.cardrush.media/pokemon/ocha_products/23036.webp,150
ジムトレーナー 【SR】{192/190}[s4a],D,192/190,SR,¥150,¥90,¥60,¥30,¥5,,¥150,https://files.cardrush.media/pokemon/ocha_products/17341.webp,150
ジュン SR仕様【-】{418/414}[SI],F,418/414,-,¥150,¥90,¥60,¥30,¥5,,¥150,https://files.cardrush.media/pokemon/ocha_products/23759.webp,150
スパーク 【HR】{088/071}[S10b],F,088/071,HR,¥150,¥90,¥60,¥30,¥5,,¥150,https://files.cardrush.media/pokemon/ocha_products/35824.webp,150
セキ 【HR】{083/067}[S10D],F,083/067,HR,¥150,¥90,¥60,¥30,¥5,,¥150,https://files.cardrush.media/pokemon/ocha_products/34751.webp,150
セキ 【SR】{077/067}[S10D],F,077/067,SR,¥150,¥90,¥60,¥30,¥5,,¥150,https://files.cardrush.media/pokemon/ocha_products/34745.webp,150
チェレンの気くばり 【HR】{123/100}[S9],F,123/100,HR,¥150,¥90,¥60,¥30,¥5,,¥150,https://files.cardrush.media/pokemon/ocha_products/24435.webp,150
トウキ 【SR】{084/070}[S5a],E,084/070,SR,¥150,¥90,¥60,¥30,¥5,,¥150,https://files.cardrush.media/pokemon/ocha_products/19001.webp,150
ネジキ 【HR】{123/100}[S11],F,123/100,HR,¥150,¥90,¥60,¥30,¥5,,¥150,https://files.cardrush.media/pokemon/ocha_products/36390.webp,150
パルデアの学生 【SR】{345/190}[SV4a],G,345/190,SR,¥150,¥90,¥60,¥30,¥5,,¥150,https://files.cardrush.media/pokemon/ocha_products/51074.webp,150
ピーニャ 【SR】{091/071}[SV2P],G,091/071,SR,¥150,¥90,¥60,¥30,¥5,,¥150,https://files.cardrush.media/pokemon/ocha_products/41825.webp,150
フトゥー博士のシナリオ 【SR】{086/066}[SV4M],G,086/066,SR,¥150,¥90,¥60,¥30,¥5,,¥150,https://files.cardrush.media/pokemon/ocha_products/49678.webp,150
ブランシェ 【SR】{083/071}[S10b],F,083/071,SR,¥150,¥90,¥60,¥30,¥5,,¥150,https://files.cardrush.media/pokemon/ocha_products/35827.webp,150
マーレイン 【SR】{062/054}[SM9b],C,062/054,SR,¥150,¥90,¥60,¥30,¥5,,¥150,https://files.cardrush.media/pokemon/ocha_products/3124.webp,150
ミクリ 【HR】{091/068}[S11a],F,091/068,HR,¥150,¥90,¥60,¥30,¥5,,¥150,https://files.cardrush.media/pokemon/ocha_products/37030.webp,150
ローズ 【SR】{110/100}[s3],D,110/100,SR,¥150,¥90,¥60,¥30,¥5,,¥150,https://files.cardrush.media/pokemon/ocha_products/13924.webp,150
ローズ 【SR】{199/190}[s4a],D,199/190,SR,¥150,¥90,¥60,¥30,¥5,,¥150,https://files.cardrush.media/pokemon/ocha_products/17348.webp,150
博士の研究/ウィロー博士 【SR】{082/071}[S10b],G,082/071,SR,¥150,¥90,¥60,¥30,¥5,,¥150,https://files.cardrush.media/pokemon/ocha_products/35825.webp,150
博士の研究/オーリム博士 【SR】{099/078}[SV1S],G,099/078,SR,¥150,¥90,¥60,¥30,¥5,,¥150,https://files.cardrush.media/pokemon/ocha_products/39520.webp,150
勇気のおまもり 【UR】{134/102}[SV7],G,134/102,UR,¥150,¥90,¥60,¥30,¥5,,¥150,https://files.cardrush.media/pokemon/ocha_products/58244.webp,150
カプ・ブルルGX RR仕様【-】{005/021}[smC],A,005/021,-,¥150,¥90,¥60,¥30,¥5,,¥150,https://files.cardrush.media/pokemon/ocha_products/382.webp,150
カプ・ブルルGX 【RR】{007/049}[sm2+],A,007/049,RR,¥150,¥90,¥60,¥30,¥5,,¥150,https://files.cardrush.media/pokemon/ocha_products/384.webp,150
ウインディex 【RR】{016/078}[SV1V],G,016/078,RR,¥150,¥90,¥60,¥30,¥5,,¥150,https://files.cardrush.media/pokemon/ocha_products/39283.webp,150
ウルガモスGX 【RR】{013/095}[sm12],C,013/095,RR,¥150,¥90,¥60,¥30,¥5,,¥150,https://files.cardrush.media/pokemon/ocha_products/5394.webp,150
ホエルオーV 【-】{024/127}[sD],D,024/127,-,¥150,¥90,¥60,¥30,¥5,,¥150,https://files.cardrush.media/pokemon/ocha_products/14179.webp,150
シャワーズV 【RR】{015/069}[S6a],E,015/069,RR,¥150,¥90,¥60,¥30,¥5,,¥150,https://files.cardrush.media/pokemon/ocha_products/20665.webp,150
ゲッコウガV ノーマル仕様/ピカチュウマーク【-】{014/053}[SH],E,014/053,-,¥150,¥90,¥60,¥30,¥5,,¥150,https://files.cardrush.media/pokemon/ocha_products/21375.webp,150
カメックス 【-】{031/173}[sm12a],C,031/173,-,¥150,¥90,¥60,¥30,¥5,,¥150,https://files.cardrush.media/pokemon/ocha_products/5761.webp,150
ラプラスVMAX 【RRR】{032/190}[s4a],D,032/190,RRR,¥150,¥90,¥60,¥30,¥5,,¥150,https://files.cardrush.media/pokemon/ocha_products/17015.webp,150
ラグラージ 【R】{024/096}[sm7],B,024/096,R,¥150,¥90,¥60,¥30,¥5,,¥150,https://files.cardrush.media/pokemon/ocha_products/2049.webp,150
ラグラージ 【R】{021/069}[S6a],E,021/069,R,¥150,¥90,¥60,¥30,¥5,,¥150,https://files.cardrush.media/pokemon/ocha_products/20671.webp,150
ピカチュウ 【-】{034/139}[SVD],G,034/139,-,¥150,¥90,¥60,¥30,¥5,,¥150,https://files.cardrush.media/pokemon/ocha_products/44929.webp,150
メリープ 【C】{033/095}[sm8],B,033/095,C,¥150,¥90,¥60,¥30,¥5,,¥150,https://files.cardrush.media/pokemon/ocha_products/2132.webp,150
ゼラオラVSTAR RRR仕様【-】{007/020}[SPZ],F,007/020,-,¥150,¥90,¥60,¥30,¥5,,¥150,https://files.cardrush.media/pokemon/ocha_products/36312.webp,150
ルナアーラ◇ 【PR】{032/066}[sm5m],B,032/066,PR,¥150,¥90,¥60,¥30,¥5,,¥150,https://files.cardrush.media/pokemon/ocha_products/1634.webp,150
ルナアーラ◇ 【PR】{047/150}[sm8b],B,047/150,PR,¥150,¥90,¥60,¥30,¥5,,¥150,https://files.cardrush.media/pokemon/ocha_products/2482.webp,150
エーフィV 【RR】{035/069}[S6a],E,035/069,RR,¥150,¥90,¥60,¥30,¥5,,¥150,https://files.cardrush.media/pokemon/ocha_products/20685.webp,150
ゲンガー R仕様【-】{048/172}[S12a],F,048/172,-,¥150,¥90,¥60,¥30,¥5,,¥150,https://files.cardrush.media/pokemon/ocha_products/38132.webp,150
ミュウ 25th【-】{002/028}[S8a],E,002/028,-,¥150,¥90,¥60,¥30,¥5,,¥150,https://files.cardrush.media/pokemon/ocha_products/22347.webp,150
ミュウ 【R】{037/095}[sm10],C,037/095,R,¥150,¥90,¥60,¥30,¥5,,¥150,https://files.cardrush.media/pokemon/ocha_products/3332.webp,150
ミュウex ノーマル仕様【-】{006/044}[SVK],G,006/044,-,¥150,¥90,¥60,¥30,¥5,,¥150,https://files.cardrush.media/pokemon/ocha_products/58073.webp,150
ミュウex ノーマル仕様【-】{001/045}[SVN],G,001/045,-,¥150,¥90,¥60,¥30,¥5,,¥150,https://files.cardrush.media/pokemon/ocha_products/63565.webp,150
ギラティナ 【R】{016/054}[sm10a],C,016/054,R,¥150,¥90,¥60,¥30,¥5,,¥150,https://files.cardrush.media/pokemon/ocha_products/3958.webp,150
ギラティナ 【R】{017/050}[sm7b],B,017/050,R,¥150,¥90,¥60,¥30,¥5,,¥150,https://files.cardrush.media/pokemon/ocha_products/1738.webp,150
ニンフィア 【R】{035/071}[S10b],F,035/071,R,¥150,¥90,¥60,¥30,¥5,,¥150,https://files.cardrush.media/pokemon/ocha_products/35761.webp,150
ネクロズマあかつきのつばさGX 【RR】{049/150}[sm8b],B,049/150,RR,¥150,¥90,¥60,¥30,¥5,,¥150,https://files.cardrush.media/pokemon/ocha_products/2342.webp,150
ディアンシー◇ 【PR】{051/094}[sm6],B,051/094,PR,¥150,¥90,¥60,¥30,¥5,,¥150,https://files.cardrush.media/pokemon/ocha_products/926.webp,150
ディアンシー◇ 【PR】{058/150}[sm8b],B,058/150,PR,¥150,¥90,¥60,¥30,¥5,,¥150,https://files.cardrush.media/pokemon/ocha_products/2319.webp,150
ディアンシー◇ 【PR】{070/173}[sm12a],B,070/173,PR,¥150,¥90,¥60,¥30,¥5,,¥150,https://files.cardrush.media/pokemon/ocha_products/5828.webp,150
ルカリオV RR仕様【-】{004/021}[SLL],F,004/021,-,¥150,¥90,¥60,¥30,¥5,,¥150,https://files.cardrush.media/pokemon/ocha_products/33636.webp,150
カイリキーVMAX 【RRR】{033/067}[S10D],F,033/067,RRR,¥150,¥90,¥60,¥30,¥5,,¥150,https://files.cardrush.media/pokemon/ocha_products/34634.webp,150
カイリキーVMAX 【RRR】{072/172}[S12a],F,072/172,RRR,¥150,¥90,¥60,¥30,¥5,,¥150,https://files.cardrush.media/pokemon/ocha_products/38156.webp,150
ガブリアス 【R】{024/054}[sm10a],C,024/054,R,¥150,¥90,¥60,¥30,¥5,,¥150,https://files.cardrush.media/pokemon/ocha_products/3966.webp,150
マーシャドーGX 【RR】{064/150}[sm8b],A,064/150,RR,¥150,¥90,¥60,¥30,¥5,,¥150,https://files.cardrush.media/pokemon/ocha_products/2404.webp,150
マーシャドーGX 【RR】{033/051}[sm3N],A,033/051,RR,¥150,¥90,¥60,¥30,¥5,,¥150,https://files.cardrush.media/pokemon/ocha_products/1433.webp,150
ダークライV RR仕様【-】{007/020}[SLD],F,007/020,-,¥150,¥90,¥60,¥30,¥5,,¥150,https://files.cardrush.media/pokemon/ocha_products/33661.webp,150
ドンカラスGX 【RR】{056/095}[sm10],C,056/095,RR,¥150,¥90,¥60,¥30,¥5,,¥150,https://files.cardrush.media/pokemon/ocha_products/3351.webp,150
メルメタルV RR仕様【P】{291/S-P}[その他],F,291/S-P,P,¥150,¥90,¥60,¥30,¥5,,¥150,https://files.cardrush.media/pokemon/ocha_products/35836.webp,150
ハッサムV 【RR】{066/100}[s3],D,066/100,RR,¥150,¥90,¥60,¥30,¥5,,¥150,https://files.cardrush.media/pokemon/ocha_products/13305.webp,150
メタグロスGX ノーマル仕様【-】{082/131}[smH],A,082/131,-,¥150,¥90,¥60,¥30,¥5,,¥150,https://files.cardrush.media/pokemon/ocha_products/1520.webp,150
メタグロスVMAX 【RRR】{050/070}[S6K],E,050/070,RRR,¥150,¥90,¥60,¥30,¥5,,¥150,https://files.cardrush.media/pokemon/ocha_products/20129.webp,150
テッカグヤGX 【RR】{071/114}[sm4+],A,071/114,RR,¥150,¥90,¥60,¥30,¥5,,¥150,https://files.cardrush.media/pokemon/ocha_products/931.webp,150
ネクロズマたそがれのたてがみGX 【RR】{086/150}[sm8b],B,086/150,RR,¥150,¥90,¥60,¥30,¥5,,¥150,https://files.cardrush.media/pokemon/ocha_products/2345.webp,150
アローラキュウコンGX 【RR】{095/173}[sm12a],B,095/173,RR,¥150,¥90,¥60,¥30,¥5,,¥150,https://files.cardrush.media/pokemon/ocha_products/5870.webp,150
アローラキュウコンGX 【RR】{025/050}[sm7b],B,025/050,RR,¥150,¥90,¥60,¥30,¥5,,¥150,https://files.cardrush.media/pokemon/ocha_products/1744.webp,150
アローラナッシーGX 【RR】{037/050}[sm4A],A,037/050,RR,¥150,¥90,¥60,¥30,¥5,,¥150,https://files.cardrush.media/pokemon/ocha_products/181.webp,150
カイリュー 【R】{072/098}[S12],F,072/098,R,¥150,¥90,¥60,¥30,¥5,,¥150,https://files.cardrush.media/pokemon/ocha_products/37564.webp,150
チルタリスex 【RR】{046/066}[SV4M],G,046/066,RR,¥150,¥90,¥60,¥30,¥5,,¥150,https://files.cardrush.media/pokemon/ocha_products/49250.webp,150
ジャラランガGX 【RR】{041/050}[sm2K],A,041/050,RR,¥150,¥90,¥60,¥30,¥5,,¥150,https://files.cardrush.media/pokemon/ocha_products/708.webp,150
カビゴン 【R】{056/071}[S10b],F,056/071,R,¥150,¥90,¥60,¥30,¥5,,¥150,https://files.cardrush.media/pokemon/ocha_products/35782.webp,150
カビゴン 【R】{058/071}[S10a],F,058/071,R,¥150,¥90,¥60,¥30,¥5,,¥150,https://files.cardrush.media/pokemon/ocha_products/35282.webp,150
カビゴン 【-】{341/414}[SI],E,341/414,-,¥150,¥90,¥60,¥30,¥5,,¥150,https://files.cardrush.media/pokemon/ocha_products/23626.webp,150
ルギア 【-】{008/020}[sC],D,008/020,-,¥150,¥90,¥60,¥30,¥5,,¥150,https://files.cardrush.media/pokemon/ocha_products/7828.webp,150
ボーマンダVMAX 【RRR】{081/100}[s3],D,081/100,RRR,¥150,¥90,¥60,¥30,¥5,,¥150,https://files.cardrush.media/pokemon/ocha_products/13320.webp,150
アルセウスVSTAR ノーマル仕様【-】{010/021}[SVJL],F,010/021,-,¥150,¥90,¥60,¥30,¥5,,¥150,https://files.cardrush.media/pokemon/ocha_products/56016.webp,150
デカグースGX 【RR】{050/060}[sm1S],A,050/060,RR,¥150,¥90,¥60,¥30,¥5,,¥150,https://files.cardrush.media/pokemon/ocha_products/928.webp,150
スーパーポケモン回収 【P】{005/XY-P}[その他],A,005/XY-P,P,¥150,¥90,¥60,¥30,¥5,,¥150,https://files.cardrush.media/pokemon/ocha_products/739.webp,150
のぞきみレッドカード 【U】{047/050}[sm4S],A,047/050,U,¥150,¥90,¥60,¥30,¥5,,¥150,https://files.cardrush.media/pokemon/ocha_products/1012.webp,150
フィールドブロアー 【TR】{093/095}[sm9],A,093/095,TR,¥150,¥90,¥60,¥30,¥5,,¥150,https://files.cardrush.media/pokemon/ocha_products/2690.webp,150
火打石 【TR】{092/095}[sm10],B,092/095,TR,¥150,¥90,¥60,¥30,¥5,,¥150,https://files.cardrush.media/pokemon/ocha_products/3387.webp,150
エレキパワー 【TR】{052/055}[SM9a],B,052/055,TR,¥150,¥90,¥60,¥30,¥5,,¥150,https://files.cardrush.media/pokemon/ocha_products/2919.webp,150
ヒートファクトリー◇ 【PR】{093/095}[sm8],B,093/095,PR,¥150,¥90,¥60,¥30,¥5,,¥150,https://files.cardrush.media/pokemon/ocha_products/1902.webp,150
ヒートファクトリー◇ 【PR】{166/173}[sm12a],B,166/173,PR,¥150,¥90,¥60,¥30,¥5,,¥150,https://files.cardrush.media/pokemon/ocha_products/6004.webp,150
フシギダネ 【C】{001/024}[smP2],C,001/024,C,¥150,¥90,¥60,¥30,¥5,,¥150,https://files.cardrush.media/pokemon/ocha_products/4377.webp,150
テールナー 【P】{237/XY-P}[XY],PROMO,237/XY-P,P,¥100,¥50,¥20,¥10,¥1,,¥150,https://files.cardrush.media/pokemon/ocha_products/72408.webp,100
マタドガス 【P】{240/XY-P}[XY],PROMO,240/XY-P,P,¥100,¥50,¥20,¥10,¥1,,¥150,https://files.cardrush.media/pokemon/ocha_products/72410.webp,100
ヨーギラス 【P】{241/XY-P}[XY],PROMO,241/XY-P,P,¥100,¥50,¥20,¥10,¥1,,¥150,https://files.cardrush.media/pokemon/ocha_products/72411.webp,100
ヤンチャム 【P】{260/XY-P}[XY],PROMO,260/XY-P,P,¥100,¥50,¥20,¥10,¥1,,¥150,https://files.cardrush.media/pokemon/ocha_products/72421.webp,100
ドーミラー 【P】{242/XY-P}[XY],PROMO,242/XY-P,P,¥100,¥50,¥20,¥10,¥1,,¥150,https://files.cardrush.media/pokemon/ocha_products/72412.webp,100
シトロン 【P】{200/XY-P}[その他],EX,200/XY-P,P,¥100,¥50,¥20,¥10,¥1,,¥150,https://files.cardrush.media/pokemon/ocha_products/668.webp,100
ヤブクロン 【C】{039/080}[XY9],EX,039/080,C,¥100,¥50,¥20,¥10,¥1,,¥150,https://files.cardrush.media/pokemon/ocha_products/1537.webp,100
アイアント 【C】{050/080}[XY2],EX,050/080,C,¥100,¥50,¥20,¥10,¥1,,¥150,https://files.cardrush.media/pokemon/ocha_products/6374.webp,100
ダイブボール 【-】{111/171}[XY],EX,111/171,-,¥100,¥50,¥20,¥10,¥1,,¥150,https://files.cardrush.media/pokemon/ocha_products/843.webp,100
ダイブボール 【U】{062/070}[XY5緑],EX,062/070,U,¥100,¥50,¥20,¥10,¥1,,¥150,https://files.cardrush.media/pokemon/ocha_products/845.webp,100
ダイブボール 【-】{008/016}[XYf],EX,008/016,-,¥100,¥50,¥20,¥10,¥1,,¥150,https://files.cardrush.media/pokemon/ocha_products/844.webp,100
ダイブボール 【-】{029/049}[MMB青],EX,029/049,-,¥100,¥50,¥20,¥10,¥1,,¥150,https://files.cardrush.media/pokemon/ocha_products/841.webp,100
ダイブボール 【-】{016/041}[smG],EX,016/041,-,¥100,¥50,¥20,¥10,¥1,,¥150,https://files.cardrush.media/pokemon/ocha_products/842.webp,100
ねじれたスプーン 【U】{073/078}[XY10],EX,073/078,U,¥100,¥50,¥20,¥10,¥1,,¥150,https://files.cardrush.media/pokemon/ocha_products/1001.webp,100
フィールドブロアー 【P】{061/M-P}[その他],EX,061/M-P,P,¥100,¥50,¥20,¥10,¥1,,¥150,https://files.cardrush.media/pokemon/ocha_products/79041.webp,100
リピートボール 【U】{062/070}[XY5黄],EX,062/070,U,¥100,¥50,¥20,¥10,¥1,,¥150,https://files.cardrush.media/pokemon/ocha_products/1606.webp,100
レスキュースカーフ 【U】{049/050}[BW5],EX,049/050,U,¥100,¥50,¥20,¥10,¥1,,¥150,https://files.cardrush.media/pokemon/ocha_products/6233.webp,100
レスキュースカーフ 【-】{012/015}[その他],EX,012/015,-,¥100,¥50,¥20,¥10,¥1,,¥150,https://files.cardrush.media/pokemon/ocha_products/6234.webp,100
炎のトーチ 【U】{075/080}[XY2],EX,075/080,U,¥100,¥50,¥20,¥10,¥1,,¥150,https://files.cardrush.media/pokemon/ocha_products/1396.webp,100
活力剤 【-】{013/041}[smG],EX,013/041,-,¥100,¥50,¥20,¥10,¥1,,¥150,https://files.cardrush.media/pokemon/ocha_products/358.webp,100
退化スプレー 【U】{075/087}[CP6],EX,075/087,U,¥100,¥50,¥20,¥10,¥1,,¥150,https://files.cardrush.media/pokemon/ocha_products/831.webp,100
退化スプレー 【U】{067/078}[XY10],EX,067/078,U,¥100,¥50,¥20,¥10,¥1,,¥150,https://files.cardrush.media/pokemon/ocha_products/832.webp,100
アクロマ 【-】{012/016}[PBG],EX,012/016,-,¥100,¥50,¥20,¥10,¥1,,¥150,https://files.cardrush.media/pokemon/ocha_products/142.webp,100
アクロマ 【-】{035/048}[EXB01],EX,035/048,-,¥100,¥50,¥20,¥10,¥1,,¥150,https://files.cardrush.media/pokemon/ocha_products/6125.webp,100
アクロマ 【U】{064/070}[BW7青],EX,064/070,U,¥100,¥50,¥20,¥10,¥1,,¥150,https://files.cardrush.media/pokemon/ocha_products/145.webp,100
オカルトマニア 【-】{027/041}[smG],EX,027/041,-,¥100,¥50,¥20,¥10,¥1,,¥150,https://files.cardrush.media/pokemon/ocha_products/286.webp,100
オカルトマニア 【U】{077/081}[XY7],EX,077/081,U,¥100,¥50,¥20,¥10,¥1,,¥150,https://files.cardrush.media/pokemon/ocha_products/290.webp,100
オカルトマニア 【-】{140/171}[XY],EX,140/171,-,¥100,¥50,¥20,¥10,¥1,,¥150,https://files.cardrush.media/pokemon/ocha_products/287.webp,100
いたずらスコップ 【U】{072/080}[XY2],EX,072/080,U,¥100,¥50,¥20,¥10,¥1,,¥150,https://files.cardrush.media/pokemon/ocha_products/6228.webp,100
化石研究員 【U】{089/096}[XY3],EX,089/096,U,¥100,¥50,¥20,¥10,¥1,,¥150,https://files.cardrush.media/pokemon/ocha_products/353.webp,100
マウンテンリング 【U】{094/096}[XY3],EX,094/096,U,¥100,¥50,¥20,¥10,¥1,,¥150,https://files.cardrush.media/pokemon/ocha_products/1443.webp,100
灼熱の大地 【U】{069/070}[XY5黄],EX,069/070,U,¥100,¥50,¥20,¥10,¥1,,¥150,https://files.cardrush.media/pokemon/ocha_products/698.webp,100
灼熱の大地 【-】{018/019}[XYg],EX,018/019,-,¥100,¥50,¥20,¥10,¥1,,¥150,https://files.cardrush.media/pokemon/ocha_products/697.webp,100
灼熱の大地 【-】{046/049}[MMB赤],EX,046/049,-,¥100,¥50,¥20,¥10,¥1,,¥150,https://files.cardrush.media/pokemon/ocha_products/695.webp,100
灼熱の大地 【-】{157/171}[XY],EX,157/171,-,¥100,¥50,¥20,¥10,¥1,,¥150,https://files.cardrush.media/pokemon/ocha_products/696.webp,100
ポケモンいれかえ アチャモ/イシツブテ【-】{009/015}[PH-fr],-,009/015,-,¥100,¥50,¥20,¥10,¥1,,¥150,https://files.cardrush.media/pokemon/ocha_products/66182.webp,100
ポケモンリバース 【-】{049/052}[PS-1],-,049/052,-,¥100,¥50,¥20,¥10,¥1,,¥150,https://files.cardrush.media/pokemon/ocha_products/66183.webp,100
スーパーポケモン回収 【-】{046/052}[PS-1],-,046/052,-,¥100,¥50,¥20,¥10,¥1,,¥150,https://files.cardrush.media/pokemon/ocha_products/66194.webp,100
ワープポイント 【◆】{068/080}[ADEX],-,068/080,◆,¥100,¥50,¥20,¥10,¥1,,¥150,https://files.cardrush.media/pokemon/ocha_products/66179.webp,100
マツブサ 【-】{029/033}[AD-dm],-,029/033,-,¥100,¥50,¥20,¥10,¥1,,¥150,https://files.cardrush.media/pokemon/ocha_products/66220.webp,100
マユミのネットサーチ 【◆】{051/053}[AD2],-,051/053,◆,¥100,¥50,¥20,¥10,¥1,,¥150,https://files.cardrush.media/pokemon/ocha_products/66218.webp,100
オーキドはかせの研究 【◆】{078/082}[P1],-,078/082,◆,¥100,¥50,¥20,¥10,¥1,,¥150,https://files.cardrush.media/pokemon/ocha_products/66223.webp,100
ロケット団のミッション 【◆】{080/084}[P3],-,080/084,◆,¥100,¥50,¥20,¥10,¥1,,¥150,https://files.cardrush.media/pokemon/ocha_products/66225.webp,100
ホロンの農夫 【◆】{080/086}[P6],-,080/086,◆,¥100,¥50,¥20,¥10,¥1,,¥150,https://files.cardrush.media/pokemon/ocha_products/66233.webp,100
磁気嵐 【-】{019/019}[PVS-D],-,019/019,-,¥100,¥50,¥20,¥10,¥1,,¥150,https://files.cardrush.media/pokemon/ocha_products/66204.webp,100
古代塚 【◆】{079/083}[AD4],-,079/083,◆,¥100,¥50,¥20,¥10,¥1,,¥150,https://files.cardrush.media/pokemon/ocha_products/66202.webp,100
ホロンの廃墟 【◆】{083/086}[P6],-,083/086,◆,¥100,¥50,¥20,¥10,¥1,,¥150,https://files.cardrush.media/pokemon/ocha_products/66210.webp,100
ツワブキのプロジェクト 【-】{008/015}[その他],-,008/015,-,¥100,¥50,¥20,¥10,¥1,,¥150,https://files.cardrush.media/pokemon/ocha_products/84677.webp,100
ツワブキのプロジェクト 【-】{009/015}[その他],-,009/015,-,¥100,¥50,¥20,¥10,¥1,,¥150,https://files.cardrush.media/pokemon/ocha_products/84678.webp,100
ツワブキのプロジェクト 【-】{010/015}[その他],-,010/015,-,¥100,¥50,¥20,¥10,¥1,,¥150,https://files.cardrush.media/pokemon/ocha_products/84679.webp,100
ツワブキのプロジェクト 【-】{019/024}[その他],-,019/024,-,¥100,¥50,¥20,¥10,¥1,,¥150,https://files.cardrush.media/pokemon/ocha_products/84680.webp,100
ニシキのネットワーク 【-】{014/016}[その他],-,014/016,-,¥100,¥50,¥20,¥10,¥1,,¥150,https://files.cardrush.media/pokemon/ocha_products/84698.webp,100
ニシキのネットワーク 【-】{020/024}[その他],-,020/024,-,¥100,¥50,¥20,¥10,¥1,,¥150,https://files.cardrush.media/pokemon/ocha_products/84699.webp,100
ビリリダマ 【●】{035/084}[その他],-,035/084,●,¥100,¥50,¥20,¥10,¥1,,¥150,https://files.cardrush.media/pokemon/ocha_products/84685.webp,100
ラルトス 【-】{007/024}[その他],-,007/024,-,¥100,¥50,¥20,¥10,¥1,,¥150,https://files.cardrush.media/pokemon/ocha_products/84686.webp,100
イトマル 【●】{005/106}[その他],-,005/106,●,¥100,¥50,¥20,¥10,¥1,,¥150,https://files.cardrush.media/pokemon/ocha_products/84690.webp,100
マグマ団のドンメル 【-】{005/033}[その他],-,005/033,-,¥100,¥50,¥20,¥10,¥1,,¥150,https://files.cardrush.media/pokemon/ocha_products/84696.webp,100
マグマ団のバクーダ 【-】{006/033}[その他],-,006/033,-,¥100,¥50,¥20,¥10,¥1,,¥150,https://files.cardrush.media/pokemon/ocha_products/84697.webp,100
エイパム 【◆】{082/106}[その他],-,082/106,◆,¥100,¥50,¥20,¥10,¥1,,¥150,https://files.cardrush.media/pokemon/ocha_products/84700.webp,100
エネコ 【◆】{044/055}[その他],-,044/055,◆,¥100,¥50,¥20,¥10,¥1,,¥150,https://files.cardrush.media/pokemon/ocha_products/84701.webp,100
デルビル 【-】{004/020}[その他],-,004/020,-,¥100,¥50,¥20,¥10,¥1,,¥150,https://files.cardrush.media/pokemon/ocha_products/84702.webp,100
オムナイト 【◆】{023/080}[その他],-,023/080,◆,¥100,¥50,¥20,¥10,¥1,,¥150,https://files.cardrush.media/pokemon/ocha_products/84712.webp,100
カブト 【★】{053/086}[その他],-,053/086,★,¥100,¥50,¥20,¥10,¥1,,¥150,https://files.cardrush.media/pokemon/ocha_products/84713.webp,100
カブト 【◆】{025/080}[その他],-,025/080,◆,¥100,¥50,¥20,¥10,¥1,,¥150,https://files.cardrush.media/pokemon/ocha_products/84714.webp,100
キルリア 【-】{009/019}[その他],-,009/019,-,¥100,¥50,¥20,¥10,¥1,,¥150,https://files.cardrush.media/pokemon/ocha_products/84719.webp,100
キルリア 【-】{008/024}[その他],-,008/024,-,¥100,¥50,¥20,¥10,¥1,,¥150,https://files.cardrush.media/pokemon/ocha_products/84720.webp,100
ジュプトル 【-】{002/015}[その他],-,002/015,-,¥100,¥50,¥20,¥10,¥1,,¥150,https://files.cardrush.media/pokemon/ocha_products/84723.webp,100
ナックラー 【-】{008/018}[その他],-,008/018,-,¥100,¥50,¥20,¥10,¥1,,¥150,https://files.cardrush.media/pokemon/ocha_products/84728.webp,100
ナックラー 【-】{008/019}[その他],-,008/019,-,¥100,¥50,¥20,¥10,¥1,,¥150,https://files.cardrush.media/pokemon/ocha_products/84729.webp,100
メタング 【-】{012/019}[その他],-,012/019,-,¥100,¥50,¥20,¥10,¥1,,¥150,https://files.cardrush.media/pokemon/ocha_products/84738.webp,100
磁気嵐 【◆】{083/083}[その他],-,083/083,◆,¥100,¥50,¥20,¥10,¥1,,¥150,https://files.cardrush.media/pokemon/ocha_products/84744.webp,100
スバメδ-デルタ種 【-】{010/068}[その他],EX,010/068,-,¥100,¥50,¥20,¥10,¥1,,¥150,https://files.cardrush.media/pokemon/ocha_products/56643.webp,100
基本水エネルギー 【P】{081/SV-P}[その他],,081/SV-P,P,¥100,¥50,¥20,¥10,¥1,,¥150,https://files.cardrush.media/pokemon/ocha_products/46126.webp,100
基本闘エネルギー 【P】{084/SV-P}[その他],,084/SV-P,P,¥100,¥50,¥20,¥10,¥1,,¥150,https://files.cardrush.media/pokemon/ocha_products/46129.webp,100
基本悪エネルギー 【P】{085/SV-P}[その他],,085/SV-P,P,¥100,¥50,¥20,¥10,¥1,,¥150,https://files.cardrush.media/pokemon/ocha_products/46130.webp,100
基本鋼エネルギー 【P】{086/SV-P}[その他],,086/SV-P,P,¥100,¥50,¥20,¥10,¥1,,¥150,https://files.cardrush.media/pokemon/ocha_products/46131.webp,100
カイロス Classicキラ【-】{007/032}[CLF],-,007/032,-,¥100,¥50,¥20,¥10,¥1,,¥150,https://files.cardrush.media/pokemon/ocha_products/48985.webp,100
サンド Classicキラ【-】{008/032}[CLF],-,008/032,-,¥100,¥50,¥20,¥10,¥1,,¥150,https://files.cardrush.media/pokemon/ocha_products/48986.webp,100
ミルタンク Classicキラ【-】{017/032}[CLL],-,017/032,-,¥100,¥50,¥20,¥10,¥1,,¥150,https://files.cardrush.media/pokemon/ocha_products/49029.webp,100
スリーパー Classicキラ【-】{012/032}[CLK],-,012/032,-,¥100,¥50,¥20,¥10,¥1,,¥150,https://files.cardrush.media/pokemon/ocha_products/49058.webp,100
メタモン ジャンボカード【P】{S-P}[その他],,S-P,P,¥100,¥50,¥20,¥10,¥1,,¥150,https://files.cardrush.media/pokemon/ocha_products/39040.webp,100
フーパEX 【RR】{036/081}[XY7],EX,036/081,RR,¥100,¥50,¥20,¥10,¥1,,¥150,https://files.cardrush.media/pokemon/ocha_products/1205.webp,100
